18.677	0.0	0.0628127	-0.186806	0.924297	1.0	0.0274164	-0.155373	1.22398	2.0	-0.0139457	-0.110617	1.51587	3.0	0.000875205	-0.0472833	1.63992	4.0	-0.178951	-0.116377	1.41746	5.0	-0.245108	-0.153728	1.17116	6.0	-0.270729	-0.104106	0.896117	7.0	-0.277501	-0.107265	0.834211	8.0	0.177451	-0.113234	1.41678	9.0	0.24027	-0.164688	1.14592	10.0	0.272666	-0.0401155	0.919347	11.0	0.266784	-0.00902508	0.867492	12.0	-0.0288251	-0.156964	0.926416	13.0	-0.123422	0.0248676	0.564995	14.0	-0.117657	-0.0835369	0.167806	15.0	-0.169432	0.0122362	0.0887318	16.0	0.116378	-0.140008	0.923753	17.0	0.121662	-0.244988	0.481273	18.0	0.0961243	-0.322978	0.161614	19.0	0.0997673	-0.234678	0.0870627	20.0	-0.00247298	-0.124268	1.44401	21.0	-0.28043	-0.100751	0.767951	22.0	-0.312447	-0.104305	0.845959	23.0	0.267387	0.00121258	0.795175	24.0	0.283257	0.0216354	0.852503
18.712	0.0	0.0639453	-0.172822	0.92193	1.0	0.0269182	-0.135433	1.21934	2.0	-0.016776	-0.0838245	1.50858	3.0	-0.00375778	-0.00989425	1.62909	4.0	-0.179655	-0.0825428	1.4079	5.0	-0.250481	-0.14594	1.1612	6.0	-0.277157	-0.11273	0.896845	7.0	-0.285491	-0.128135	0.828305	8.0	0.174971	-0.0929271	1.41374	9.0	0.240523	-0.136494	1.15647	10.0	0.272446	-0.0236835	0.924261	11.0	0.266243	0.0166434	0.851976	12.0	-0.0276697	-0.141901	0.921965	13.0	-0.122687	0.0588805	0.568465	14.0	-0.117987	-0.000825812	0.180586	15.0	-0.160098	0.0931768	0.0840567	16.0	0.117275	-0.126976	0.92333	17.0	0.127864	-0.232755	0.481499	18.0	0.0941756	-0.29884	0.159187	19.0	0.109537	-0.209593	0.0844574	20.0	-0.00464759	-0.0992592	1.43741	21.0	-0.281371	-0.142193	0.755361	22.0	-0.319065	-0.125024	0.828269	23.0	0.268689	0.0285022	0.800078	24.0	0.263848	0.0592165	0.8772
18.744	0.0	0.0676006	-0.147859	0.921643	1.0	0.027636	-0.10878	1.21736	2.0	-0.0187107	-0.0567974	1.50537	3.0	-0.00883175	0.00979947	1.63187	4.0	-0.182406	-0.0636457	1.40757	5.0	-0.25691	-0.137102	1.15205	6.0	-0.284314	-0.129207	0.895141	7.0	-0.290233	-0.149501	0.829582	8.0	0.175242	-0.0635496	1.41138	9.0	0.240213	-0.10662	1.1522	10.0	0.268044	0.0248054	0.928436	11.0	0.261753	0.0455503	0.864821	12.0	-0.0237704	-0.117546	0.921261	13.0	-0.126256	0.090449	0.491073	14.0	-0.118865	0.090066	0.15835	15.0	-0.164111	0.20457	0.0876587	16.0	0.120279	-0.101894	0.923635	17.0	0.131767	-0.219865	0.486231	18.0	0.0933963	-0.258939	0.158768	19.0	0.151741	-0.196626	0.0688407	20.0	-0.00595335	-0.0722007	1.43447	21.0	-0.291299	-0.158462	0.756097	22.0	-0.32411	-0.142112	0.830654	23.0	0.270802	0.0533498	0.803835	24.0	0.271564	0.0692346	0.859295
18.777	0.0	0.0624481	-0.1055	0.921506	1.0	0.0185572	-0.0690504	1.21378	2.0	-0.0314731	-0.0187695	1.49858	3.0	-0.0223106	0.055019	1.62147	4.0	-0.188683	-0.0233381	1.39745	5.0	-0.26379	-0.123732	1.14841	6.0	-0.28989	-0.13557	0.894134	7.0	-0.29629	-0.172147	0.817608	8.0	0.170741	-0.0294337	1.40921	9.0	0.237319	-0.0713216	1.1484	10.0	0.265944	0.0470179	0.918188	11.0	0.254028	0.0782685	0.860351	12.0	-0.0319079	-0.074509	0.91962	13.0	-0.119754	0.101587	0.487287	14.0	-0.121848	0.18061	0.151734	15.0	-0.159829	0.289545	0.0829606	16.0	0.11769	-0.0600101	0.92504	17.0	0.152017	-0.183647	0.513082	18.0	0.11185	-0.259763	0.193827	19.0	0.136812	-0.176662	0.0822326	20.0	-0.0177952	-0.0338442	1.42848	21.0	-0.295269	-0.194662	0.753874	22.0	-0.327687	-0.163189	0.827319	23.0	0.251223	0.0985671	0.797719	24.0	0.250822	0.120188	0.883629
18.811	0.0	0.0611549	-0.0823054	0.919494	1.0	0.0140582	-0.0429657	1.21066	2.0	-0.0394344	0.00959427	1.49425	3.0	-0.032683	0.0825717	1.62079	4.0	-0.197594	0.000337601	1.3907	5.0	-0.271758	-0.109813	1.14335	6.0	-0.301511	-0.145688	0.892976	7.0	-0.304282	-0.176914	0.819881	8.0	0.162799	-0.000386887	1.40543	9.0	0.233175	-0.0439733	1.14726	10.0	0.267689	0.0758929	0.918746	11.0	0.248959	0.112786	0.854861	12.0	-0.0333905	-0.0530573	0.916058	13.0	-0.114687	0.115075	0.48624	14.0	-0.129241	0.241987	0.172983	15.0	-0.168604	0.388752	0.107044	16.0	0.116458	-0.0353801	0.924776	17.0	0.154518	-0.125177	0.61203	18.0	0.129979	-0.254887	0.184023	19.0	0.0545279	-0.0964128	0.172331	20.0	-0.0248823	-0.00598127	1.42445	21.0	-0.306409	-0.217115	0.751173	22.0	-0.335996	-0.169751	0.835067	23.0	0.243368	0.133317	0.782771	24.0	0.248423	0.164423	0.841673
18.845	0.0	0.0535737	-0.0448046	0.91591	1.0	0.000881309	-0.00326181	1.20428	2.0	-0.0584653	0.051851	1.48484	3.0	-0.0503264	0.117254	1.62001	4.0	-0.207565	0.0427207	1.37963	5.0	-0.284773	-0.0778565	1.13538	6.0	-0.306483	-0.144936	0.892653	7.0	-0.312312	-0.180685	0.812472	8.0	0.146501	0.0423121	1.40065	9.0	0.228109	-0.00394766	1.14217	10.0	0.261039	0.120752	0.915756	11.0	0.246371	0.142367	0.849022	12.0	-0.0408171	-0.0156631	0.909452	13.0	-0.10763	0.139196	0.484563	14.0	-0.129961	0.258974	0.169122	15.0	-0.16962	0.406582	0.104607	16.0	0.108474	0.00219401	0.92421	17.0	0.159053	-0.110976	0.625591	18.0	0.134628	-0.239699	0.197188	19.0	0.0573951	-0.0825426	0.182454	20.0	-0.04242	0.0355923	1.41583	21.0	-0.291063	-0.231282	0.740517	22.0	-0.344328	-0.17391	0.823436	23.0	0.247181	0.156991	0.788615	24.0	0.204128	0.170902	0.835117
18.878	0.0	0.0536056	-0.0278753	0.910482	1.0	-0.00422064	0.0117335	1.19993	2.0	-0.0685576	0.0657662	1.48146	3.0	-0.0577135	0.125524	1.61936	4.0	-0.218	0.0579771	1.37512	5.0	-0.288799	-0.0634217	1.12964	6.0	-0.31505	-0.140039	0.89069	7.0	-0.317823	-0.186722	0.8093	8.0	0.13841	0.0601461	1.40086	9.0	0.226981	0.00921038	1.14465	10.0	0.260099	0.136417	0.919539	11.0	0.248875	0.165196	0.850345	12.0	-0.0422078	0.00388399	0.904845	13.0	-0.104152	0.170064	0.488716	14.0	-0.130682	0.263513	0.165723	15.0	-0.165679	0.412797	0.102533	16.0	0.109609	0.0166008	0.918217	17.0	0.167037	-0.0929781	0.619602	18.0	0.131371	-0.160896	0.305422	19.0	0.0538951	-0.0104978	0.266551	20.0	-0.0512402	0.0497267	1.4122	21.0	-0.311185	-0.230645	0.750425	22.0	-0.353819	-0.175459	0.814364	23.0	0.249591	0.179961	0.78542	24.0	0.246622	0.214176	0.875047
18.912	0.0	0.0443017	0.0283546	0.902428	1.0	-0.0231581	0.0650951	1.19452	2.0	-0.0963535	0.115199	1.47896	3.0	-0.0889754	0.17351	1.61911	4.0	-0.246462	0.106701	1.36588	5.0	-0.303685	-0.0102575	1.12119	6.0	-0.34585	-0.101028	0.890075	7.0	-0.335919	-0.146362	0.81154	8.0	0.111214	0.118591	1.39509	9.0	0.213685	0.0720994	1.14726	10.0	0.25812	0.179441	0.915128	11.0	0.246685	0.201922	0.850695	12.0	-0.0514021	0.0568938	0.899299	13.0	-0.119085	0.2184	0.491915	14.0	-0.128614	0.32355	0.127785	15.0	-0.167738	0.440681	0.0836816	16.0	0.0999711	0.0754785	0.907798	17.0	0.160074	-0.0357318	0.610915	18.0	0.108233	-0.0895258	0.337355	19.0	0.0303509	0.0548855	0.286088	20.0	-0.0769492	0.10021	1.40897	21.0	-0.322219	-0.200964	0.738809	22.0	-0.364999	-0.152309	0.806692	23.0	0.25618	0.197201	0.793747	24.0	0.203017	0.22306	0.850758
18.944	0.0	0.0345236	0.0546534	0.905199	1.0	-0.0357412	0.088493	1.19916	2.0	-0.111869	0.136326	1.48539	3.0	-0.0994751	0.190256	1.61988	4.0	-0.255368	0.119187	1.36602	5.0	-0.314516	0.0152739	1.11883	6.0	-0.347171	-0.0796605	0.888345	7.0	-0.341406	-0.119645	0.804924	8.0	0.0946721	0.148644	1.40157	9.0	0.207665	0.0975371	1.14952	10.0	0.25781	0.219752	0.925498	11.0	0.248831	0.230452	0.875193	12.0	-0.0595713	0.0789331	0.900567	13.0	-0.122143	0.239816	0.491878	14.0	-0.128025	0.324199	0.12885	15.0	-0.16827	0.44303	0.0811336	16.0	0.0883341	0.106412	0.912259	17.0	0.139904	0.00173716	0.609706	18.0	0.12978	-0.120166	0.256026	19.0	0.0479154	0.0297126	0.222861	20.0	-0.091714	0.121854	1.41496	21.0	-0.317316	-0.200772	0.729458	22.0	-0.364002	-0.100121	0.778591	23.0	0.256358	0.231155	0.804435	24.0	0.246583	0.283362	0.867287
18.978	0.0	0.0269222	0.08563	0.911365	1.0	-0.0453692	0.120035	1.20281	2.0	-0.123298	0.167762	1.48638	3.0	-0.119811	0.222122	1.62669	4.0	-0.270115	0.147083	1.36992	5.0	-0.326429	0.0585968	1.11816	6.0	-0.360178	-0.0222745	0.881585	7.0	-0.35565	-0.0687625	0.79954	8.0	0.0784239	0.185594	1.41399	9.0	0.197298	0.13783	1.16676	10.0	0.258505	0.237337	0.935745	11.0	0.252901	0.260159	0.87044	12.0	-0.065826	0.106539	0.906014	13.0	-0.131123	0.264684	0.542492	14.0	-0.130996	0.320869	0.153438	15.0	-0.16797	0.443695	0.0804653	16.0	0.0793292	0.140133	0.918764	17.0	0.141923	0.0237561	0.595427	18.0	0.129808	-0.109105	0.239187	19.0	0.0467084	0.0409998	0.208911	20.0	-0.102725	0.153373	1.41663	21.0	-0.347289	-0.116063	0.732739	22.0	-0.379485	-0.069383	0.813714	23.0	0.271855	0.250903	0.81214	24.0	0.250215	0.308712	0.876173
19.012	0.0	0.0249311	0.101431	0.914655	1.0	-0.0484499	0.134449	1.20772	2.0	-0.127491	0.181207	1.49291	3.0	-0.126127	0.232951	1.6347	4.0	-0.278347	0.166012	1.37582	5.0	-0.329137	0.0756438	1.12139	6.0	-0.360815	0.0185053	0.876326	7.0	-0.361836	-0.0127086	0.792307	8.0	0.0717855	0.201516	1.41749	9.0	0.196918	0.151101	1.17449	10.0	0.259515	0.267692	0.951162	11.0	0.262389	0.280161	0.886638	12.0	-0.0675127	0.125354	0.910894	13.0	-0.131082	0.265644	0.542099	14.0	-0.130951	0.321176	0.15348	15.0	-0.167648	0.443967	0.0799328	16.0	0.0770038	0.153307	0.920636	17.0	0.14282	0.0485575	0.602332	18.0	0.135411	-0.091936	0.236575	19.0	0.050529	0.0570814	0.206065	20.0	-0.106635	0.167027	1.42276	21.0	-0.353655	-0.0541524	0.721048	22.0	-0.389727	-0.00775719	0.783497	23.0	0.280798	0.277214	0.828548	24.0	0.255534	0.328445	0.9123
19.045	0.0	0.0182785	0.142464	0.922606	1.0	-0.0603621	0.1732	1.21668	2.0	-0.144605	0.217855	1.50275	3.0	-0.14098	0.270051	1.64553	4.0	-0.293583	0.196404	1.38711	5.0	-0.348209	0.120247	1.108	6.0	-0.371185	0.0785566	0.858228	7.0	-0.367735	0.059278	0.781471	8.0	0.0548341	0.242687	1.42123	9.0	0.18727	0.194821	1.18834	10.0	0.258772	0.297228	0.961675	11.0	0.252839	0.317486	0.917482	12.0	-0.0720399	0.16073	0.915874	13.0	-0.132689	0.273105	0.540273	14.0	-0.133303	0.323734	0.159834	15.0	-0.168329	0.443801	0.0780301	16.0	0.0676073	0.199698	0.931454	17.0	0.147243	0.0689009	0.593571	18.0	0.16271	-0.0953942	0.312799	19.0	0.076548	0.0477011	0.268412	20.0	-0.122454	0.204185	1.4324	21.0	-0.362518	0.033162	0.71007	22.0	-0.400621	0.075213	0.781506	23.0	0.277132	0.323992	0.849709	24.0	0.241668	0.367706	0.936482
19.078	0.0	0.0185771	0.148085	0.925028	1.0	-0.0612034	0.178606	1.21916	2.0	-0.146536	0.222945	1.50525	3.0	-0.143033	0.273608	1.64701	4.0	-0.298382	0.205347	1.39074	5.0	-0.348641	0.131302	1.10788	6.0	-0.377724	0.136557	0.852685	7.0	-0.369592	0.131102	0.780823	8.0	0.0541278	0.246855	1.42457	9.0	0.186879	0.201681	1.1937	10.0	0.259067	0.319738	0.974214	11.0	0.260494	0.333073	0.925598	12.0	-0.0717711	0.170059	0.918569	13.0	-0.133456	0.279479	0.545002	14.0	-0.132657	0.334482	0.14969	15.0	-0.168599	0.442954	0.0763805	16.0	0.0679051	0.202483	0.933334	17.0	0.160788	0.081962	0.577018	18.0	0.194473	-0.126952	0.187117	19.0	0.20701	-0.0899968	0.100705	20.0	-0.12412	0.209364	1.4349	21.0	-0.359634	0.122029	0.71044	22.0	-0.394507	0.13328	0.744536	23.0	0.284189	0.325859	0.847124	24.0	0.260074	0.381666	0.92589
19.111	0.0	0.0126477	0.171525	0.929972	1.0	-0.0692792	0.200055	1.22665	2.0	-0.156745	0.242512	1.51514	3.0	-0.148152	0.289133	1.65323	4.0	-0.307235	0.223312	1.39521	5.0	-0.351771	0.172452	1.12403	6.0	-0.376706	0.189465	0.868283	7.0	-0.373448	0.195132	0.782765	8.0	0.0491873	0.260415	1.42976	9.0	0.182817	0.220578	1.2038	10.0	0.261599	0.336442	0.985701	11.0	0.263167	0.361282	0.93661	12.0	-0.0778378	0.195441	0.923601	13.0	-0.13736	0.29092	0.551733	14.0	-0.130634	0.334797	0.144296	15.0	-0.168643	0.442631	0.0759806	16.0	0.0623155	0.222553	0.937829	17.0	0.166533	0.0954617	0.559265	18.0	0.212848	-0.113988	0.171605	19.0	0.232446	-0.0613647	0.0897107	20.0	-0.133801	0.229395	1.44422	21.0	-0.35247	0.188885	0.705153	22.0	-0.402269	0.22605	0.768522	23.0	0.280184	0.374667	0.868961	24.0	0.260478	0.403284	0.944615
19.144	0.0	0.0102793	0.187187	0.932858	1.0	-0.0722106	0.212277	1.22897	2.0	-0.159938	0.251453	1.51687	3.0	-0.153764	0.305923	1.65843	4.0	-0.313175	0.236524	1.3955	5.0	-0.352684	0.188697	1.12795	6.0	-0.384612	0.241406	0.875949	7.0	-0.377935	0.253728	0.787226	8.0	0.0438709	0.273316	1.43579	9.0	0.183075	0.234442	1.20489	10.0	0.262722	0.357689	0.990854	11.0	0.266714	0.380631	0.94533	12.0	-0.0804635	0.211609	0.925364	13.0	-0.13776	0.294779	0.5529	14.0	-0.130232	0.335528	0.142945	15.0	-0.166827	0.439092	0.0759535	16.0	0.0599606	0.238014	0.941864	17.0	0.165285	0.126382	0.562431	18.0	0.229025	-0.0702109	0.170181	19.0	0.266	-0.0151489	0.098901	20.0	-0.136961	0.239131	1.4461	21.0	-0.359736	0.248424	0.718446	22.0	-0.405928	0.283855	0.78158	23.0	0.288087	0.383061	0.866386	24.0	0.263512	0.439567	0.93027
19.178	0.0	-0.00380579	0.218469	0.932042	1.0	-0.0826183	0.238941	1.23014	2.0	-0.167228	0.273349	1.51944	3.0	-0.159656	0.32966	1.66276	4.0	-0.32096	0.255552	1.39666	5.0	-0.363059	0.230791	1.14267	6.0	-0.394858	0.294709	0.892624	7.0	-0.386234	0.3157	0.801221	8.0	0.0340183	0.298744	1.43525	9.0	0.174004	0.267095	1.20774	10.0	0.263214	0.379991	0.992607	11.0	0.266671	0.408889	0.940916	12.0	-0.0928704	0.238487	0.924985	13.0	-0.145587	0.311143	0.544335	14.0	-0.13076	0.337127	0.142691	15.0	-0.167063	0.43945	0.0765277	16.0	0.0440479	0.273797	0.940614	17.0	0.167405	0.154107	0.543019	18.0	0.250588	-0.0228654	0.15417	19.0	0.279945	0.0450987	0.0826663	20.0	-0.144982	0.262237	1.44838	21.0	-0.368017	0.316734	0.725841	22.0	-0.390962	0.3687	0.818461	23.0	0.284085	0.408252	0.869751	24.0	0.258553	0.465017	0.948645
19.212	0.0	-0.00483377	0.224033	0.932389	1.0	-0.0841914	0.244524	1.23109	2.0	-0.16921	0.278768	1.52108	3.0	-0.160379	0.331623	1.66309	4.0	-0.323568	0.26301	1.39916	5.0	-0.364394	0.238417	1.14494	6.0	-0.397025	0.323702	0.900406	7.0	-0.390237	0.363925	0.812652	8.0	0.0334479	0.301582	1.43563	9.0	0.172931	0.268469	1.20811	10.0	0.264708	0.386867	0.996853	11.0	0.272971	0.418131	0.945896	12.0	-0.0951093	0.247739	0.926595	13.0	-0.146638	0.313279	0.545226	14.0	-0.131367	0.327886	0.158805	15.0	-0.166869	0.439339	0.0765836	16.0	0.0437932	0.276559	0.940245	17.0	0.169233	0.182711	0.547693	18.0	0.273071	0.0254089	0.162709	19.0	0.28787	0.0653074	0.0782449	20.0	-0.146877	0.267718	1.44984	21.0	-0.375369	0.368243	0.739679	22.0	-0.374881	0.408087	0.814655	23.0	0.290257	0.424834	0.87884	24.0	0.271448	0.470341	0.943366
19.245	0.0	-0.0112289	0.239773	0.9322	1.0	-0.0886669	0.257524	1.23222	2.0	-0.171961	0.289233	1.52326	3.0	-0.164386	0.343615	1.66574	4.0	-0.328197	0.275023	1.39709	5.0	-0.367679	0.259618	1.14127	6.0	-0.398654	0.38098	0.895397	7.0	-0.390082	0.413658	0.817539	8.0	0.0307319	0.31205	1.4382	9.0	0.16924	0.278486	1.20782	10.0	0.262511	0.402786	1.00039	11.0	0.269172	0.434662	0.948086	12.0	-0.103296	0.266144	0.927514	13.0	-0.148992	0.319799	0.547728	14.0	-0.133444	0.328925	0.166908	15.0	-0.16678	0.438864	0.0763587	16.0	0.0393755	0.28868	0.938937	17.0	0.17092	0.212198	0.552671	18.0	0.282095	0.0779306	0.160283	19.0	0.304014	0.136756	0.0823027	20.0	-0.150037	0.278795	1.45178	21.0	-0.371687	0.424298	0.752408	22.0	-0.368486	0.426899	0.815592	23.0	0.288165	0.436772	0.874269	24.0	0.267012	0.4789	0.955923
19.278	0.0	-0.0142676	0.249842	0.93215	1.0	-0.0903333	0.264657	1.23321	2.0	-0.172478	0.293881	1.52498	3.0	-0.16488	0.346838	1.66595	4.0	-0.330523	0.283033	1.39701	5.0	-0.372588	0.272649	1.14087	6.0	-0.394728	0.391729	0.90113	7.0	-0.395656	0.450879	0.833474	8.0	0.0305407	0.318125	1.43905	9.0	0.167245	0.287214	1.20518	10.0	0.263604	0.409437	0.998153	11.0	0.270054	0.437781	0.946014	12.0	-0.105813	0.275219	0.92598	13.0	-0.151338	0.324068	0.542633	14.0	-0.13288	0.329471	0.16244	15.0	-0.167411	0.440156	0.0753513	16.0	0.0358114	0.299706	0.940306	17.0	0.172563	0.234059	0.542153	18.0	0.28837	0.126615	0.16767	19.0	0.306461	0.185688	0.0882463	20.0	-0.150816	0.284012	1.45335	21.0	-0.379691	0.465622	0.769344	22.0	-0.40192	0.45992	0.775487	23.0	0.287964	0.439367	0.876629	24.0	0.269736	0.48843	0.952896
19.312	0.0	-0.0184922	0.264552	0.932193	1.0	-0.09442	0.277685	1.2345	2.0	-0.175992	0.304608	1.52753	3.0	-0.166909	0.357414	1.66968	4.0	-0.334263	0.296139	1.3988	5.0	-0.375124	0.285047	1.14254	6.0	-0.401686	0.447063	0.905468	7.0	-0.396845	0.479814	0.840367	8.0	0.027978	0.330297	1.44136	9.0	0.161612	0.298619	1.20366	10.0	0.257701	0.424121	0.998287	11.0	0.261997	0.449423	0.943222	12.0	-0.109308	0.288872	0.925204	13.0	-0.1517	0.325404	0.542659	14.0	-0.133201	0.329458	0.165926	15.0	-0.167586	0.436355	0.0733479	16.0	0.0308611	0.315225	0.941006	17.0	0.16919	0.273948	0.537294	18.0	0.284181	0.166362	0.157359	19.0	0.253392	0.306342	0.114834	20.0	-0.154513	0.295375	1.45559	21.0	-0.371533	0.491511	0.76983	22.0	-0.39117	0.473506	0.879124	23.0	0.278407	0.453258	0.873896	24.0	0.269312	0.462681	0.923851
19.345	0.0	-0.0224092	0.280282	0.932647	1.0	-0.0962191	0.289186	1.23491	2.0	-0.176149	0.312461	1.52805	3.0	-0.168988	0.371334	1.67182	4.0	-0.334461	0.304141	1.40018	5.0	-0.373499	0.300307	1.14291	6.0	-0.40321	0.454912	0.910849	7.0	-0.401597	0.508234	0.847497	8.0	0.0274113	0.339481	1.44226	9.0	0.158469	0.306374	1.20208	10.0	0.257564	0.427366	0.995783	11.0	0.257212	0.452749	0.940563	12.0	-0.113271	0.304793	0.925241	13.0	-0.154072	0.331034	0.545621	14.0	-0.133535	0.325894	0.173538	15.0	-0.167006	0.4352	0.0732038	16.0	0.0269474	0.330665	0.941734	17.0	0.165964	0.292988	0.535527	18.0	0.281238	0.206517	0.167129	19.0	0.299598	0.27795	0.0928282	20.0	-0.155036	0.304092	1.45607	21.0	-0.379219	0.521267	0.785193	22.0	-0.377437	0.506897	0.82928	23.0	0.274327	0.463268	0.869982	24.0	0.273101	0.491965	0.936865
19.378	0.0	-0.0251591	0.287675	0.932982	1.0	-0.0972319	0.296104	1.23556	2.0	-0.175403	0.318676	1.52905	3.0	-0.168736	0.375613	1.67187	4.0	-0.334193	0.307377	1.40096	5.0	-0.374346	0.308658	1.14342	6.0	-0.404614	0.465195	0.917949	7.0	-0.403028	0.521891	0.856734	8.0	0.0282227	0.344645	1.44209	9.0	0.15683	0.313367	1.19905	10.0	0.256869	0.430795	0.991394	11.0	0.258386	0.452397	0.919697	12.0	-0.115474	0.310741	0.925851	13.0	-0.155796	0.334405	0.551067	14.0	-0.131717	0.327389	0.167683	15.0	-0.166393	0.435395	0.0732886	16.0	0.0235666	0.339666	0.941677	17.0	0.16546	0.309086	0.529069	18.0	0.275896	0.243881	0.159267	19.0	0.294427	0.303561	0.0811149	20.0	-0.154733	0.310498	1.45698	21.0	-0.38681	0.537352	0.798138	22.0	-0.374733	0.542241	0.78748	23.0	0.268832	0.447009	0.856603	24.0	0.266594	0.464751	0.897949
19.412	0.0	-0.0276812	0.300656	0.934036	1.0	-0.0978192	0.307001	1.23644	2.0	-0.174168	0.327404	1.52984	3.0	-0.166786	0.385436	1.67186	4.0	-0.33265	0.313764	1.40199	5.0	-0.373077	0.315395	1.14443	6.0	-0.402627	0.47425	0.923273	7.0	-0.403239	0.533799	0.858573	8.0	0.0300207	0.353466	1.44249	9.0	0.153825	0.321653	1.19212	10.0	0.253511	0.438194	0.983853	11.0	0.250316	0.457902	0.9124	12.0	-0.118864	0.324945	0.925988	13.0	-0.156235	0.336813	0.551429	14.0	-0.130986	0.327517	0.165496	15.0	-0.166023	0.437032	0.0735901	16.0	0.0217891	0.351339	0.943538	17.0	0.151919	0.350644	0.540938	18.0	0.264949	0.274988	0.156258	19.0	0.271923	0.357783	0.0837217	20.0	-0.153938	0.319777	1.45779	21.0	-0.389999	0.549705	0.795544	22.0	-0.370248	0.558431	0.795795	23.0	0.265256	0.452861	0.855044	24.0	0.247745	0.446159	0.845744
19.445	0.0	-0.029287	0.310083	0.933057	1.0	-0.097789	0.314928	1.23612	2.0	-0.172546	0.333894	1.53008	3.0	-0.165668	0.39069	1.67261	4.0	-0.331686	0.321718	1.40343	5.0	-0.372459	0.32413	1.14584	6.0	-0.401236	0.490149	0.925117	7.0	-0.401318	0.540802	0.859493	8.0	0.0336768	0.359267	1.44207	9.0	0.154109	0.326025	1.18923	10.0	0.252958	0.438684	0.978634	11.0	0.24469	0.453279	0.90535	12.0	-0.119935	0.333843	0.925673	13.0	-0.156676	0.338988	0.551433	14.0	-0.131045	0.327374	0.166286	15.0	-0.165944	0.436962	0.0736293	16.0	0.0195891	0.361187	0.941934	17.0	0.147827	0.363719	0.543324	18.0	0.252649	0.306573	0.161727	19.0	0.26059	0.382743	0.0860763	20.0	-0.152713	0.326621	1.45789	21.0	-0.383347	0.557759	0.791222	22.0	-0.38387	0.552276	0.837115	23.0	0.253596	0.461579	0.84914	24.0	0.194085	0.476917	0.915701
19.477	0.0	-0.0295805	0.320262	0.933543	1.0	-0.0974514	0.324289	1.23687	2.0	-0.17137	0.342053	1.53107	3.0	-0.1641	0.396344	1.67432	4.0	-0.331063	0.327183	1.4044	5.0	-0.375248	0.332529	1.14708	6.0	-0.399699	0.498496	0.927106	7.0	-0.39519	0.549934	0.861606	8.0	0.0349278	0.370264	1.44234	9.0	0.150288	0.335841	1.18388	10.0	0.246426	0.44193	0.968926	11.0	0.241613	0.449443	0.896558	12.0	-0.120792	0.344596	0.926121	13.0	-0.156872	0.342376	0.551893	14.0	-0.12919	0.328052	0.161054	15.0	-0.167811	0.437592	0.0756643	16.0	0.0197515	0.370705	0.942486	17.0	0.141137	0.383969	0.536936	18.0	0.232405	0.352375	0.153796	19.0	0.230946	0.438046	0.0809861	20.0	-0.151759	0.335126	1.45883	21.0	-0.377436	0.559986	0.793888	22.0	-0.383179	0.563168	0.787962	23.0	0.246548	0.453787	0.841229	24.0	0.201411	0.471518	0.90048
19.511	0.0	-0.028673	0.328657	0.93441	1.0	-0.0956289	0.332407	1.23832	2.0	-0.16842	0.349908	1.53314	3.0	-0.160977	0.404762	1.67785	4.0	-0.328715	0.333971	1.40621	5.0	-0.372951	0.339011	1.14889	6.0	-0.394769	0.504426	0.930932	7.0	-0.384971	0.553544	0.861755	8.0	0.0370071	0.377547	1.44276	9.0	0.150346	0.340495	1.18194	10.0	0.239736	0.443839	0.962689	11.0	0.233359	0.45139	0.888247	12.0	-0.120018	0.353818	0.927076	13.0	-0.157445	0.344936	0.550904	14.0	-0.128515	0.327873	0.159316	15.0	-0.166776	0.43582	0.0743032	16.0	0.0206914	0.378218	0.943272	17.0	0.133817	0.400855	0.534029	18.0	0.224126	0.368683	0.160504	19.0	0.222827	0.450936	0.085726	20.0	-0.149114	0.343054	1.46074	21.0	-0.370315	0.566441	0.791366	22.0	-0.412051	0.562842	0.829294	23.0	0.231455	0.455907	0.830189	24.0	0.1964	0.460011	0.886663
19.545	0.0	-0.028585	0.337313	0.933898	1.0	-0.0936213	0.341961	1.23772	2.0	-0.164119	0.36051	1.53244	3.0	-0.156078	0.415771	1.67721	4.0	-0.325054	0.345593	1.40621	5.0	-0.36819	0.34699	1.14893	6.0	-0.38332	0.512722	0.930289	7.0	-0.373724	0.556079	0.865611	8.0	0.0417067	0.389152	1.44177	9.0	0.148541	0.354975	1.17592	10.0	0.237726	0.445586	0.951691	11.0	0.225806	0.454437	0.879027	12.0	-0.120234	0.360954	0.926418	13.0	-0.157597	0.349728	0.551147	14.0	-0.128146	0.328057	0.159035	15.0	-0.166866	0.435456	0.0742252	16.0	0.0210538	0.388435	0.942978	17.0	0.12563	0.416924	0.528262	18.0	0.194821	0.416653	0.155916	19.0	0.160678	0.555962	0.115297	20.0	-0.145425	0.353391	1.46007	21.0	-0.355591	0.570995	0.797325	22.0	-0.416485	0.588023	0.856529	23.0	0.229659	0.453194	0.82422	24.0	0.167341	0.484945	0.871624
19.578	0.0	-0.0286821	0.345306	0.934458	1.0	-0.0926378	0.353144	1.23933	2.0	-0.161902	0.375026	1.53533	3.0	-0.152487	0.428447	1.6802	4.0	-0.319776	0.356455	1.40872	5.0	-0.364063	0.358001	1.15153	6.0	-0.379428	0.51314	0.935529	7.0	-0.358183	0.560096	0.862877	8.0	0.0440657	0.401612	1.44029	9.0	0.148353	0.363563	1.17417	10.0	0.229641	0.450125	0.94533	11.0	0.219106	0.457053	0.901102	12.0	-0.120482	0.368506	0.926892	13.0	-0.157596	0.354392	0.55177	14.0	-0.128125	0.328066	0.159409	15.0	-0.166264	0.434575	0.07373	16.0	0.0210128	0.396698	0.943601	17.0	0.114248	0.435592	0.531072	18.0	0.184741	0.430171	0.163323	19.0	0.175311	0.526024	0.0810828	20.0	-0.143517	0.367077	1.46262	21.0	-0.337912	0.575638	0.799731	22.0	-0.393893	0.588274	0.86385	23.0	0.225582	0.462752	0.820333	24.0	0.190618	0.461868	0.900236
19.612	0.0	-0.0281645	0.365361	0.934071	1.0	-0.0915869	0.372345	1.23988	2.0	-0.160669	0.392648	1.53653	3.0	-0.145872	0.450326	1.68072	4.0	-0.317039	0.372647	1.41038	5.0	-0.358109	0.37856	1.15246	6.0	-0.367867	0.524119	0.933376	7.0	-0.342854	0.567626	0.86244	8.0	0.0407199	0.42955	1.44001	9.0	0.142471	0.385208	1.16813	10.0	0.21831	0.464679	0.935074	11.0	0.213587	0.469464	0.866578	12.0	-0.120885	0.386734	0.926377	13.0	-0.158293	0.36301	0.550484	14.0	-0.128776	0.330899	0.159405	15.0	-0.16654	0.435214	0.0737513	16.0	0.0222567	0.418493	0.943367	17.0	0.100601	0.458762	0.527465	18.0	0.157607	0.469333	0.154232	19.0	0.158701	0.558357	0.0822524	20.0	-0.142295	0.385148	1.46368	21.0	-0.315535	0.586273	0.798727	22.0	-0.365652	0.612444	0.855238	23.0	0.210541	0.464659	0.809092	24.0	0.193398	0.457057	0.832692
19.645	0.0	-0.0273822	0.371186	0.933808	1.0	-0.0900928	0.379588	1.23972	2.0	-0.158411	0.401531	1.53648	3.0	-0.141068	0.457931	1.68033	4.0	-0.312664	0.380446	1.4122	5.0	-0.352979	0.387301	1.15411	6.0	-0.350772	0.528291	0.932319	7.0	-0.326797	0.573425	0.863176	8.0	0.0441703	0.437175	1.43774	9.0	0.142862	0.392296	1.1699	10.0	0.214915	0.466796	0.934128	11.0	0.211588	0.473091	0.863876	12.0	-0.120701	0.393727	0.925634	13.0	-0.158289	0.366721	0.552905	14.0	-0.128695	0.331672	0.159016	15.0	-0.166709	0.437144	0.0740767	16.0	0.0234249	0.42323	0.943509	17.0	0.0967246	0.464309	0.524472	18.0	0.151825	0.475992	0.154533	19.0	0.145935	0.580437	0.0799195	20.0	-0.140229	0.393605	1.46361	21.0	-0.305558	0.593974	0.800102	22.0	-0.333735	0.617403	0.889548	23.0	0.21316	0.465001	0.80671	24.0	0.18676	0.466927	0.825098
19.678	0.0	-0.023508	0.377964	0.933012	1.0	-0.0834645	0.389452	1.23927	2.0	-0.148613	0.414845	1.53652	3.0	-0.134092	0.468181	1.68	4.0	-0.306171	0.392045	1.41275	5.0	-0.349208	0.400447	1.15492	6.0	-0.332784	0.532674	0.929086	7.0	-0.306946	0.572193	0.861341	8.0	0.0538006	0.443919	1.435	9.0	0.144952	0.394466	1.1698	10.0	0.214824	0.467776	0.932987	11.0	0.214781	0.473878	0.861364	12.0	-0.117023	0.400174	0.92386	13.0	-0.158211	0.366906	0.552972	14.0	-0.127857	0.330706	0.158428	15.0	-0.166435	0.436289	0.073715	16.0	0.0273802	0.430212	0.94376	17.0	0.0931749	0.468879	0.523668	18.0	0.143726	0.485244	0.150959	19.0	0.135351	0.58487	0.0775306	20.0	-0.131247	0.406036	1.46351	21.0	-0.274888	0.583949	0.790674	22.0	-0.329104	0.612101	0.846822	23.0	0.208503	0.469706	0.804729	24.0	0.190652	0.461132	0.830222
19.712	0.0	-0.020348	0.386352	0.932675	1.0	-0.0789775	0.401134	1.23879	2.0	-0.143258	0.429553	1.53576	3.0	-0.124666	0.483499	1.679	4.0	-0.300398	0.408621	1.4137	5.0	-0.333149	0.415786	1.1547	6.0	-0.309129	0.544528	0.923477	7.0	-0.288025	0.579203	0.861894	8.0	0.0576126	0.457176	1.43391	9.0	0.148704	0.411077	1.17086	10.0	0.215401	0.473322	0.930437	11.0	0.210897	0.485933	0.86253	12.0	-0.114442	0.408869	0.923614	13.0	-0.157609	0.369027	0.552599	14.0	-0.127741	0.330594	0.158262	15.0	-0.167603	0.43803	0.0735524	16.0	0.0309173	0.438082	0.943359	17.0	0.0867077	0.477937	0.519755	18.0	0.131492	0.496846	0.150293	19.0	0.11314	0.598674	0.0788035	20.0	-0.126055	0.420023	1.46284	21.0	-0.265124	0.591234	0.79151	22.0	-0.312852	0.626473	0.867495	23.0	0.216195	0.470817	0.804627	24.0	0.186579	0.47578	0.835316
19.745	0.0	-0.0167655	0.398061	0.932795	1.0	-0.0723529	0.415986	1.2389	2.0	-0.133396	0.44748	1.53577	3.0	-0.116792	0.497738	1.68028	4.0	-0.292899	0.42439	1.41578	5.0	-0.327523	0.424007	1.15734	6.0	-0.302528	0.548121	0.926827	7.0	-0.272512	0.588925	0.855986	8.0	0.0644105	0.472973	1.43252	9.0	0.150011	0.425743	1.16975	10.0	0.21558	0.483572	0.928103	11.0	0.2125	0.495308	0.85751	12.0	-0.111366	0.418791	0.923587	13.0	-0.157395	0.373206	0.55467	14.0	-0.128278	0.33111	0.158339	15.0	-0.168958	0.441747	0.0740669	16.0	0.0348085	0.451508	0.943652	17.0	0.0773017	0.488916	0.524837	18.0	0.11662	0.508017	0.153558	19.0	0.10913	0.601875	0.0776903	20.0	-0.117013	0.437187	1.46289	21.0	-0.246241	0.594502	0.786795	22.0	-0.304857	0.629267	0.846676	23.0	0.207742	0.485141	0.800406	24.0	0.187297	0.483287	0.840604
19.778	0.0	-0.0161617	0.403628	0.931522	1.0	-0.0686842	0.427011	1.23781	2.0	-0.125617	0.465535	1.53524	3.0	-0.108245	0.514001	1.6816	4.0	-0.283253	0.442991	1.41503	5.0	-0.318532	0.44098	1.15674	6.0	-0.288636	0.560773	0.920363	7.0	-0.254448	0.591934	0.853027	8.0	0.0715793	0.4861	1.43244	9.0	0.155048	0.434605	1.16779	10.0	0.216738	0.493937	0.925305	11.0	0.215396	0.505633	0.854483	12.0	-0.110504	0.424436	0.922709	13.0	-0.157531	0.376378	0.552215	14.0	-0.128178	0.331459	0.158218	15.0	-0.168765	0.441461	0.0743253	16.0	0.0350749	0.456897	0.942024	17.0	0.0749876	0.491826	0.525346	18.0	0.11372	0.508484	0.15177	19.0	0.106754	0.602638	0.0780416	20.0	-0.110328	0.453365	1.46218	21.0	-0.227947	0.600456	0.783165	22.0	-0.268088	0.640475	0.874212	23.0	0.214493	0.498937	0.800637	24.0	0.198562	0.489053	0.799474
19.812	0.0	-0.014794	0.408187	0.930382	1.0	-0.0650165	0.435377	1.23804	2.0	-0.120245	0.476904	1.53738	3.0	-0.0974512	0.525048	1.68396	4.0	-0.27655	0.45643	1.4154	5.0	-0.312587	0.452359	1.15733	6.0	-0.278153	0.565529	0.921489	7.0	-0.238936	0.586261	0.853864	8.0	0.0828634	0.497467	1.4319	9.0	0.16286	0.444509	1.16708	10.0	0.221223	0.496316	0.922325	11.0	0.22574	0.508642	0.851606	12.0	-0.108811	0.430128	0.921557	13.0	-0.156602	0.378184	0.550784	14.0	-0.125528	0.329068	0.164183	15.0	-0.168547	0.44139	0.0749587	16.0	0.036072	0.460365	0.94095	17.0	0.0749667	0.492623	0.525302	18.0	0.112058	0.507866	0.152965	19.0	0.105602	0.602094	0.0783156	20.0	-0.105288	0.464105	1.46383	21.0	-0.219209	0.603678	0.782521	22.0	-0.263307	0.63292	0.890046	23.0	0.228293	0.500334	0.795449	24.0	0.205542	0.488421	0.796567
19.844	0.0	-0.00910318	0.4245	0.929364	1.0	-0.0570155	0.45568	1.23957	2.0	-0.111202	0.499674	1.54107	3.0	-0.0814467	0.549791	1.68564	4.0	-0.264784	0.48142	1.41685	5.0	-0.301222	0.475962	1.15887	6.0	-0.267731	0.574948	0.920309	7.0	-0.225865	0.590313	0.855673	8.0	0.0926399	0.52122	1.4274	9.0	0.168527	0.465887	1.16368	10.0	0.22565	0.521814	0.919324	11.0	0.225709	0.530751	0.84816	12.0	-0.103393	0.447083	0.922261	13.0	-0.153184	0.386048	0.544506	14.0	-0.128078	0.330145	0.169528	15.0	-0.168617	0.441427	0.0753404	16.0	0.0416972	0.475812	0.938281	17.0	0.0750077	0.495179	0.523267	18.0	0.111221	0.506707	0.151235	19.0	0.103687	0.602033	0.0786898	20.0	-0.0964214	0.486336	1.46702	21.0	-0.202733	0.61082	0.779583	22.0	-0.241486	0.658125	0.859995	23.0	0.225577	0.518152	0.788503	24.0	0.21601	0.501613	0.793075
19.877	0.0	0.000528123	0.438414	0.92852	1.0	-0.0465946	0.470401	1.23943	2.0	-0.100351	0.515204	1.54121	3.0	-0.0702119	0.55823	1.68465	4.0	-0.253408	0.500102	1.41614	5.0	-0.289975	0.493066	1.15829	6.0	-0.257809	0.58529	0.917149	7.0	-0.21647	0.593857	0.843875	8.0	0.0998961	0.530555	1.42851	9.0	0.17435	0.478213	1.1614	10.0	0.227832	0.537005	0.916663	11.0	0.233863	0.535408	0.857347	12.0	-0.0939954	0.461735	0.921914	13.0	-0.147717	0.398119	0.546196	14.0	-0.127685	0.33037	0.167063	15.0	-0.16842	0.441223	0.0751411	16.0	0.0511238	0.488656	0.936952	17.0	0.0769175	0.496322	0.522589	18.0	0.111256	0.505765	0.149605	19.0	0.109685	0.593739	0.0769774	20.0	-0.0856531	0.501665	1.46712	21.0	-0.198017	0.618257	0.776175	22.0	-0.236459	0.666251	0.85607	23.0	0.230754	0.530496	0.783784	24.0	0.205965	0.532842	0.856694
19.912	0.0	0.0074601	0.454402	0.926165	1.0	-0.038595	0.487437	1.23871	2.0	-0.0913654	0.533466	1.54199	3.0	-0.0548925	0.573998	1.68468	4.0	-0.24529	0.519935	1.41501	5.0	-0.284004	0.508421	1.15783	6.0	-0.251404	0.596831	0.915522	7.0	-0.21164	0.600072	0.839626	8.0	0.111392	0.54886	1.42594	9.0	0.18218	0.493685	1.15743	10.0	0.233676	0.542756	0.910554	11.0	0.239619	0.555202	0.852802	12.0	-0.0871395	0.479884	0.920644	13.0	-0.142329	0.415265	0.543585	14.0	-0.127039	0.3307	0.166982	15.0	-0.161484	0.442595	0.075459	16.0	0.0578027	0.502475	0.933666	17.0	0.0813809	0.499499	0.523672	18.0	0.111218	0.505771	0.149859	19.0	0.107157	0.600808	0.0761705	20.0	-0.0769018	0.519616	1.46753	21.0	-0.188982	0.620356	0.772128	22.0	-0.227132	0.669495	0.856163	23.0	0.238657	0.542966	0.776606	24.0	0.211981	0.553064	0.838623
19.944	0.0	0.0126832	0.484463	0.922838	1.0	-0.0302008	0.514203	1.23788	2.0	-0.0801691	0.557432	1.54316	3.0	-0.0402965	0.605638	1.68643	4.0	-0.234438	0.549122	1.41722	5.0	-0.276555	0.532898	1.16095	6.0	-0.246452	0.611885	0.915454	7.0	-0.219919	0.637123	0.837717	8.0	0.118604	0.580756	1.42174	9.0	0.18473	0.523418	1.14932	10.0	0.241601	0.583343	0.905754	11.0	0.240398	0.581679	0.850754	12.0	-0.0821851	0.505088	0.91809	13.0	-0.137948	0.452199	0.549165	14.0	-0.127166	0.335956	0.16402	15.0	-0.159307	0.444417	0.0752341	16.0	0.0627061	0.537097	0.929507	17.0	0.084341	0.512656	0.536223	18.0	0.109819	0.506868	0.150701	19.0	0.10369	0.611616	0.0776667	20.0	-0.066379	0.544247	1.46824	21.0	-0.195418	0.636901	0.769492	22.0	-0.230584	0.688123	0.843289	23.0	0.233404	0.574717	0.771144	24.0	0.220169	0.57396	0.821957
19.978	0.0	0.0242344	0.490709	0.924348	1.0	-0.0194059	0.52181	1.23913	2.0	-0.0701983	0.566009	1.5442	3.0	-0.0276755	0.609666	1.68702	4.0	-0.226487	0.559738	1.41733	5.0	-0.270806	0.54036	1.16177	6.0	-0.24292	0.616527	0.915205	7.0	-0.220289	0.632882	0.843942	8.0	0.135367	0.57916	1.42121	9.0	0.197074	0.524799	1.14883	10.0	0.253838	0.580245	0.904409	11.0	0.260969	0.582475	0.847191	12.0	-0.0697441	0.51794	0.920156	13.0	-0.133531	0.461807	0.533044	14.0	-0.125122	0.339979	0.164431	15.0	-0.159674	0.444254	0.0755485	16.0	0.0744303	0.538279	0.930693	17.0	0.090548	0.515372	0.536189	18.0	0.111566	0.505189	0.152687	19.0	0.104519	0.610763	0.0778474	20.0	-0.0561789	0.552625	1.46933	21.0	-0.199859	0.631244	0.767863	22.0	-0.254812	0.644561	0.821646	23.0	0.260421	0.57326	0.771196	24.0	0.244915	0.570363	0.827987
20.012	0.0	0.0344748	0.516007	0.92346	1.0	-0.00799685	0.543773	1.23949	2.0	-0.0577813	0.584674	1.54563	3.0	-0.0142382	0.628849	1.68622	4.0	-0.215543	0.584058	1.41716	5.0	-0.263172	0.569342	1.15973	6.0	-0.242073	0.633372	0.906347	7.0	-0.228651	0.645352	0.839325	8.0	0.144928	0.589248	1.42171	9.0	0.207783	0.537359	1.1471	10.0	0.258863	0.588514	0.900537	11.0	0.266666	0.603021	0.843955	12.0	-0.0608535	0.548419	0.920292	13.0	-0.12818	0.491149	0.518871	14.0	-0.120471	0.345976	0.161674	15.0	-0.160502	0.445042	0.0766582	16.0	0.0837479	0.556157	0.928933	17.0	0.0960307	0.523132	0.52863	18.0	0.112668	0.50491	0.152845	19.0	0.104895	0.610729	0.0778912	20.0	-0.0439999	0.572103	1.47051	21.0	-0.200283	0.638742	0.757395	22.0	-0.262738	0.663967	0.826348	23.0	0.267265	0.595282	0.771154	24.0	0.2476	0.590323	0.824923
20.045	0.0	0.0412748	0.522992	0.923059	1.0	0.00171293	0.552405	1.23906	2.0	-0.0447352	0.594768	1.54526	3.0	0.0030226	0.638575	1.68634	4.0	-0.201769	0.59967	1.41785	5.0	-0.256794	0.578079	1.16322	6.0	-0.243761	0.635447	0.909	7.0	-0.232587	0.646741	0.835968	8.0	0.160687	0.594886	1.41959	9.0	0.224568	0.546365	1.14157	10.0	0.274244	0.601523	0.895401	11.0	0.285451	0.617626	0.824369	12.0	-0.053796	0.555605	0.920681	13.0	-0.12069	0.526045	0.514155	14.0	-0.117184	0.360532	0.149289	15.0	-0.155216	0.449752	0.0754957	16.0	0.0903567	0.562859	0.92762	17.0	0.101486	0.528904	0.53194	18.0	0.113882	0.504409	0.152832	19.0	0.104977	0.610663	0.0778664	20.0	-0.031812	0.581865	1.47012	21.0	-0.226388	0.644414	0.763252	22.0	-0.275595	0.664207	0.820138	23.0	0.280641	0.614363	0.770954	24.0	0.264967	0.591195	0.776094
20.078	0.0	0.051704	0.541981	0.922089	1.0	0.0127978	0.570624	1.23887	2.0	-0.0335196	0.611759	1.5458	3.0	0.0121062	0.653777	1.68681	4.0	-0.19088	0.618258	1.41673	5.0	-0.249897	0.590963	1.16475	6.0	-0.246911	0.640265	0.907813	7.0	-0.236938	0.652335	0.836226	8.0	0.173029	0.605088	1.41505	9.0	0.232198	0.560371	1.13723	10.0	0.284497	0.617984	0.892185	11.0	0.291756	0.634256	0.820175	12.0	-0.0438694	0.574688	0.922344	13.0	-0.115913	0.586499	0.536408	14.0	-0.115969	0.38207	0.14946	15.0	-0.16168	0.458371	0.0733292	16.0	0.101019	0.581556	0.923886	17.0	0.10762	0.541238	0.528268	18.0	0.115118	0.504799	0.152329	19.0	0.105399	0.61087	0.077771	20.0	-0.0205742	0.599205	1.47048	21.0	-0.230178	0.647823	0.757153	22.0	-0.287409	0.669617	0.831185	23.0	0.281861	0.627858	0.762676	24.0	0.267864	0.614804	0.778143
20.112	0.0	0.0542558	0.565672	0.91908	1.0	0.0183428	0.592135	1.23661	2.0	-0.0251206	0.631709	1.54413	3.0	0.0211437	0.681481	1.68167	4.0	-0.181857	0.637062	1.41643	5.0	-0.246442	0.608945	1.16569	6.0	-0.250713	0.650121	0.905759	7.0	-0.253956	0.665298	0.829129	8.0	0.180414	0.622985	1.41048	9.0	0.237918	0.589006	1.13623	10.0	0.289283	0.645339	0.890731	11.0	0.293089	0.666802	0.820282	12.0	-0.041268	0.597653	0.922793	13.0	-0.124046	0.639221	0.534052	14.0	-0.123586	0.411892	0.152764	15.0	-0.17508	0.484976	0.077205	16.0	0.103103	0.605784	0.917314	17.0	0.114668	0.556831	0.517628	18.0	0.115632	0.508672	0.149911	19.0	0.105086	0.611747	0.0769315	20.0	-0.0128808	0.6195	1.46868	21.0	-0.254075	0.670811	0.760307	22.0	-0.295321	0.679873	0.85013	23.0	0.288109	0.657593	0.763421	24.0	0.273136	0.645064	0.773402
20.145	0.0	0.0535948	0.591271	0.917959	1.0	0.0231229	0.61653	1.23439	2.0	-0.0148744	0.65525	1.54077	3.0	0.0259211	0.712129	1.6748	4.0	-0.175543	0.656334	1.41656	5.0	-0.245677	0.631016	1.16524	6.0	-0.257286	0.669693	0.902948	7.0	-0.266736	0.679994	0.834071	8.0	0.189112	0.649074	1.39767	9.0	0.243577	0.60574	1.1333	10.0	0.292398	0.660992	0.887016	11.0	0.295452	0.68866	0.818531	12.0	-0.0428762	0.622542	0.924204	13.0	-0.124068	0.689394	0.548945	14.0	-0.125169	0.451744	0.174136	15.0	-0.176589	0.510818	0.0935238	16.0	0.103038	0.631615	0.913778	17.0	0.12061	0.572974	0.496768	18.0	0.115176	0.510485	0.150066	19.0	0.104369	0.611253	0.076982	20.0	-0.00401536	0.643231	1.46562	21.0	-0.256379	0.659268	0.753582	22.0	-0.299279	0.692012	0.81638	23.0	0.292813	0.67154	0.763476	24.0	0.281923	0.659329	0.770269
20.177	0.0	0.0645573	0.599696	0.921016	1.0	0.0301295	0.623053	1.23545	2.0	-0.0110753	0.659641	1.5405	3.0	0.0288599	0.716443	1.67261	4.0	-0.171381	0.664131	1.41672	5.0	-0.242773	0.634483	1.16568	6.0	-0.26032	0.673434	0.902936	7.0	-0.269603	0.679994	0.832349	8.0	0.20168	0.647206	1.40388	9.0	0.25313	0.61188	1.13251	10.0	0.298942	0.673181	0.88673	11.0	0.304901	0.698601	0.817027	12.0	-0.0313225	0.632692	0.926479	13.0	-0.119094	0.750594	0.594469	14.0	-0.126726	0.518519	0.215365	15.0	-0.166856	0.54163	0.114775	16.0	0.113161	0.638245	0.917511	17.0	0.132371	0.576719	0.486826	18.0	0.116862	0.50894	0.150118	19.0	0.104702	0.610897	0.0770196	20.0	0.000526343	0.648161	1.46561	21.0	-0.265971	0.666098	0.755719	22.0	-0.314061	0.684687	0.827238	23.0	0.305655	0.690716	0.763697	24.0	0.294097	0.669121	0.773434
20.211	0.0	0.0726965	0.629577	0.924615	1.0	0.0369497	0.649159	1.23645	2.0	-0.00618675	0.681249	1.53891	3.0	0.0382571	0.751074	1.66461	4.0	-0.166541	0.684255	1.41518	5.0	-0.239236	0.648352	1.16104	6.0	-0.271774	0.688754	0.898126	7.0	-0.278976	0.694178	0.830876	8.0	0.205842	0.657204	1.40712	9.0	0.25918	0.633344	1.13189	10.0	0.300394	0.709535	0.888662	11.0	0.302078	0.727492	0.831684	12.0	-0.025917	0.660398	0.92941	13.0	-0.12105	0.773697	0.580273	14.0	-0.12123	0.56765	0.18547	15.0	-0.103045	0.607741	0.104407	16.0	0.123496	0.669691	0.921803	17.0	0.137475	0.588467	0.483304	18.0	0.116702	0.509232	0.149959	19.0	0.102395	0.60966	0.0761639	20.0	0.00596472	0.670955	1.46466	21.0	-0.274871	0.676411	0.754197	22.0	-0.317834	0.692015	0.835683	23.0	0.305202	0.716807	0.761403	24.0	0.287895	0.713084	0.76765
20.245	0.0	0.0754897	0.637563	0.925147	1.0	0.040648	0.660409	1.23612	2.0	-0.00168491	0.696255	1.53713	3.0	0.0401182	0.759919	1.66243	4.0	-0.16071	0.702785	1.41425	5.0	-0.236178	0.657008	1.16261	6.0	-0.275042	0.693699	0.89735	7.0	-0.281101	0.700332	0.829611	8.0	0.21282	0.670315	1.41011	9.0	0.265867	0.643341	1.13178	10.0	0.302715	0.718036	0.887315	11.0	0.308462	0.744973	0.820186	12.0	-0.0234678	0.670069	0.929093	13.0	-0.118987	0.811399	0.569944	14.0	-0.117052	0.630506	0.167485	15.0	-0.165985	0.706254	0.0927254	16.0	0.126353	0.676128	0.923035	17.0	0.14801	0.596065	0.47766	18.0	0.116847	0.510066	0.148315	19.0	0.102264	0.609091	0.0761829	20.0	0.0102992	0.684998	1.4633	21.0	-0.281438	0.686221	0.755336	22.0	-0.316867	0.691898	0.831423	23.0	0.307591	0.730747	0.762499	24.0	0.293176	0.716656	0.771017
20.277	0.0	0.068807	0.688291	0.922823	1.0	0.0384369	0.707625	1.23101	2.0	-0.000131822	0.738748	1.52952	3.0	0.0315192	0.811269	1.66071	4.0	-0.159655	0.735885	1.41431	5.0	-0.239797	0.682152	1.1618	6.0	-0.281909	0.706407	0.895549	7.0	-0.288088	0.716173	0.830639	8.0	0.199012	0.730415	1.40125	9.0	0.257971	0.698817	1.12462	10.0	0.296964	0.769124	0.87948	11.0	0.295105	0.784042	0.838448	12.0	-0.0294573	0.710473	0.923511	13.0	-0.124039	0.853321	0.52133	14.0	-0.117568	0.722089	0.144055	15.0	-0.166699	0.811761	0.0783513	16.0	0.118959	0.732243	0.924783	17.0	0.147681	0.629772	0.482426	18.0	0.112718	0.535544	0.1443	19.0	0.105336	0.626398	0.0750226	20.0	0.010996	0.728721	1.45629	21.0	-0.290091	0.705803	0.756646	22.0	-0.32144	0.712152	0.833069	23.0	0.299124	0.785421	0.767744	24.0	0.29509	0.74961	0.787978
20.312	0.0	0.0724273	0.698969	0.919344	1.0	0.0394395	0.721086	1.22884	2.0	-0.00222743	0.756828	1.52863	3.0	0.0284647	0.827321	1.65796	4.0	-0.159539	0.756291	1.40989	5.0	-0.245934	0.69864	1.15864	6.0	-0.284824	0.716005	0.895695	7.0	-0.291144	0.725102	0.82844	8.0	0.197408	0.74265	1.40253	9.0	0.257665	0.706835	1.12793	10.0	0.294804	0.783854	0.884148	11.0	0.29343	0.811077	0.836448	12.0	-0.0257894	0.72482	0.920085	13.0	-0.120163	0.891328	0.540089	14.0	-0.105861	0.804421	0.140529	15.0	-0.165085	0.886385	0.0743423	16.0	0.122546	0.743175	0.920555	17.0	0.149073	0.688121	0.551828	18.0	0.106225	0.580165	0.120903	19.0	0.116905	0.68484	0.0709009	20.0	0.00974746	0.74555	1.45507	21.0	-0.292713	0.712215	0.756534	22.0	-0.323045	0.717089	0.815651	23.0	0.300399	0.802396	0.765254	24.0	0.289144	0.785999	0.777513
20.345	0.0	0.0759607	0.712304	0.9183	1.0	0.0401801	0.741496	1.22607	2.0	-0.00512147	0.78457	1.52341	3.0	0.026609	0.842847	1.65679	4.0	-0.161894	0.782361	1.4051	5.0	-0.246088	0.709024	1.15367	6.0	-0.28645	0.719686	0.895374	7.0	-0.29117	0.725957	0.824318	8.0	0.202971	0.762064	1.40296	9.0	0.258977	0.727573	1.12563	10.0	0.292328	0.813427	0.883754	11.0	0.294395	0.836551	0.814488	12.0	-0.0223975	0.742186	0.917133	13.0	-0.116797	0.911007	0.516	14.0	-0.107325	0.902114	0.129416	15.0	-0.15068	0.994009	0.0647607	16.0	0.125484	0.753068	0.92111	17.0	0.164099	0.713722	0.59107	18.0	0.1124	0.615776	0.20302	19.0	0.0971837	0.753718	0.160228	20.0	0.00780388	0.771494	1.45054	21.0	-0.284895	0.706622	0.745629	22.0	-0.326192	0.725463	0.833094	23.0	0.294731	0.818487	0.755514	24.0	0.277625	0.816043	0.760315
20.378	0.0	0.0841291	0.727964	0.914457	1.0	0.0418826	0.758814	1.22233	2.0	-0.00928544	0.803714	1.51987	3.0	0.0223185	0.861996	1.6536	4.0	-0.163403	0.805721	1.39615	5.0	-0.249886	0.720931	1.14368	6.0	-0.289233	0.724391	0.88875	7.0	-0.292345	0.727193	0.819918	8.0	0.206751	0.780602	1.40226	9.0	0.263599	0.748512	1.12647	10.0	0.292173	0.836491	0.884496	11.0	0.294572	0.860662	0.830363	12.0	-0.0159436	0.759078	0.911381	13.0	-0.108388	0.921746	0.507076	14.0	-0.109685	0.977481	0.129224	15.0	-0.157596	1.0952	0.0688552	16.0	0.134585	0.766854	0.919512	17.0	0.165469	0.712261	0.592083	18.0	0.114429	0.616781	0.205438	19.0	0.10051	0.754521	0.162446	20.0	0.00510464	0.790155	1.44695	21.0	-0.288094	0.7117	0.743479	22.0	-0.335018	0.735016	0.813696	23.0	0.299314	0.860659	0.760664	24.0	0.284067	0.85128	0.760393
20.412	0.0	0.0708394	0.777785	0.900247	1.0	0.0256842	0.809198	1.2122	2.0	-0.0275797	0.852943	1.51396	3.0	0.00651581	0.905319	1.64626	4.0	-0.174569	0.841608	1.38681	5.0	-0.260991	0.753872	1.12496	6.0	-0.298643	0.736215	0.871491	7.0	-0.299951	0.735298	0.806641	8.0	0.189523	0.839379	1.39046	9.0	0.248015	0.800902	1.12147	10.0	0.28568	0.887049	0.880476	11.0	0.285838	0.902673	0.810524	12.0	-0.0281735	0.801673	0.903205	13.0	-0.098386	0.932668	0.571784	14.0	-0.118656	1.05609	0.139855	15.0	-0.164136	1.19445	0.0802319	16.0	0.12045	0.820918	0.900574	17.0	0.175163	0.731784	0.591474	18.0	0.112739	0.653063	0.23189	19.0	0.0920473	0.790991	0.1884	20.0	-0.0127844	0.839796	1.43999	21.0	-0.295245	0.714623	0.737691	22.0	-0.336644	0.728788	0.806149	23.0	0.28969	0.89612	0.755453	24.0	0.279273	0.878764	0.760963
20.444	0.0	0.0667543	0.79856	0.896678	1.0	0.0202751	0.830708	1.20739	2.0	-0.034444	0.875296	1.50781	3.0	-0.000548276	0.922056	1.64536	4.0	-0.183257	0.872149	1.37669	5.0	-0.265688	0.770629	1.11744	6.0	-0.303921	0.749668	0.864478	7.0	-0.303253	0.741962	0.799125	8.0	0.180464	0.862641	1.39123	9.0	0.245047	0.822556	1.11904	10.0	0.277398	0.915851	0.879456	11.0	0.279522	0.934674	0.80756	12.0	-0.0326662	0.824368	0.89916	13.0	-0.0979672	0.942825	0.563881	14.0	-0.114538	1.08873	0.130524	15.0	-0.163978	1.21459	0.0879683	16.0	0.115762	0.842823	0.897031	17.0	0.171709	0.746406	0.591539	18.0	0.130209	0.577314	0.178457	19.0	0.112128	0.715339	0.135348	20.0	-0.0192697	0.86193	1.43419	21.0	-0.297136	0.70688	0.726122	22.0	-0.338897	0.736037	0.809783	23.0	0.281915	0.947119	0.744236	24.0	0.277028	0.90555	0.752409
20.478	0.0	0.0602718	0.83684	0.891528	1.0	0.0070092	0.869694	1.20103	2.0	-0.0551548	0.915624	1.50007	3.0	-0.0191045	0.956936	1.64036	4.0	-0.19764	0.905931	1.36806	5.0	-0.279002	0.806341	1.10254	6.0	-0.311681	0.766428	0.852379	7.0	-0.310749	0.75669	0.787847	8.0	0.160899	0.912547	1.38792	9.0	0.23121	0.873344	1.11107	10.0	0.26888	0.969413	0.873604	11.0	0.267049	0.974661	0.824916	12.0	-0.0395766	0.859604	0.892916	13.0	-0.098897	0.988201	0.553526	14.0	-0.112664	1.09518	0.142186	15.0	-0.157983	1.23059	0.0806629	16.0	0.109485	0.882511	0.893446	17.0	0.1686	0.795442	0.584805	18.0	0.134176	0.597006	0.185548	19.0	0.111299	0.734819	0.141994	20.0	-0.0380467	0.901873	1.42682	21.0	-0.296495	0.715815	0.713315	22.0	-0.348445	0.751676	0.79425	23.0	0.284986	0.97431	0.748233	24.0	0.266279	0.968752	0.794754
20.512	0.0	0.0601352	0.859674	0.89016	1.0	0.000908603	0.888906	1.19914	2.0	-0.0666424	0.932121	1.49769	3.0	-0.02754	0.968443	1.64057	4.0	-0.208706	0.92546	1.36209	5.0	-0.282326	0.822685	1.09813	6.0	-0.315247	0.782583	0.848202	7.0	-0.316431	0.771243	0.779479	8.0	0.154749	0.926389	1.38575	9.0	0.230865	0.889238	1.11345	10.0	0.266738	0.983293	0.87509	11.0	0.268228	1.00341	0.822533	12.0	-0.0400404	0.882216	0.890251	13.0	-0.0978147	1.01783	0.527019	14.0	-0.11239	1.10602	0.143596	15.0	-0.144575	1.22343	0.0686791	16.0	0.109239	0.906034	0.89334	17.0	0.171601	0.808886	0.59011	18.0	0.137387	0.600274	0.196364	19.0	0.116093	0.738391	0.153179	20.0	-0.0482074	0.918989	1.42456	21.0	-0.310465	0.734465	0.708817	22.0	-0.360642	0.775724	0.784337	23.0	0.281306	1.00529	0.749822	24.0	0.27969	1.0049	0.810736
20.634	0.0	0.0329536	0.949204	0.906091	1.0	-0.0349605	0.977146	1.21469	2.0	-0.111603	1.01927	1.51294	3.0	-0.08304	1.04954	1.66091	4.0	-0.251127	1.00195	1.37191	5.0	-0.303461	0.919307	1.09878	6.0	-0.338707	0.881572	0.848693	7.0	-0.337018	0.865607	0.773478	8.0	0.0874524	1.0509	1.40431	9.0	0.193698	1.00546	1.13381	10.0	0.244086	1.09021	0.895647	11.0	0.259514	1.10395	0.828166	12.0	-0.0672642	0.962884	0.902386	13.0	-0.111521	1.08467	0.51999	14.0	-0.108753	1.13347	0.134442	15.0	-0.138285	1.22148	0.0631023	16.0	0.0811451	1.00428	0.912441	17.0	0.153564	0.923198	0.605075	18.0	0.122252	0.657993	0.248715	19.0	0.0859857	0.794855	0.204058	20.0	-0.0909595	1.0064	1.4399	21.0	-0.311703	0.835636	0.700053	22.0	-0.377436	0.861342	0.766788	23.0	0.266955	1.1055	0.78137	24.0	0.258789	1.1523	0.809681
20.67	0.0	0.034632	0.954786	0.912365	1.0	-0.03679	0.987634	1.22123	2.0	-0.118167	1.03581	1.51939	3.0	-0.0868189	1.06102	1.66692	4.0	-0.259093	1.02028	1.37906	5.0	-0.305317	0.931994	1.10499	6.0	-0.344363	0.912932	0.852304	7.0	-0.342374	0.907411	0.779806	8.0	0.0893897	1.05367	1.41187	9.0	0.196555	1.00765	1.13855	10.0	0.245337	1.0936	0.900416	11.0	0.259531	1.11705	0.835179	12.0	-0.066211	0.974422	0.909456	13.0	-0.112316	1.08747	0.519755	14.0	-0.108626	1.1337	0.134679	15.0	-0.138061	1.22296	0.0624437	16.0	0.0832717	1.00579	0.918464	17.0	0.168132	0.917257	0.600613	18.0	0.126735	0.656427	0.241512	19.0	0.0956741	0.793538	0.196422	20.0	-0.0962003	1.02135	1.44646	21.0	-0.338145	0.90101	0.712825	22.0	-0.373041	0.896122	0.780231	23.0	0.274484	1.12117	0.786011	24.0	0.213468	1.1384	0.831972
20.689	0.0	0.0298839	0.983194	0.920224	1.0	-0.044437	1.01634	1.23101	2.0	-0.126587	1.06076	1.53008	3.0	-0.0931207	1.09406	1.68256	4.0	-0.271719	1.05154	1.38931	5.0	-0.318701	0.969044	1.11025	6.0	-0.353517	0.96342	0.855769	7.0	-0.347553	0.957315	0.790629	8.0	0.0851691	1.0823	1.41968	9.0	0.185838	1.04546	1.15249	10.0	0.237317	1.1251	0.913143	11.0	0.237546	1.1449	0.863647	12.0	-0.0710762	1.00108	0.916259	13.0	-0.118267	1.09439	0.51971	14.0	-0.110846	1.13565	0.137711	15.0	-0.138124	1.22277	0.0624388	16.0	0.0786917	1.03171	0.926152	17.0	0.159703	0.947667	0.61006	18.0	0.174699	0.827605	0.304211	19.0	0.142841	0.963852	0.258946	20.0	-0.104616	1.04751	1.457	21.0	-0.33845	0.945371	0.712846	22.0	-0.37649	0.943254	0.78159	23.0	0.249755	1.15524	0.798585	24.0	0.234055	1.18499	0.87022
20.711	0.0	0.0268191	0.995459	0.922041	1.0	-0.047213	1.02818	1.23357	2.0	-0.129311	1.07355	1.53381	3.0	-0.0955086	1.10463	1.68506	4.0	-0.276726	1.06969	1.392	5.0	-0.326301	0.991871	1.11458	6.0	-0.359186	0.996634	0.859436	7.0	-0.354147	1.00401	0.796868	8.0	0.0826043	1.09239	1.42276	9.0	0.185802	1.05092	1.15617	10.0	0.234201	1.1351	0.917541	11.0	0.235419	1.16104	0.866356	12.0	-0.0745077	1.01777	0.918831	13.0	-0.121381	1.09724	0.523341	14.0	-0.111559	1.1355	0.140372	15.0	-0.13808	1.2229	0.0624104	16.0	0.075585	1.04127	0.927554	17.0	0.158224	0.953941	0.607841	18.0	0.178319	0.830056	0.304192	19.0	0.202397	0.814541	0.388223	20.0	-0.107337	1.05998	1.4604	21.0	-0.344768	0.999388	0.718595	22.0	-0.385255	0.9951	0.796632	23.0	0.247121	1.16526	0.798555	24.0	0.246436	1.17743	0.853461
20.745	0.0	0.0217915	1.01797	0.920404	1.0	-0.0536048	1.05159	1.23579	2.0	-0.137251	1.09831	1.54009	3.0	-0.0981561	1.123	1.68963	4.0	-0.285106	1.09639	1.39316	5.0	-0.339084	1.02491	1.12151	6.0	-0.370317	1.04928	0.866455	7.0	-0.364311	1.05435	0.802171	8.0	0.0793182	1.11094	1.42546	9.0	0.183921	1.06639	1.15803	10.0	0.230187	1.16092	0.922509	11.0	0.235701	1.18615	0.854697	12.0	-0.0776339	1.03908	0.918574	13.0	-0.128805	1.10531	0.528072	14.0	-0.112195	1.13579	0.142543	15.0	-0.137809	1.2246	0.0624088	16.0	0.0682776	1.06425	0.924544	17.0	0.169089	0.954119	0.532368	18.0	0.234437	0.775197	0.154864	19.0	0.258681	0.828566	0.0818508	20.0	-0.114867	1.08438	1.46565	21.0	-0.35511	1.04939	0.723019	22.0	-0.400918	1.06274	0.782836	23.0	0.242031	1.18913	0.803031	24.0	0.246113	1.20211	0.847168
20.778	0.0	0.0212481	1.03045	0.920279	1.0	-0.0550988	1.06268	1.23688	2.0	-0.139473	1.10779	1.54206	3.0	-0.100628	1.13749	1.69216	4.0	-0.286414	1.10855	1.39552	5.0	-0.345673	1.04425	1.12263	6.0	-0.375142	1.08307	0.868662	7.0	-0.373165	1.0938	0.803587	8.0	0.0767314	1.12191	1.42688	9.0	0.181144	1.07979	1.15926	10.0	0.231146	1.17549	0.925231	11.0	0.240938	1.20146	0.854403	12.0	-0.0779386	1.05325	0.918383	13.0	-0.131738	1.11049	0.529719	14.0	-0.113359	1.13587	0.146835	15.0	-0.139526	1.22188	0.0656251	16.0	0.06738	1.07498	0.924523	17.0	0.173716	0.956506	0.509362	18.0	0.241688	0.78342	0.14638	19.0	0.269898	0.840722	0.0771631	20.0	-0.11693	1.09429	1.46744	21.0	-0.366627	1.09183	0.727484	22.0	-0.406668	1.09505	0.797367	23.0	0.251742	1.20166	0.800671	24.0	0.237824	1.23997	0.870564
20.812	0.0	0.00875697	1.06031	0.916995	1.0	-0.0641926	1.08868	1.23646	2.0	-0.145665	1.13005	1.54383	3.0	-0.104931	1.15966	1.69158	4.0	-0.292668	1.13346	1.39497	5.0	-0.359423	1.08636	1.12256	6.0	-0.388229	1.13213	0.869303	7.0	-0.385065	1.14026	0.806323	8.0	0.0698967	1.14405	1.42648	9.0	0.169206	1.10521	1.15823	10.0	0.230385	1.18868	0.923129	11.0	0.241364	1.22216	0.855585	12.0	-0.0892087	1.08037	0.915492	13.0	-0.139251	1.12771	0.52754	14.0	-0.115036	1.13906	0.145811	15.0	-0.140909	1.22443	0.0646968	16.0	0.0533876	1.10732	0.921024	17.0	0.170743	0.99183	0.512754	18.0	0.257585	0.839321	0.136676	19.0	0.290328	0.908296	0.0764389	20.0	-0.123801	1.11748	1.46873	21.0	-0.379439	1.14041	0.728249	22.0	-0.417551	1.13082	0.816208	23.0	0.249792	1.23882	0.804788	24.0	0.225542	1.25919	0.892806
20.845	0.0	0.00593428	1.06528	0.917005	1.0	-0.0665124	1.09566	1.23698	2.0	-0.147146	1.1392	1.54509	3.0	-0.104781	1.1653	1.69288	4.0	-0.293467	1.14056	1.39491	5.0	-0.357968	1.09685	1.12673	6.0	-0.388832	1.14874	0.874535	7.0	-0.388088	1.17303	0.802308	8.0	0.0697239	1.1483	1.4284	9.0	0.169093	1.10839	1.15894	10.0	0.231593	1.19402	0.924925	11.0	0.249735	1.22646	0.859379	12.0	-0.0930893	1.08816	0.915447	13.0	-0.141131	1.13529	0.522323	14.0	-0.115074	1.13985	0.145596	15.0	-0.14122	1.22456	0.0645352	16.0	0.0514588	1.11006	0.921075	17.0	0.168906	1.02178	0.517079	18.0	0.263461	0.859222	0.14054	19.0	0.292558	0.936306	0.0825608	20.0	-0.125525	1.12608	1.46978	21.0	-0.376206	1.17015	0.725086	22.0	-0.422263	1.16139	0.78096	23.0	0.253645	1.23977	0.808731	24.0	0.249988	1.26289	0.878961
20.941	0.0	-0.00303697	1.09621	0.916924	1.0	-0.0719747	1.12288	1.23892	2.0	-0.149405	1.16214	1.54867	3.0	-0.10648	1.18908	1.69763	4.0	-0.298585	1.16989	1.397	5.0	-0.36055	1.14444	1.13445	6.0	-0.405357	1.22429	0.877798	7.0	-0.40835	1.25414	0.803034	8.0	0.0689194	1.16865	1.43216	9.0	0.165999	1.12525	1.15407	10.0	0.233361	1.21053	0.921518	11.0	0.249568	1.23592	0.8555	12.0	-0.101384	1.12092	0.914796	13.0	-0.145692	1.14486	0.522886	14.0	-0.1152	1.14226	0.147296	15.0	-0.139086	1.22272	0.0655027	16.0	0.0416881	1.13824	0.921616	17.0	0.167277	1.08876	0.522583	18.0	0.28081	0.95577	0.15369	19.0	0.295337	1.01576	0.0794026	20.0	-0.128546	1.15014	1.473	21.0	-0.396392	1.25339	0.730466	22.0	-0.447303	1.24506	0.79026	23.0	0.252606	1.24529	0.806929	24.0	0.246312	1.2804	0.865115
20.97	0.0	-0.00333889	1.10612	0.916797	1.0	-0.072891	1.13294	1.23901	2.0	-0.150839	1.17229	1.54905	3.0	-0.107907	1.1981	1.69901	4.0	-0.299797	1.17671	1.39804	5.0	-0.362677	1.15909	1.14172	6.0	-0.410538	1.25706	0.883472	7.0	-0.416502	1.28813	0.806011	8.0	0.0699638	1.17447	1.4321	9.0	0.164842	1.1321	1.15176	10.0	0.234849	1.21511	0.919396	11.0	0.247692	1.2376	0.852066	12.0	-0.101024	1.13007	0.914406	13.0	-0.148154	1.15031	0.521458	14.0	-0.11539	1.1441	0.146457	15.0	-0.140023	1.22529	0.0643835	16.0	0.0404793	1.14884	0.921792	17.0	0.170005	1.12277	0.520241	18.0	0.279453	1.00781	0.145551	19.0	0.273981	1.07791	0.0687977	20.0	-0.129862	1.16029	1.47331	21.0	-0.405258	1.2923	0.734987	22.0	-0.465017	1.2974	0.824586	23.0	0.247424	1.25896	0.799443	24.0	0.247179	1.27774	0.86571
20.992	0.0	-0.0029384	1.11391	0.918519	1.0	-0.0720833	1.13835	1.23996	2.0	-0.149747	1.17582	1.54945	3.0	-0.107299	1.20167	1.70007	4.0	-0.300192	1.18366	1.39946	5.0	-0.366969	1.17916	1.14529	6.0	-0.409222	1.28443	0.884392	7.0	-0.420401	1.32027	0.809318	8.0	0.0727927	1.1784	1.43316	9.0	0.166888	1.13391	1.15098	10.0	0.235571	1.21548	0.917728	11.0	0.252433	1.22868	0.848941	12.0	-0.100931	1.14158	0.915618	13.0	-0.148399	1.15216	0.52124	14.0	-0.113771	1.14327	0.145014	15.0	-0.139771	1.22526	0.0638456	16.0	0.0409566	1.15361	0.923709	17.0	0.172361	1.14439	0.519743	18.0	0.280003	1.0333	0.151226	19.0	0.281816	1.09087	0.0718435	20.0	-0.12883	1.16424	1.47383	21.0	-0.407728	1.327	0.74013	22.0	-0.448741	1.35851	0.824399	23.0	0.260701	1.23622	0.800619	24.0	0.257512	1.26373	0.873674
21.013	0.0	-0.0023612	1.14393	0.919358	1.0	-0.0723449	1.15891	1.24095	2.0	-0.150363	1.18821	1.55029	3.0	-0.1076	1.22001	1.69889	4.0	-0.300955	1.19543	1.40089	5.0	-0.373408	1.20637	1.14725	6.0	-0.417565	1.33446	0.89158	7.0	-0.424926	1.35935	0.815572	8.0	0.069889	1.19576	1.43311	9.0	0.166021	1.14288	1.15132	10.0	0.233965	1.21729	0.915755	11.0	0.245061	1.23605	0.848083	12.0	-0.0990681	1.16348	0.915375	13.0	-0.150286	1.15988	0.523484	14.0	-0.113585	1.14327	0.144993	15.0	-0.138659	1.22453	0.0639289	16.0	0.0393163	1.19113	0.926119	17.0	0.162162	1.19382	0.527317	18.0	0.271318	1.07356	0.153997	19.0	0.269629	1.13068	0.0737034	20.0	-0.129397	1.17853	1.47472	21.0	-0.412555	1.36988	0.745801	22.0	-0.464529	1.36195	0.798081	23.0	0.249281	1.24535	0.795667	24.0	0.25033	1.26977	0.870873
21.045	0.0	-0.00156551	1.15585	0.920239	1.0	-0.0718172	1.17036	1.24114	2.0	-0.150172	1.19769	1.54982	3.0	-0.107648	1.22622	1.69829	4.0	-0.300978	1.20313	1.4028	5.0	-0.373613	1.21796	1.14912	6.0	-0.417502	1.34978	0.895311	7.0	-0.422214	1.38988	0.821396	8.0	0.0679253	1.2076	1.43153	9.0	0.16594	1.154	1.15167	10.0	0.230594	1.22112	0.913192	11.0	0.24377	1.24262	0.844951	12.0	-0.0987191	1.17929	0.915269	13.0	-0.151037	1.16518	0.524992	14.0	-0.113608	1.14509	0.144438	15.0	-0.138688	1.22462	0.0638512	16.0	0.0403973	1.19906	0.92753	17.0	0.156194	1.21601	0.527068	18.0	0.257679	1.10141	0.151337	19.0	0.258657	1.17193	0.0772722	20.0	-0.129121	1.18865	1.47441	21.0	-0.40761	1.3995	0.749886	22.0	-0.463746	1.39238	0.80169	23.0	0.247421	1.25565	0.792867	24.0	0.234862	1.27936	0.875251
21.078	0.0	-0.000113159	1.17338	0.920879	1.0	-0.0711507	1.18436	1.24078	2.0	-0.150168	1.20843	1.54864	3.0	-0.108218	1.2389	1.69706	4.0	-0.30026	1.21221	1.40365	5.0	-0.374775	1.23525	1.15053	6.0	-0.414653	1.3763	0.908079	7.0	-0.416843	1.4218	0.831016	8.0	0.0671195	1.2165	1.43139	9.0	0.1644	1.16355	1.15185	10.0	0.228719	1.22917	0.912912	11.0	0.241913	1.24858	0.845389	12.0	-0.0971761	1.19378	0.914884	13.0	-0.150779	1.17045	0.525982	14.0	-0.11424	1.14673	0.143481	15.0	-0.139346	1.22869	0.0630024	16.0	0.0416051	1.21867	0.929441	17.0	0.146952	1.24809	0.530344	18.0	0.246139	1.13127	0.146672	19.0	0.231377	1.19864	0.0678995	20.0	-0.128963	1.20019	1.47342	21.0	-0.408436	1.43727	0.764986	22.0	-0.459285	1.42376	0.825341	23.0	0.245246	1.25004	0.791416	24.0	0.240391	1.28325	0.859797
21.112	0.0	0.00368113	1.18557	0.921707	1.0	-0.068913	1.19453	1.24093	2.0	-0.149311	1.21649	1.54812	3.0	-0.107836	1.2468	1.69733	4.0	-0.298419	1.21925	1.40381	5.0	-0.377182	1.24665	1.152	6.0	-0.40492	1.38851	0.918871	7.0	-0.405959	1.44702	0.838764	8.0	0.0656828	1.22646	1.43289	9.0	0.165345	1.17066	1.15228	10.0	0.224339	1.24142	0.912993	11.0	0.236981	1.25264	0.859106	12.0	-0.0935643	1.20684	0.914214	13.0	-0.148726	1.1791	0.530561	14.0	-0.110579	1.14615	0.139714	15.0	-0.139231	1.22837	0.0630723	16.0	0.0454374	1.22982	0.931622	17.0	0.14194	1.27031	0.528766	18.0	0.232209	1.17036	0.140487	19.0	0.229635	1.22084	0.0590425	20.0	-0.12778	1.20879	1.47307	21.0	-0.395762	1.46625	0.775352	22.0	-0.446049	1.45219	0.824612	23.0	0.244682	1.25572	0.785935	24.0	0.243592	1.26062	0.847182
21.145	0.0	0.0100531	1.19793	0.924102	1.0	-0.0650751	1.20473	1.24237	2.0	-0.14767	1.22459	1.54864	3.0	-0.106363	1.25352	1.69788	4.0	-0.295626	1.22753	1.40343	5.0	-0.376327	1.26273	1.15267	6.0	-0.39658	1.40728	0.931954	7.0	-0.392075	1.47233	0.850629	8.0	0.0671224	1.2326	1.43374	9.0	0.167944	1.17615	1.1565	10.0	0.165057	1.27627	0.916841	11.0	0.223871	1.2662	0.863523	12.0	-0.0885034	1.21999	0.914789	13.0	-0.148414	1.18327	0.530695	14.0	-0.110595	1.14605	0.140665	15.0	-0.139695	1.22752	0.0636194	16.0	0.0529572	1.24125	0.935838	17.0	0.133671	1.28951	0.530615	18.0	0.222641	1.19056	0.136992	19.0	0.211445	1.26674	0.0636832	20.0	-0.125623	1.2174	1.47381	21.0	-0.382815	1.49741	0.785427	22.0	-0.429904	1.47886	0.831047	23.0	0.235993	1.2693	0.814639	24.0	0.236253	1.27904	0.87127
21.178	0.0	0.00336673	1.21861	0.91912	1.0	-0.0680903	1.2242	1.23888	2.0	-0.147864	1.24292	1.54615	3.0	-0.106448	1.28686	1.69445	4.0	-0.294002	1.24158	1.40333	5.0	-0.370899	1.27178	1.15108	6.0	-0.380454	1.42659	0.93879	7.0	-0.375088	1.49617	0.858013	8.0	0.0554131	1.28038	1.41966	9.0	0.155479	1.22088	1.14967	10.0	0.135095	1.31691	0.90871	11.0	0.186006	1.30713	0.873805	12.0	-0.0946533	1.23439	0.909763	13.0	-0.149957	1.19452	0.529513	14.0	-0.114271	1.15277	0.138041	15.0	-0.143688	1.23671	0.0621738	16.0	0.0455246	1.2688	0.931342	17.0	0.113347	1.32409	0.533124	18.0	0.197279	1.24709	0.132024	19.0	0.195416	1.31512	0.057436	20.0	-0.126449	1.23604	1.47112	21.0	-0.363065	1.524	0.795396	22.0	-0.407404	1.49976	0.833048	23.0	0.208105	1.29061	0.806256	24.0	0.194985	1.30294	0.893306
21.212	0.0	0.00368752	1.21994	0.919288	1.0	-0.0666039	1.2276	1.2388	2.0	-0.1445	1.24907	1.54557	3.0	-0.104518	1.28767	1.69533	4.0	-0.291253	1.24604	1.40363	5.0	-0.365146	1.27797	1.1507	6.0	-0.367189	1.43988	0.943511	7.0	-0.35225	1.51158	0.865005	8.0	0.0662198	1.27572	1.42585	9.0	0.162505	1.21773	1.15438	10.0	0.234744	1.25279	0.912968	11.0	0.233667	1.28135	0.843859	12.0	-0.0945068	1.2371	0.909763	13.0	-0.149276	1.19678	0.529242	14.0	-0.114224	1.15277	0.138139	15.0	-0.142346	1.23535	0.0624091	16.0	0.0457981	1.2691	0.931502	17.0	0.112441	1.32719	0.532748	18.0	0.194035	1.25799	0.131265	19.0	0.184598	1.32964	0.0566114	20.0	-0.123608	1.24145	1.47069	21.0	-0.336544	1.53875	0.803363	22.0	-0.381038	1.50433	0.836468	23.0	0.237357	1.27689	0.781163	24.0	0.234572	1.28702	0.832383
21.245	0.0	0.00317676	1.22224	0.919877	1.0	-0.0643476	1.2323	1.23904	2.0	-0.137334	1.25716	1.54514	3.0	-0.10016	1.28968	1.69644	4.0	-0.289052	1.25165	1.40387	5.0	-0.356203	1.28065	1.1491	6.0	-0.347857	1.45478	0.952083	7.0	-0.329398	1.52489	0.872037	8.0	0.0743007	1.27586	1.42891	9.0	0.172187	1.21743	1.15014	10.0	0.152259	1.31643	0.910285	11.0	0.177651	1.32315	0.856473	12.0	-0.0965326	1.24197	0.910877	13.0	-0.148612	1.19812	0.5275	14.0	-0.112198	1.15112	0.1391	15.0	-0.139284	1.22685	0.0623966	16.0	0.0459367	1.26953	0.931676	17.0	0.109774	1.33406	0.532112	18.0	0.183274	1.28524	0.137399	19.0	0.166713	1.35914	0.0628423	20.0	-0.117855	1.24867	1.47046	21.0	-0.311333	1.55448	0.811845	22.0	-0.363642	1.53364	0.848932	23.0	0.155777	1.35004	0.767624	24.0	0.225628	1.30477	0.829205
21.278	0.0	0.00131309	1.23645	0.918316	1.0	-0.0624887	1.24875	1.2371	2.0	-0.133385	1.27361	1.54319	3.0	-0.0958071	1.3067	1.69648	4.0	-0.284134	1.2625	1.40401	5.0	-0.351258	1.28845	1.14903	6.0	-0.334753	1.46484	0.954748	7.0	-0.308132	1.54054	0.877082	8.0	0.0758854	1.29772	1.42389	9.0	0.17352	1.2345	1.14171	10.0	0.132237	1.3413	0.907008	11.0	0.0942699	1.38851	0.84078	12.0	-0.0994631	1.25392	0.910443	13.0	-0.149105	1.20405	0.524294	14.0	-0.11075	1.15243	0.136678	15.0	-0.13956	1.22728	0.0609006	16.0	0.0456196	1.28368	0.928971	17.0	0.100342	1.35415	0.53102	18.0	0.168543	1.31387	0.132305	19.0	0.159445	1.38087	0.0560327	20.0	-0.114236	1.2653	1.46848	21.0	-0.285512	1.57216	0.817055	22.0	-0.338211	1.54361	0.846638	23.0	0.0867635	1.41435	0.753544	24.0	0.113651	1.39949	0.817949
21.312	0.0	0.00523382	1.24741	0.918105	1.0	-0.057055	1.25957	1.23688	2.0	-0.127312	1.28387	1.54303	3.0	-0.0882077	1.3156	1.69578	4.0	-0.278593	1.27131	1.40456	5.0	-0.340172	1.29824	1.14842	6.0	-0.319247	1.47478	0.954862	7.0	-0.285715	1.54922	0.880412	8.0	0.0808545	1.30351	1.42547	9.0	0.180675	1.24468	1.15805	10.0	0.138814	1.33608	0.917468	11.0	0.108069	1.38627	0.849007	12.0	-0.0958945	1.26655	0.910831	13.0	-0.14875	1.21033	0.524089	14.0	-0.110657	1.1526	0.13686	15.0	-0.138657	1.22743	0.0610284	16.0	0.0496516	1.29283	0.92819	17.0	0.0989243	1.35912	0.528566	18.0	0.161189	1.33311	0.125909	19.0	0.144367	1.4282	0.061051	20.0	-0.108256	1.27571	1.4683	21.0	-0.261979	1.58145	0.822662	22.0	-0.302695	1.54109	0.836088	23.0	0.0946196	1.40932	0.76007	24.0	0.168176	1.35601	0.892144
21.345	0.0	0.00605227	1.26367	0.915642	1.0	-0.0530318	1.27626	1.23505	2.0	-0.120281	1.30149	1.54178	3.0	-0.0794476	1.33602	1.69344	4.0	-0.271367	1.2908	1.40444	5.0	-0.326978	1.31204	1.14688	6.0	-0.297614	1.48852	0.95472	7.0	-0.265455	1.55962	0.880101	8.0	0.0882133	1.32552	1.423	9.0	0.176804	1.27151	1.16364	10.0	0.217991	1.3162	0.914848	11.0	0.223141	1.34078	0.850801	12.0	-0.0950133	1.28001	0.910037	13.0	-0.14786	1.21913	0.523406	14.0	-0.110762	1.15476	0.136082	15.0	-0.142772	1.23324	0.0623374	16.0	0.0501331	1.31166	0.923796	17.0	0.0956914	1.36703	0.52485	18.0	0.151627	1.36123	0.12625	19.0	0.135479	1.45158	0.0593122	20.0	-0.101965	1.29306	1.46691	21.0	-0.240644	1.59379	0.823154	22.0	-0.286168	1.55124	0.845019	23.0	0.225474	1.34568	0.788758	24.0	0.226493	1.35227	0.819587
21.378	0.0	0.0116546	1.27149	0.915505	1.0	-0.0459293	1.28464	1.23468	2.0	-0.112131	1.30991	1.54119	3.0	-0.0724086	1.34127	1.69281	4.0	-0.264521	1.30073	1.4031	5.0	-0.316419	1.32231	1.14491	6.0	-0.282381	1.4978	0.952867	7.0	-0.245569	1.56368	0.87714	8.0	0.0985944	1.33078	1.42486	9.0	0.185231	1.27442	1.16606	10.0	0.151236	1.36676	0.924791	11.0	0.121607	1.40158	0.849995	12.0	-0.0893653	1.29137	0.910276	13.0	-0.145964	1.22482	0.523004	14.0	-0.109094	1.155	0.137586	15.0	-0.14143	1.23107	0.0627491	16.0	0.0554635	1.31643	0.923463	17.0	0.101207	1.3727	0.499686	18.0	0.151054	1.3693	0.126486	19.0	0.133657	1.4581	0.0592307	20.0	-0.0940209	1.30152	1.46638	21.0	-0.216252	1.59289	0.819715	22.0	-0.273695	1.57105	0.846438	23.0	0.101623	1.42204	0.76672	24.0	0.141365	1.41293	0.804675
21.412	0.0	0.0155313	1.28824	0.912168	1.0	-0.0385889	1.30112	1.23349	2.0	-0.101081	1.32668	1.54214	3.0	-0.0578949	1.35951	1.69339	4.0	-0.254503	1.31934	1.40131	5.0	-0.293799	1.34691	1.14161	6.0	-0.262652	1.51117	0.939885	7.0	-0.229248	1.56908	0.870021	8.0	0.110626	1.35011	1.42075	9.0	0.198154	1.30269	1.14036	10.0	0.239139	1.35293	0.892544	11.0	0.242951	1.36518	0.822134	12.0	-0.086532	1.30632	0.908453	13.0	-0.14303	1.23415	0.521567	14.0	-0.10865	1.15592	0.138405	15.0	-0.141913	1.23173	0.0635193	16.0	0.0599971	1.33361	0.918749	17.0	0.101296	1.3742	0.498664	18.0	0.14746	1.37931	0.126835	19.0	0.12858	1.46754	0.059152	20.0	-0.0839336	1.31818	1.46677	21.0	-0.200465	1.59874	0.811862	22.0	-0.258313	1.58519	0.843735	23.0	0.232019	1.36767	0.769346	24.0	0.237873	1.38795	0.820827
21.445	0.0	0.0187906	1.31035	0.907037	1.0	-0.0319149	1.32186	1.22981	2.0	-0.0916885	1.34562	1.53968	3.0	-0.046307	1.38189	1.69093	4.0	-0.245175	1.33794	1.39884	5.0	-0.288485	1.35973	1.13936	6.0	-0.251303	1.51864	0.934854	7.0	-0.21955	1.57332	0.861653	8.0	0.115512	1.37756	1.41092	9.0	0.198267	1.32262	1.13531	10.0	0.229402	1.37626	0.886249	11.0	0.24058	1.39017	0.816921	12.0	-0.0838706	1.32512	0.904445	13.0	-0.136522	1.25129	0.52079	14.0	-0.108921	1.16033	0.136327	15.0	-0.143527	1.23699	0.0620919	16.0	0.0634496	1.35878	0.912636	17.0	0.100134	1.38343	0.503468	18.0	0.1425	1.38782	0.126977	19.0	0.126279	1.47781	0.0604715	20.0	-0.0751389	1.33762	1.46404	21.0	-0.189405	1.60299	0.802218	22.0	-0.244674	1.5718	0.83048	23.0	0.234604	1.3854	0.763021	24.0	0.238589	1.41263	0.811528
21.478	0.0	0.0281162	1.32617	0.904797	1.0	-0.0229559	1.33754	1.2288	2.0	-0.0833758	1.36074	1.53985	3.0	-0.0345077	1.39659	1.69066	4.0	-0.235704	1.35692	1.39771	5.0	-0.278045	1.37812	1.13805	6.0	-0.242638	1.52551	0.925261	7.0	-0.210874	1.57171	0.849846	8.0	0.126916	1.38631	1.41055	9.0	0.204133	1.33863	1.13112	10.0	0.2384	1.38911	0.8821	11.0	0.243846	1.41042	0.810345	12.0	-0.0744029	1.34538	0.901916	13.0	-0.131431	1.26451	0.519735	14.0	-0.108714	1.16119	0.136443	15.0	-0.143333	1.23697	0.0617694	16.0	0.0720612	1.37023	0.910806	17.0	0.101202	1.38624	0.499738	18.0	0.142486	1.39021	0.124787	19.0	0.125278	1.47917	0.0591732	20.0	-0.0666307	1.35292	1.46393	21.0	-0.180587	1.59501	0.788448	22.0	-0.23434	1.5595	0.820012	23.0	0.247753	1.39995	0.74968	24.0	0.246924	1.41855	0.786108
21.512	0.0	0.0323327	1.34836	0.90048	1.0	-0.0156509	1.35775	1.2277	2.0	-0.0728659	1.37984	1.54166	3.0	-0.0207676	1.42024	1.68943	4.0	-0.222976	1.38107	1.39628	5.0	-0.268901	1.39808	1.13695	6.0	-0.238032	1.53142	0.914861	7.0	-0.211229	1.57012	0.837673	8.0	0.129846	1.40857	1.40823	9.0	0.207327	1.37718	1.12555	10.0	0.247757	1.42283	0.877019	11.0	0.249316	1.43611	0.803904	12.0	-0.0706879	1.36367	0.898149	13.0	-0.127418	1.28551	0.51959	14.0	-0.109773	1.1667	0.136176	15.0	-0.143426	1.23921	0.0598689	16.0	0.0762424	1.39512	0.906253	17.0	0.103091	1.39608	0.51182	18.0	0.142079	1.39167	0.125401	19.0	0.124024	1.48803	0.0595551	20.0	-0.0569468	1.37224	1.46502	21.0	-0.182852	1.58953	0.77414	22.0	-0.192907	1.4687	0.853251	23.0	0.247941	1.4275	0.753419	24.0	0.229819	1.42119	0.756806
21.545	0.0	0.044196	1.36545	0.900184	1.0	-0.00274889	1.37379	1.22868	2.0	-0.0594376	1.39389	1.54387	3.0	-0.00574008	1.43291	1.68838	4.0	-0.21285	1.39855	1.39699	5.0	-0.255897	1.41675	1.13725	6.0	-0.235299	1.53366	0.905286	7.0	-0.211053	1.5612	0.823799	8.0	0.147481	1.41716	1.40849	9.0	0.217487	1.38487	1.12222	10.0	0.253478	1.44032	0.874476	11.0	0.26012	1.45022	0.819683	12.0	-0.0576911	1.38578	0.897305	13.0	-0.118498	1.30985	0.517782	14.0	-0.107061	1.17043	0.137893	15.0	-0.107374	1.2478	0.0640014	16.0	0.0865901	1.40747	0.906383	17.0	0.110022	1.40175	0.51614	18.0	0.14282	1.39441	0.126329	19.0	0.124348	1.48871	0.0595009	20.0	-0.0435758	1.38687	1.46695	21.0	-0.183201	1.57175	0.757295	22.0	-0.223748	1.51927	0.809556	23.0	0.261868	1.4442	0.750388	24.0	0.256658	1.44181	0.780918
21.578	0.0	0.0572586	1.3858	0.898409	1.0	0.0110591	1.3938	1.22903	2.0	-0.0448176	1.41355	1.54632	3.0	0.0141191	1.45558	1.68705	4.0	-0.198536	1.42363	1.39781	5.0	-0.246518	1.43357	1.13865	6.0	-0.233247	1.53225	0.898327	7.0	-0.216627	1.55027	0.815385	8.0	0.166051	1.43245	1.40646	9.0	0.230782	1.40595	1.11382	10.0	0.262389	1.45707	0.864604	11.0	0.275037	1.47619	0.797924	12.0	-0.0443185	1.40682	0.89508	13.0	-0.113475	1.34168	0.511742	14.0	-0.103446	1.18088	0.136409	15.0	-0.1297	1.24616	0.0568054	16.0	0.0984281	1.42555	0.905195	17.0	0.114646	1.40769	0.517007	18.0	0.143043	1.39664	0.125327	19.0	0.125921	1.49341	0.0589267	20.0	-0.0291539	1.40663	1.46888	21.0	-0.195245	1.55908	0.747673	22.0	-0.141464	1.50922	0.867404	23.0	0.273673	1.47273	0.743418	24.0	0.273599	1.4472	0.789888
21.612	0.0	0.0809616	1.40627	0.900781	1.0	0.0295951	1.41046	1.23086	2.0	-0.0310097	1.42655	1.54766	3.0	0.0271614	1.46683	1.68611	4.0	-0.189797	1.4385	1.39907	5.0	-0.241219	1.444	1.13783	6.0	-0.232948	1.52329	0.89081	7.0	-0.2107	1.53114	0.819801	8.0	0.178711	1.43683	1.41143	9.0	0.249186	1.41326	1.11539	10.0	0.275375	1.47229	0.866796	11.0	0.291114	1.49409	0.799763	12.0	-0.0194832	1.43246	0.898729	13.0	-0.107567	1.37289	0.513529	14.0	-0.101423	1.18693	0.135813	15.0	-0.12924	1.24562	0.0541435	16.0	0.120694	1.44094	0.906403	17.0	0.131415	1.41564	0.495632	18.0	0.144638	1.39719	0.124463	19.0	0.131105	1.48956	0.0575986	20.0	-0.0142019	1.42053	1.47034	21.0	-0.198789	1.53445	0.735879	22.0	-0.13332	1.51914	0.796458	23.0	0.29015	1.49548	0.747934	24.0	0.292976	1.50063	0.806174
21.645	0.0	0.0866138	1.42401	0.89968	1.0	0.0393806	1.4307	1.23083	2.0	-0.0169468	1.44912	1.54878	3.0	0.0340445	1.47947	1.68746	4.0	-0.178893	1.45964	1.40048	5.0	-0.23676	1.45519	1.13517	6.0	-0.236416	1.52299	0.884937	7.0	-0.23778	1.5274	0.817072	8.0	0.191161	1.45681	1.40993	9.0	0.263552	1.44146	1.0994	10.0	0.289968	1.50406	0.851831	11.0	0.294252	1.52209	0.823454	12.0	-0.0156952	1.44733	0.899838	13.0	-0.113314	1.42191	0.517547	14.0	-0.101639	1.20632	0.140379	15.0	-0.14914	1.26456	0.0613827	16.0	0.127714	1.46055	0.902693	17.0	0.134564	1.42322	0.488583	18.0	0.145958	1.39922	0.122603	19.0	0.13067	1.49141	0.0573258	20.0	-0.00119642	1.44257	1.47117	21.0	-0.227261	1.53112	0.741484	22.0	-0.191856	1.53359	0.840232	23.0	0.296938	1.52588	0.750625	24.0	0.303769	1.51568	0.812877
21.678	0.0	0.0873623	1.44275	0.896996	1.0	0.0447475	1.44921	1.22948	2.0	-0.00723287	1.46775	1.54851	3.0	0.0571576	1.52678	1.67748	4.0	-0.16859	1.47795	1.40019	5.0	-0.231306	1.46864	1.12819	6.0	-0.243072	1.52298	0.875137	7.0	-0.249668	1.52191	0.813973	8.0	0.197477	1.47754	1.40284	9.0	0.270744	1.46253	1.08379	10.0	0.300431	1.53146	0.838325	11.0	0.310315	1.55028	0.78848	12.0	-0.0149671	1.46231	0.899698	13.0	-0.114313	1.45981	0.517911	14.0	-0.104303	1.22316	0.14045	15.0	-0.158281	1.28616	0.0649625	16.0	0.127892	1.48287	0.89725	17.0	0.13902	1.43465	0.483621	18.0	0.147305	1.40074	0.122354	19.0	0.13183	1.49158	0.0565757	20.0	0.00744056	1.46116	1.47065	21.0	-0.238344	1.51815	0.73549	22.0	-0.203861	1.53524	0.824966	23.0	0.29975	1.55765	0.750133	24.0	0.301274	1.52448	0.789018
21.712	0.0	0.0858742	1.45667	0.896255	1.0	0.0494085	1.46591	1.22901	2.0	0.00484824	1.48808	1.54817	3.0	0.0576842	1.52936	1.67828	4.0	-0.156616	1.49684	1.39917	5.0	-0.229857	1.47646	1.12455	6.0	-0.246415	1.52138	0.870094	7.0	-0.258215	1.51388	0.810636	8.0	0.202799	1.50191	1.39797	9.0	0.276314	1.48551	1.07367	10.0	0.304977	1.56088	0.829732	11.0	0.31188	1.57912	0.784425	12.0	-0.0175015	1.47385	0.900969	13.0	-0.111087	1.51237	0.524398	14.0	-0.107794	1.25878	0.157516	15.0	-0.127823	1.32024	0.0768976	16.0	0.127346	1.4989	0.894579	17.0	0.146517	1.45608	0.48528	18.0	0.147426	1.40294	0.123199	19.0	0.130741	1.49442	0.0577262	20.0	0.0175344	1.48055	1.47029	21.0	-0.243404	1.51275	0.730057	22.0	-0.223344	1.53667	0.819382	23.0	0.291972	1.59235	0.752822	24.0	0.308028	1.54785	0.787206
21.745	0.0	0.08886	1.46581	0.898685	1.0	0.0563483	1.47995	1.22871	2.0	0.0150156	1.50596	1.54398	3.0	0.0574808	1.52988	1.67897	4.0	-0.150194	1.50849	1.39921	5.0	-0.228129	1.48063	1.12462	6.0	-0.248982	1.52014	0.86959	7.0	-0.263417	1.51076	0.811779	8.0	0.215428	1.50965	1.39894	9.0	0.287958	1.49729	1.07318	10.0	0.309285	1.57817	0.829698	11.0	0.320461	1.60165	0.783425	12.0	-0.0153098	1.48857	0.904303	13.0	-0.105904	1.56316	0.55565	14.0	-0.103862	1.31864	0.181739	15.0	-0.143053	1.34871	0.096178	16.0	0.130377	1.50361	0.896415	17.0	0.170824	1.4902	0.522508	18.0	0.14756	1.40308	0.123237	19.0	0.134604	1.49422	0.0573261	20.0	0.0270642	1.4976	1.46715	21.0	-0.257184	1.50247	0.729228	22.0	-0.22914	1.53987	0.821481	23.0	0.308942	1.6064	0.748659	24.0	0.317189	1.57314	0.792529
21.778	0.0	0.0973472	1.4932	0.90129	1.0	0.0657231	1.50869	1.22778	2.0	0.0235002	1.53417	1.54041	3.0	0.0707616	1.59165	1.66925	4.0	-0.142332	1.52945	1.3995	5.0	-0.227529	1.48618	1.12287	6.0	-0.254616	1.51962	0.867473	7.0	-0.269657	1.51117	0.812924	8.0	0.216617	1.53686	1.39817	9.0	0.289551	1.52661	1.07079	10.0	0.312227	1.6147	0.829666	11.0	0.3139	1.63293	0.784585	12.0	-0.0102923	1.50859	0.904867	13.0	-0.111405	1.62212	0.572625	14.0	-0.102322	1.39731	0.185875	15.0	-0.128393	1.53208	0.148005	16.0	0.142172	1.53595	0.901514	17.0	0.171869	1.50704	0.532251	18.0	0.147494	1.40365	0.123403	19.0	0.133674	1.49871	0.0572935	20.0	0.0358978	1.52601	1.46417	21.0	-0.262187	1.49968	0.729888	22.0	-0.246381	1.54999	0.814704	23.0	0.298591	1.64379	0.751922	24.0	0.308846	1.60452	0.776279
21.812	0.0	0.105913	1.50639	0.90513	1.0	0.0724958	1.52299	1.22845	2.0	0.0286814	1.5509	1.53806	3.0	0.0872876	1.61639	1.65913	4.0	-0.137702	1.54462	1.40062	5.0	-0.224831	1.48885	1.1239	6.0	-0.257254	1.51784	0.868519	7.0	-0.270805	1.50915	0.814323	8.0	0.227383	1.54512	1.40027	9.0	0.298088	1.53632	1.08439	10.0	0.313511	1.62983	0.844117	11.0	0.31991	1.65446	0.789957	12.0	-0.000674557	1.52941	0.907954	13.0	-0.101146	1.63602	0.536973	14.0	-0.0827869	1.42336	0.148642	15.0	-0.131832	1.48469	0.0720049	16.0	0.149313	1.54303	0.905464	17.0	0.206297	1.53571	0.573872	18.0	0.167245	1.41842	0.13861	19.0	0.129048	1.48456	0.0531205	20.0	0.0414998	1.54204	1.4626	21.0	-0.262303	1.49729	0.734063	22.0	-0.242943	1.54127	0.827793	23.0	0.314569	1.65498	0.749925	24.0	0.304998	1.63213	0.768571
21.845	0.0	0.110001	1.52115	0.90764	1.0	0.076539	1.54235	1.22915	2.0	0.0320605	1.57444	1.5367	3.0	0.0883595	1.63695	1.65614	4.0	-0.134642	1.56417	1.40141	5.0	-0.222833	1.49425	1.12718	6.0	-0.259752	1.51542	0.871744	7.0	-0.271817	1.50796	0.817359	8.0	0.239967	1.55987	1.40031	9.0	0.303773	1.54672	1.09139	10.0	0.314968	1.64837	0.853704	11.0	0.321166	1.67662	0.79661	12.0	0.00225562	1.54369	0.909316	13.0	-0.0932609	1.67331	0.53935	14.0	-0.0695236	1.50253	0.129201	15.0	-0.0399734	1.55694	0.0587114	16.0	0.1538	1.55581	0.908922	17.0	0.22356	1.5396	0.582594	18.0	0.169797	1.42915	0.146311	19.0	0.136496	1.50126	0.0583986	20.0	0.0450995	1.56462	1.46176	21.0	-0.265764	1.49987	0.740081	22.0	-0.24306	1.53722	0.831118	23.0	0.309034	1.68179	0.752417	24.0	0.314259	1.6488	0.772984
21.878	0.0	0.115035	1.54491	0.908334	1.0	0.0799448	1.57005	1.22728	2.0	0.0334046	1.6056	1.53241	3.0	0.0849232	1.6705	1.65044	4.0	-0.132153	1.58798	1.40011	5.0	-0.222121	1.50199	1.1336	6.0	-0.265085	1.51214	0.878662	7.0	-0.274386	1.50543	0.82204	8.0	0.239641	1.59729	1.40045	9.0	0.299639	1.57947	1.10174	10.0	0.314235	1.68194	0.864722	11.0	0.312128	1.70821	0.801893	12.0	0.00594772	1.56525	0.908462	13.0	-0.0904437	1.70494	0.537812	14.0	-0.0566364	1.58818	0.107749	15.0	-0.122158	1.67228	0.051709	16.0	0.159837	1.58122	0.911478	17.0	0.120657	1.42935	0.478654	18.0	0.0920359	1.51414	0.030855	19.0	0.0109019	1.62467	0.0559154	20.0	0.0469961	1.59495	1.45806	21.0	-0.264385	1.49753	0.743952	22.0	-0.258309	1.54305	0.813173	23.0	0.304324	1.7094	0.754246	24.0	0.304308	1.68275	0.768893
21.912	0.0	0.111001	1.57508	0.90206	1.0	0.076691	1.60133	1.22139	2.0	0.0310267	1.63733	1.52725	3.0	0.0735904	1.71328	1.63902	4.0	-0.131581	1.61529	1.39646	5.0	-0.223216	1.51192	1.13507	6.0	-0.268444	1.51063	0.880737	7.0	-0.275135	1.49991	0.826217	8.0	0.228319	1.64245	1.39066	9.0	0.293779	1.60606	1.10129	10.0	0.310823	1.70467	0.863114	11.0	0.303154	1.7395	0.801363	12.0	0.00254452	1.58717	0.902595	13.0	-0.0849193	1.73498	0.528777	14.0	-0.0572979	1.68788	0.102967	15.0	-0.118317	1.76616	0.0416151	16.0	0.15452	1.62002	0.905212	17.0	0.122959	1.45677	0.477472	18.0	0.13523	1.42552	0.146512	19.0	0.0465459	1.56203	0.108487	20.0	0.0443972	1.62663	1.45269	21.0	-0.262048	1.48882	0.74524	22.0	-0.260179	1.53922	0.820073	23.0	0.296935	1.74107	0.753825	24.0	0.311826	1.70313	0.782648
21.945	0.0	0.108937	1.58831	0.901454	1.0	0.0739939	1.61815	1.21878	2.0	0.0274573	1.6585	1.52217	3.0	0.0699276	1.71899	1.64021	4.0	-0.134234	1.63447	1.39193	5.0	-0.224176	1.52237	1.13625	6.0	-0.269212	1.50973	0.882706	7.0	-0.275609	1.49297	0.824792	8.0	0.227334	1.65245	1.3908	9.0	0.293462	1.62696	1.09834	10.0	0.302885	1.73174	0.861927	11.0	0.299859	1.76505	0.800242	12.0	-0.000516833	1.60411	0.900495	13.0	-0.0780359	1.7485	0.542101	14.0	-0.048544	1.76141	0.12816	15.0	-0.0962898	1.82989	0.0571507	16.0	0.15318	1.62885	0.905674	17.0	0.122995	1.46469	0.478315	18.0	0.138031	1.42893	0.148286	19.0	0.106385	1.5602	0.107956	20.0	0.0410755	1.64666	1.44828	21.0	-0.266731	1.48076	0.747526	22.0	-0.25977	1.53142	0.819718	23.0	0.288541	1.76949	0.752209	24.0	0.29501	1.74109	0.765169
21.978	0.0	0.108527	1.60675	0.900507	1.0	0.069282	1.64227	1.21422	2.0	0.01711	1.68869	1.51347	3.0	0.0566918	1.74865	1.63083	4.0	-0.141166	1.66587	1.38312	5.0	-0.229685	1.53683	1.13189	6.0	-0.270155	1.50821	0.87973	7.0	-0.277075	1.49005	0.824819	8.0	0.229596	1.66965	1.39256	9.0	0.298731	1.64577	1.0947	10.0	0.303118	1.75199	0.858578	11.0	0.302906	1.78519	0.796545	12.0	-0.000426235	1.62251	0.898294	13.0	-0.0729622	1.75521	0.558151	14.0	-0.0552803	1.82933	0.16264	15.0	-0.0840381	1.95703	0.123908	16.0	0.152021	1.64613	0.906166	17.0	0.123944	1.47558	0.481749	18.0	0.142094	1.43546	0.152631	19.0	0.114644	1.56624	0.111402	20.0	0.0322663	1.67534	1.44066	21.0	-0.278944	1.46927	0.753032	22.0	-0.246147	1.51718	0.819582	23.0	0.293383	1.78782	0.74641	24.0	0.294703	1.75872	0.757329
22.012	0.0	0.101713	1.647	0.901536	1.0	0.0618932	1.67637	1.20985	2.0	0.0103888	1.71574	1.50559	3.0	0.0533116	1.78052	1.62438	4.0	-0.148184	1.68902	1.37572	5.0	-0.234787	1.55689	1.12928	6.0	-0.270589	1.50847	0.880499	7.0	-0.277072	1.48958	0.820795	8.0	0.216887	1.71869	1.38519	9.0	0.292301	1.69475	1.08731	10.0	0.301989	1.78315	0.844977	11.0	0.297462	1.81434	0.788884	12.0	-0.0105536	1.66309	0.897557	13.0	-0.0646937	1.77097	0.557849	14.0	-0.0581587	1.88715	0.115387	15.0	-0.0933474	2.00998	0.13325	16.0	0.147703	1.68552	0.909038	17.0	-0.0231092	1.69775	0.514602	18.0	0.111533	1.45732	0.169184	19.0	0.114963	1.49412	0.0586944	20.0	0.025287	1.70417	1.4335	21.0	-0.266842	1.46089	0.745055	22.0	-0.258166	1.52605	0.806923	23.0	0.286904	1.81519	0.743455	24.0	0.286615	1.78861	0.759726
22.044	0.0	0.073133	1.68694	0.887097	1.0	0.0377068	1.71573	1.19904	2.0	-0.00960231	1.75379	1.49734	3.0	0.0331249	1.81064	1.61995	4.0	-0.162992	1.72518	1.3631	5.0	-0.239337	1.57727	1.12272	6.0	-0.272378	1.51244	0.878155	7.0	-0.276921	1.49493	0.813539	8.0	0.184594	1.76511	1.38058	9.0	0.279533	1.72902	1.08216	10.0	0.285364	1.82905	0.843713	11.0	0.285705	1.84555	0.787296	12.0	-0.0335732	1.6878	0.89158	13.0	-0.0648537	1.78802	0.549851	14.0	-0.0564232	1.90084	0.106798	15.0	-0.093933	2.0123	0.170667	16.0	0.118186	1.73481	0.888156	17.0	0.0496454	1.71485	0.522657	18.0	0.124245	1.45942	0.167116	19.0	0.119182	1.49697	0.0575769	20.0	0.00426136	1.74265	1.42472	21.0	-0.259963	1.45954	0.733342	22.0	-0.254536	1.52833	0.80769	23.0	0.272587	1.84456	0.74195	24.0	0.283371	1.81801	0.752121
22.078	0.0	0.0663131	1.69286	0.884534	1.0	0.0274068	1.72661	1.1948	2.0	-0.0243002	1.77151	1.49096	3.0	0.0211181	1.81922	1.61758	4.0	-0.177557	1.74969	1.35213	5.0	-0.249447	1.60723	1.11447	6.0	-0.275143	1.52574	0.875177	7.0	-0.277865	1.50712	0.803263	8.0	0.186778	1.77031	1.37909	9.0	0.283266	1.74171	1.08371	10.0	0.289208	1.83912	0.844301	11.0	0.292837	1.86287	0.788656	12.0	-0.0471307	1.70475	0.886664	13.0	-0.0631908	1.83814	0.553852	14.0	-0.0647016	1.91747	0.167043	15.0	-0.0945122	2.02235	0.127063	16.0	0.112352	1.73739	0.886175	17.0	0.0181652	1.71558	0.505521	18.0	0.120294	1.45705	0.160955	19.0	0.125988	1.50011	0.0576365	20.0	-0.00926318	1.75849	1.41891	21.0	-0.264678	1.47489	0.731514	22.0	-0.255805	1.53841	0.791412	23.0	0.279265	1.86482	0.744423	24.0	0.294585	1.84133	0.770182
22.112	0.0	0.0517908	1.72927	0.876311	1.0	0.00618882	1.7622	1.18577	2.0	-0.0513128	1.80415	1.48169	3.0	-0.00715105	1.84409	1.60996	4.0	-0.194228	1.7757	1.3433	5.0	-0.26047	1.63824	1.10657	6.0	-0.282716	1.55477	0.86786	7.0	-0.277801	1.52717	0.785922	8.0	0.15949	1.81855	1.37629	9.0	0.28041	1.78429	1.08971	10.0	0.29536	1.86444	0.845322	11.0	0.291318	1.8903	0.790788	12.0	-0.0588356	1.73344	0.87843	13.0	-0.0667315	1.87525	0.549087	14.0	-0.0703148	1.9424	0.175	15.0	-0.0991948	2.04895	0.137961	16.0	0.0959985	1.77702	0.879622	17.0	-8.93793e-05	1.74399	0.495652	18.0	0.113938	1.47175	0.166837	19.0	0.130276	1.50531	0.0573207	20.0	-0.0349414	1.79208	1.40966	21.0	-0.261389	1.49907	0.710251	22.0	-0.263595	1.57557	0.791854	23.0	0.276366	1.89069	0.746432	24.0	0.287226	1.86906	0.763215
22.144	0.0	0.0466426	1.74943	0.871793	1.0	-0.00566099	1.78469	1.18193	2.0	-0.0722185	1.83097	1.4784	3.0	-0.0271104	1.88032	1.60705	4.0	-0.210937	1.79756	1.33739	5.0	-0.270485	1.67233	1.09386	6.0	-0.295645	1.59214	0.85403	7.0	-0.283291	1.5587	0.772364	8.0	0.124616	1.8659	1.36918	9.0	0.259465	1.82828	1.08633	10.0	0.289481	1.90194	0.842228	11.0	0.290931	1.91526	0.789033	12.0	-0.0624861	1.7433	0.874266	13.0	-0.0724423	1.92746	0.562123	14.0	-0.0727138	1.95149	0.177132	15.0	-0.10134	2.05802	0.140246	16.0	0.0880005	1.8134	0.874959	17.0	-0.0101429	1.76674	0.491663	18.0	0.108833	1.4876	0.170958	19.0	0.134009	1.51949	0.0608835	20.0	-0.0532968	1.81763	1.40627	21.0	-0.262801	1.5305	0.706587	22.0	-0.263998	1.59752	0.770898	23.0	0.283285	1.91208	0.749607	24.0	0.293884	1.88875	0.774023
22.178	0.0	0.0416961	1.77515	0.874033	1.0	-0.0156035	1.80677	1.18316	2.0	-0.0850884	1.84856	1.47856	3.0	-0.0526164	1.89145	1.60799	4.0	-0.224058	1.81506	1.33649	5.0	-0.275803	1.70645	1.08221	6.0	-0.310589	1.63721	0.839204	7.0	-0.292165	1.59641	0.760095	8.0	0.115349	1.88288	1.37515	9.0	0.258629	1.8415	1.09615	10.0	0.289114	1.91151	0.851132	11.0	0.300581	1.93394	0.798435	12.0	-0.0685122	1.76708	0.872588	13.0	-0.0746687	1.94425	0.557556	14.0	-0.0742601	1.95959	0.183032	15.0	-0.102873	2.06625	0.146401	16.0	0.0844909	1.83426	0.880205	17.0	-0.0229846	1.78963	0.497545	18.0	0.108164	1.50983	0.182801	19.0	0.13159	1.53193	0.0719161	20.0	-0.0656861	1.83645	1.40671	21.0	-0.261285	1.55676	0.684941	22.0	-0.277737	1.63651	0.759126	23.0	0.28981	1.93458	0.758315	24.0	0.291093	1.90875	0.7809
22.212	0.0	0.0220688	1.80786	0.876294	1.0	-0.0322284	1.8348	1.18499	2.0	-0.0987439	1.87182	1.47969	3.0	-0.0738503	1.9044	1.61427	4.0	-0.23769	1.83158	1.34075	5.0	-0.279968	1.73714	1.07719	6.0	-0.312934	1.67797	0.830875	7.0	-0.305277	1.6483	0.753865	8.0	0.0850932	1.92977	1.37048	9.0	0.23962	1.8802	1.10958	10.0	0.280074	1.94337	0.864788	11.0	0.291797	1.95198	0.805542	12.0	-0.0860828	1.79141	0.875078	13.0	-0.0775053	1.96097	0.558277	14.0	-0.0714688	1.98527	0.103944	15.0	-0.132636	2.09608	0.0706071	16.0	0.0613803	1.87845	0.882463	17.0	-0.0442607	1.8281	0.499575	18.0	0.107293	1.54429	0.199062	19.0	0.136765	1.54713	0.093058	20.0	-0.0800657	1.86088	1.40805	21.0	-0.291607	1.61551	0.683363	22.0	-0.271768	1.68185	0.770941	23.0	0.300065	1.94554	0.764924	24.0	0.286528	1.92946	0.792363
22.245	0.0	0.0292197	1.81864	0.88114	1.0	-0.0321053	1.84382	1.1879	2.0	-0.105323	1.88223	1.48172	3.0	-0.078295	1.92067	1.61655	4.0	-0.246889	1.84769	1.34201	5.0	-0.285804	1.76873	1.07024	6.0	-0.319027	1.73462	0.818162	7.0	-0.313796	1.70675	0.741317	8.0	0.0923241	1.93039	1.37932	9.0	0.244767	1.88433	1.12348	10.0	0.288054	1.95211	0.880398	11.0	0.299074	1.95659	0.815082	12.0	-0.0784228	1.81275	0.878902	13.0	-0.0799093	1.96778	0.554993	14.0	-0.0697592	1.98728	0.100821	15.0	-0.124162	2.09937	0.0666152	16.0	0.0685001	1.88149	0.888017	17.0	-0.0251841	1.83781	0.510503	18.0	0.130927	1.56615	0.200866	19.0	0.158794	1.57347	0.0933757	20.0	-0.0846909	1.87071	1.41028	21.0	-0.306579	1.68258	0.670078	22.0	-0.284503	1.73489	0.738967	23.0	0.309859	1.95241	0.771584	24.0	0.322569	1.92559	0.806623
22.278	0.0	0.0202945	1.84228	0.884243	1.0	-0.0420924	1.86677	1.19264	2.0	-0.115562	1.90058	1.48662	3.0	-0.0896622	1.94052	1.62186	4.0	-0.259455	1.86834	1.34583	5.0	-0.292497	1.79981	1.06846	6.0	-0.324258	1.78924	0.813227	7.0	-0.320229	1.77627	0.732877	8.0	0.0862152	1.9452	1.38538	9.0	0.24097	1.90406	1.14094	10.0	0.285826	1.9828	0.901205	11.0	0.281579	1.97296	0.850194	12.0	-0.0883364	1.83295	0.880741	13.0	-0.0867433	1.97738	0.5533	14.0	-0.0684265	1.9876	0.0996513	15.0	-0.120857	2.09932	0.0658869	16.0	0.061285	1.90121	0.891953	17.0	-0.0370348	1.86138	0.508784	18.0	0.150439	1.60781	0.202337	19.0	0.100257	1.73517	0.161064	20.0	-0.0952098	1.89056	1.41526	21.0	-0.314263	1.7575	0.656331	22.0	-0.287219	1.79841	0.742249	23.0	0.300302	1.96809	0.78681	24.0	0.299708	1.9522	0.805258
22.312	0.0	0.0196417	1.85196	0.885158	1.0	-0.0444876	1.87758	1.19501	2.0	-0.12074	1.91359	1.4908	3.0	-0.0951322	1.95008	1.62427	4.0	-0.267444	1.88352	1.34896	5.0	-0.299017	1.82669	1.06782	6.0	-0.328977	1.84982	0.8119	7.0	-0.328148	1.85455	0.739601	8.0	0.0798616	1.95925	1.39002	9.0	0.236957	1.91997	1.15893	10.0	0.282611	1.99446	0.918037	11.0	0.299709	2.01565	0.843097	12.0	-0.0904958	1.84426	0.881111	13.0	-0.0917001	1.98623	0.552602	14.0	-0.0682975	1.98829	0.0995041	15.0	-0.11964	2.09873	0.0660449	16.0	0.0612093	1.91035	0.893603	17.0	-0.152841	1.93436	0.455771	18.0	0.112425	1.68628	0.213241	19.0	0.0624627	1.81298	0.171977	20.0	-0.099599	1.90291	1.41893	21.0	-0.317664	1.8493	0.653187	22.0	-0.359329	1.91472	0.716844	23.0	0.318301	2.01054	0.779755	24.0	0.317548	1.99434	0.798259
22.344	0.0	0.00833638	1.86164	0.883447	1.0	-0.0523945	1.88875	1.19729	2.0	-0.126076	1.92699	1.49678	3.0	-0.101507	1.96402	1.62871	4.0	-0.273619	1.89913	1.35207	5.0	-0.306783	1.8566	1.08177	6.0	-0.337525	1.91468	0.819823	7.0	-0.335745	1.9318	0.751327	8.0	0.0791396	1.95889	1.38887	9.0	0.237361	1.92751	1.16499	10.0	0.28212	1.98905	0.920605	11.0	0.297948	2.01117	0.845652	12.0	-0.101352	1.85392	0.879689	13.0	-0.0928777	1.99615	0.552577	14.0	-0.0684725	1.98937	0.0998419	15.0	-0.116164	2.09997	0.0673564	16.0	0.0490076	1.92005	0.89185	17.0	-0.158311	1.94133	0.456412	18.0	0.121877	1.70496	0.219362	19.0	0.0764167	1.83221	0.178137	20.0	-0.105595	1.9157	1.42398	21.0	-0.32407	1.947	0.667887	22.0	-0.366024	1.99609	0.729065	23.0	0.316553	2.00608	0.782295	24.0	0.316616	1.99197	0.799614
22.378	0.0	0.00758504	1.88449	0.884764	1.0	-0.0553864	1.90683	1.20029	2.0	-0.130309	1.93982	1.50058	3.0	-0.105869	1.97897	1.63025	4.0	-0.279341	1.91488	1.35401	5.0	-0.313281	1.88013	1.08607	6.0	-0.342276	1.96544	0.841079	7.0	-0.34193	1.99995	0.766074	8.0	0.05081	2.00321	1.39228	9.0	0.21934	1.96051	1.15555	10.0	0.29259	1.99787	0.915544	11.0	0.180641	1.97588	0.877795	12.0	-0.10269	1.8762	0.879962	13.0	-0.09513	2.00313	0.548131	14.0	-0.0676645	1.98819	0.096143	15.0	-0.124643	2.09777	0.0632785	16.0	0.0483027	1.94265	0.89429	17.0	-0.157753	1.96368	0.456845	18.0	0.125472	1.72821	0.222592	19.0	0.197565	1.74961	0.148708	20.0	-0.109598	1.92986	1.42769	21.0	-0.339389	2.02763	0.694717	22.0	-0.459178	2.04076	0.809998	23.0	0.160221	1.9916	0.857858	24.0	0.170776	1.98272	0.874913
22.411	0.0	0.0159329	1.93403	0.893147	1.0	-0.055079	1.93372	1.20599	2.0	-0.1341	1.95123	1.5041	3.0	-0.109578	1.99044	1.63205	4.0	-0.283331	1.93075	1.35649	5.0	-0.322721	1.9082	1.09346	6.0	-0.345066	2.01413	0.85539	7.0	-0.344192	2.05296	0.784956	8.0	0.0545202	2.00318	1.39758	9.0	0.220788	1.96199	1.15577	10.0	0.285244	2.00307	0.913243	11.0	0.190217	1.98948	0.844021	12.0	-0.0952294	1.93094	0.885799	13.0	-0.100225	2.00862	0.542159	14.0	-0.0674183	1.98382	0.091504	15.0	-0.118008	2.10089	0.0584904	16.0	0.0557961	1.98285	0.904159	17.0	-0.0968044	1.97954	0.45887	18.0	0.187622	1.74414	0.225887	19.0	0.25365	1.80322	0.15279	20.0	-0.112692	1.94445	1.4317	21.0	-0.335177	2.08377	0.713688	22.0	-0.435696	2.07938	0.801379	23.0	0.195503	1.9868	0.774266	24.0	0.182047	1.99462	0.775961
22.445	0.0	0.0434244	1.95683	0.890515	1.0	-0.0458799	1.95115	1.20728	2.0	-0.13755	1.96176	1.50741	3.0	-0.111773	2.00199	1.63534	4.0	-0.287335	1.94623	1.35788	5.0	-0.326794	1.93156	1.09714	6.0	-0.342937	2.05177	0.865148	7.0	-0.341335	2.10347	0.797184	8.0	0.0566449	2.00629	1.4008	9.0	0.221308	1.96763	1.16077	10.0	0.268723	2.01432	0.914202	11.0	0.174473	2.01335	0.858874	12.0	-0.0675633	1.95544	0.884597	13.0	-0.108235	2.01306	0.537062	14.0	-0.0661758	1.97951	0.088311	15.0	-0.110422	2.10167	0.0559159	16.0	0.0838662	2.00562	0.900723	17.0	0.227647	1.9402	0.543516	18.0	0.347381	1.80477	0.145548	19.0	0.342093	1.85276	0.0677552	20.0	-0.113361	1.95637	1.43456	21.0	-0.329648	2.13977	0.731874	22.0	-0.384465	2.12447	0.788028	23.0	0.179236	2.02016	0.814517	24.0	0.173016	2.02479	0.817466
22.478	0.0	0.0414571	1.96815	0.88886	1.0	-0.0458905	1.96445	1.20706	2.0	-0.140054	1.97255	1.50917	3.0	-0.114017	2.014	1.63662	4.0	-0.290938	1.95971	1.35944	5.0	-0.333161	1.95466	1.09806	6.0	-0.342774	2.08607	0.871695	7.0	-0.34068	2.14639	0.807373	8.0	0.0437978	2.02505	1.40214	9.0	0.210275	1.99359	1.15416	10.0	0.350441	1.96543	0.952249	11.0	0.392988	1.95562	0.896191	12.0	-0.0692236	1.96452	0.882341	13.0	-0.110728	2.01285	0.53423	14.0	-0.0651408	1.9792	0.0859148	15.0	-0.111552	2.10189	0.0530561	16.0	0.0807852	2.01872	0.900042	17.0	0.213545	1.95707	0.535852	18.0	0.348213	1.81851	0.142934	19.0	0.333646	1.88086	0.0683877	20.0	-0.115004	1.96861	1.43593	21.0	-0.321187	2.18276	0.746973	22.0	-0.384705	2.15815	0.798526	23.0	0.397583	1.96214	0.85158	24.0	0.356845	1.97112	0.91815
22.512	0.0	0.0282246	1.98036	0.88654	1.0	-0.0505227	1.97433	1.20718	2.0	-0.141387	1.98144	1.51112	3.0	-0.115046	2.02349	1.6385	4.0	-0.292792	1.97118	1.35991	5.0	-0.338384	1.97174	1.09855	6.0	-0.345302	2.11867	0.88141	7.0	-0.341179	2.18117	0.817146	8.0	0.04244	2.03093	1.4029	9.0	0.206908	2.00091	1.15629	10.0	0.346648	1.97368	0.95386	11.0	0.390573	1.9638	0.895684	12.0	-0.0858186	1.97915	0.879354	13.0	-0.111599	2.01221	0.531177	14.0	-0.0645611	1.9796	0.083002	15.0	-0.109831	2.10323	0.0496966	16.0	0.0701615	2.02841	0.89841	17.0	0.211711	1.96576	0.519278	18.0	0.346781	1.87821	0.157843	19.0	0.296537	2.00287	0.120634	20.0	-0.1169	1.97778	1.43744	21.0	-0.326727	2.21924	0.760208	22.0	-0.37837	2.18169	0.798936	23.0	0.395152	1.97029	0.851075	24.0	0.354764	1.978	0.917728
22.544	0.0	0.0248637	1.98428	0.889969	1.0	-0.0527476	1.98039	1.21009	2.0	-0.142233	1.98866	1.51374	3.0	-0.11493	2.03125	1.64122	4.0	-0.293204	1.9816	1.36018	5.0	-0.341853	1.99291	1.09894	6.0	-0.347958	2.14684	0.886478	7.0	-0.344878	2.20591	0.827362	8.0	0.0560587	2.02558	1.43434	9.0	0.218947	1.99505	1.18948	10.0	0.358594	1.96716	0.986814	11.0	0.403989	1.95675	0.92664	12.0	-0.090206	1.98663	0.884195	13.0	-0.113115	2.01203	0.536021	14.0	-0.0651413	1.98011	0.0878566	15.0	-0.105862	2.10529	0.0542764	16.0	0.0676885	2.02972	0.900639	17.0	0.202093	1.98179	0.527951	18.0	0.348279	1.91447	0.170795	19.0	0.302719	2.03941	0.133646	20.0	-0.118033	1.9848	1.44013	21.0	-0.329219	2.24514	0.768279	22.0	-0.373713	2.19691	0.798022	23.0	0.408567	1.96324	0.881858	24.0	0.367796	1.97219	0.948208
22.578	0.0	0.0209238	1.98946	0.887536	1.0	-0.0548212	1.98721	1.20977	2.0	-0.142534	1.99719	1.5159	3.0	-0.113456	2.04294	1.64168	4.0	-0.293536	1.99152	1.36091	5.0	-0.344832	2.00696	1.10003	6.0	-0.347397	2.16142	0.887989	7.0	-0.345921	2.22891	0.827657	8.0	0.0483105	2.04163	1.42161	9.0	0.210582	2.01126	1.17645	10.0	0.349768	1.98351	0.973512	11.0	0.395079	1.97315	0.91318	12.0	-0.0946144	1.99094	0.884108	13.0	-0.114307	2.01281	0.536185	14.0	-0.0656065	1.98067	0.0881722	15.0	-0.108166	2.10553	0.0541816	16.0	0.0641755	2.03543	0.895431	17.0	0.187375	2.00116	0.532109	18.0	0.326957	1.96399	0.17785	19.0	0.279315	2.08802	0.140548	20.0	-0.118748	1.99288	1.44162	21.0	-0.329598	2.26357	0.771323	22.0	-0.378203	2.221	0.800289	23.0	0.39963	1.97958	0.868473	24.0	0.35883	1.98847	0.934926
22.612	0.0	0.011118	1.99981	0.886265	1.0	-0.0586648	1.99762	1.20951	2.0	-0.141814	2.0076	1.51641	3.0	-0.11262	2.05386	1.64212	4.0	-0.294401	2.00084	1.36178	5.0	-0.345799	2.01892	1.10092	6.0	-0.347679	2.18183	0.89504	7.0	-0.34936	2.24127	0.833359	8.0	0.0417333	2.05294	1.41754	9.0	0.203937	2.02236	1.17241	10.0	0.343091	1.99444	0.969509	11.0	0.388419	1.98403	0.909153	12.0	-0.105334	2.00009	0.885873	13.0	-0.116987	2.01492	0.53874	14.0	-0.0737591	1.97796	0.0904209	15.0	-0.117592	2.10281	0.0561864	16.0	0.0552913	2.04622	0.89136	17.0	0.169064	2.01474	0.537151	18.0	0.324685	1.97201	0.169112	19.0	0.276205	2.09582	0.132018	20.0	-0.119075	2.00327	1.44198	21.0	-0.332167	2.27957	0.774056	22.0	-0.37703	2.22932	0.805642	23.0	0.392953	1.99044	0.86447	24.0	0.352133	1.99928	0.930955
22.645	0.0	0.00351005	2.00806	0.88558	1.0	-0.0621267	2.00713	1.20947	2.0	-0.141131	2.01795	1.51696	3.0	-0.110695	2.06637	1.64151	4.0	-0.294433	2.00922	1.36206	5.0	-0.347311	2.03242	1.10159	6.0	-0.349129	2.19253	0.893619	7.0	-0.350848	2.25053	0.834286	8.0	0.0421713	2.05564	1.41884	9.0	0.204344	2.02501	1.17369	10.0	0.343477	1.99705	0.970763	11.0	0.388807	1.98664	0.910397	12.0	-0.113408	2.00878	0.886922	13.0	-0.119543	2.01676	0.540657	14.0	-0.0721122	1.97909	0.0928654	15.0	-0.114287	2.10443	0.0585143	16.0	0.0481685	2.0536	0.889194	17.0	0.162194	2.02113	0.536138	18.0	0.339559	1.99629	0.126895	19.0	0.250707	2.02807	0.0595292	20.0	-0.119409	2.01344	1.44239	21.0	-0.332616	2.28855	0.773579	22.0	-0.374183	2.23319	0.802776	23.0	0.393335	1.99303	0.865706	24.0	0.352505	2.00186	0.932183
22.678	0.0	-0.0071348	2.01833	0.883471	1.0	-0.0666486	2.01792	1.20878	2.0	-0.140421	2.02932	1.51732	3.0	-0.107973	2.08329	1.6379	4.0	-0.294568	2.01792	1.36289	5.0	-0.347819	2.03967	1.10236	6.0	-0.349209	2.19827	0.893278	7.0	-0.350628	2.25572	0.834134	8.0	0.0312706	2.0753	1.41572	9.0	0.196444	2.06345	1.17137	10.0	0.338478	2.05114	0.968499	11.0	0.385278	2.0454	0.907399	12.0	-0.122764	2.01558	0.886382	13.0	-0.121755	2.02002	0.541263	14.0	-0.0724463	1.98069	0.0939321	15.0	-0.118703	2.10524	0.0593623	16.0	0.0360944	2.0677	0.885287	17.0	0.173901	2.04647	0.454891	18.0	0.290792	2.01994	0.149778	19.0	0.239665	2.14299	0.114531	20.0	-0.119956	2.02464	1.44252	21.0	-0.334865	2.29513	0.773054	22.0	-0.385842	2.25565	0.807664	23.0	0.389674	2.05153	0.862728	24.0	0.34868	2.06002	0.92924
22.712	0.0	-0.0070823	2.02255	0.883862	1.0	-0.0656201	2.024	1.20914	2.0	-0.137508	2.03646	1.51768	3.0	-0.102853	2.09275	1.63679	4.0	-0.292454	2.02722	1.36244	5.0	-0.348129	2.04578	1.10215	6.0	-0.348236	2.20254	0.8918	7.0	-0.345883	2.25588	0.831805	8.0	0.0441346	2.07573	1.41999	9.0	0.212928	2.06143	1.17885	10.0	0.358067	2.04706	0.978664	11.0	0.405817	2.04071	0.91839	12.0	-0.123364	2.02355	0.887242	13.0	-0.121842	2.02075	0.542831	14.0	-0.0770196	1.97562	0.0954128	15.0	-0.120333	2.10098	0.0607406	16.0	0.036371	2.06904	0.885431	17.0	0.17347	2.04814	0.454756	18.0	0.289911	2.02185	0.149327	19.0	0.242053	2.14533	0.114074	20.0	-0.117532	2.03167	1.44288	21.0	-0.332679	2.29148	0.769426	22.0	-0.380591	2.24794	0.806641	23.0	0.4102	2.04682	0.873655	24.0	0.369187	2.05528	0.940078
22.745	0.0	-0.0152814	2.03215	0.88101	1.0	-0.0686457	2.03424	1.20768	2.0	-0.135808	2.0479	1.51728	3.0	-0.101537	2.10193	1.63871	4.0	-0.2912	2.03613	1.36201	5.0	-0.347523	2.05283	1.10174	6.0	-0.346449	2.20608	0.888984	7.0	-0.341193	2.25434	0.828148	8.0	0.0329062	2.09133	1.41563	9.0	0.201443	2.07556	1.17443	10.0	0.346377	2.05995	0.974243	11.0	0.394071	2.05324	0.913964	12.0	-0.131173	2.02942	0.885722	13.0	-0.122347	2.02317	0.542815	14.0	-0.0790677	1.97461	0.0955211	15.0	-0.125821	2.0996	0.0606451	16.0	0.0283705	2.08148	0.881369	17.0	0.161684	2.05634	0.44979	18.0	0.275547	2.02711	0.143585	19.0	0.225195	2.15017	0.108373	20.0	-0.117028	2.04273	1.44224	21.0	-0.326071	2.28984	0.765672	22.0	-0.367569	2.23585	0.805427	23.0	0.39844	2.05932	0.869255	24.0	0.357409	2.06774	0.935717
