28.158	0.0	0.0134979	-0.351538	0.866802	1.0	0.0104847	-0.374014	1.17186	2.0	0.00356543	-0.383359	1.4716	3.0	0.0314941	-0.415415	1.61124	4.0	-0.143286	-0.336577	1.34505	5.0	-0.221997	-0.291131	1.15887	6.0	-0.197548	-0.148191	0.942818	7.0	-0.191137	-0.0854771	0.887373	8.0	0.165085	-0.324336	1.31851	9.0	0.24157	-0.318578	1.07483	10.0	0.266209	-0.247298	0.897749	11.0	0.260377	-0.199243	0.801912	12.0	-0.0631241	-0.318979	0.868026	13.0	-0.0981199	-0.437403	0.458557	14.0	-0.06601	-0.687062	0.15175	15.0	-0.0815891	-0.556541	0.116966	16.0	0.0600655	-0.314619	0.86886	17.0	0.0654439	-0.18137	0.482857	18.0	0.0349703	-0.133042	0.151929	19.0	0.0217662	-0.0339101	0.0829703	20.0	0.00633181	-0.382238	1.39777	21.0	-0.166994	-0.0648157	0.848932	22.0	-0.208639	-0.046659	0.885317	23.0	0.258383	-0.198918	0.736348	24.0	0.261823	-0.155295	0.813337
28.192	0.0	0.0244164	-0.323731	0.874614	1.0	0.0210425	-0.338411	1.18163	2.0	0.012179	-0.341256	1.48284	3.0	0.0396467	-0.376635	1.62723	4.0	-0.142911	-0.308411	1.35149	5.0	-0.225399	-0.256351	1.15626	6.0	-0.197496	-0.13417	0.942822	7.0	-0.187756	-0.073535	0.889393	8.0	0.174138	-0.302781	1.32142	9.0	0.24464	-0.285106	1.07815	10.0	0.257484	-0.202092	0.891394	11.0	0.249252	-0.177671	0.80328	12.0	-0.0538309	-0.287302	0.877016	13.0	-0.100806	-0.371071	0.474194	14.0	-0.0670479	-0.63019	0.173724	15.0	-0.0807057	-0.500445	0.138535	16.0	0.072201	-0.290006	0.875637	17.0	0.070432	-0.174122	0.480943	18.0	0.0351563	-0.132394	0.152052	19.0	0.0221714	-0.0337892	0.0817217	20.0	0.0151681	-0.343675	1.4081	21.0	-0.163984	-0.0520516	0.845603	22.0	-0.218833	-0.0474519	0.86922	23.0	0.24812	-0.180358	0.735766	24.0	0.249667	-0.136347	0.799696
28.224	0.0	0.0331477	-0.29727	0.878868	1.0	0.0274529	-0.305928	1.18488	2.0	0.0162224	-0.301539	1.48491	3.0	0.0459418	-0.331065	1.63242	4.0	-0.127829	-0.255533	1.36191	5.0	-0.211316	-0.23114	1.16814	6.0	-0.197335	-0.0987266	0.941365	7.0	-0.18696	-0.0558497	0.886794	8.0	0.178052	-0.24697	1.33339	9.0	0.24355	-0.258358	1.08623	10.0	0.257457	-0.193976	0.893102	11.0	0.246208	-0.159345	0.807528	12.0	-0.0471335	-0.263477	0.881993	13.0	-0.108566	-0.307088	0.492705	14.0	-0.0763435	-0.567896	0.189305	15.0	-0.0912791	-0.437871	0.153312	16.0	0.0827285	-0.261723	0.878837	17.0	0.0733259	-0.167515	0.480173	18.0	0.0380121	-0.131532	0.155155	19.0	0.0229007	-0.0334343	0.0815811	20.0	0.0201099	-0.304259	1.41075	21.0	-0.165504	-0.0314106	0.834109	22.0	-0.212181	-0.0130448	0.860592	23.0	0.22773	-0.147669	0.74073	24.0	0.256827	-0.123617	0.789455
28.259	0.0	0.0408745	-0.27657	0.88325	1.0	0.0338156	-0.277185	1.18973	2.0	0.0208494	-0.264999	1.49027	3.0	0.0542348	-0.281242	1.63766	4.0	-0.126191	-0.232281	1.35919	5.0	-0.207379	-0.190924	1.1606	6.0	-0.195129	-0.0914444	0.938845	7.0	-0.193094	-0.0220408	0.873274	8.0	0.178869	-0.225031	1.33437	9.0	0.245754	-0.242215	1.08757	10.0	0.255156	-0.183136	0.896203	11.0	0.240242	-0.14134	0.813729	12.0	-0.0396361	-0.246405	0.886317	13.0	-0.103984	-0.24883	0.497353	14.0	-0.0809901	-0.507514	0.186937	15.0	-0.0959496	-0.377417	0.150086	16.0	0.0903761	-0.237097	0.883249	17.0	0.0753172	-0.160676	0.481795	18.0	0.0380155	-0.13046	0.154989	19.0	0.0241436	-0.0331705	0.0806173	20.0	0.0250487	-0.270764	1.41588	21.0	-0.172621	-0.00347978	0.831323	22.0	-0.217779	0.006305	0.885862	23.0	0.229252	-0.142872	0.741848	24.0	0.243638	-0.125837	0.770806
28.292	0.0	0.0625792	-0.235043	0.885128	1.0	0.0471132	-0.239392	1.19091	2.0	0.0274949	-0.231527	1.49093	3.0	0.0601166	-0.253095	1.63939	4.0	-0.121534	-0.204217	1.35905	5.0	-0.206362	-0.179467	1.16303	6.0	-0.194629	-0.0804036	0.935693	7.0	-0.193644	-0.0155339	0.865999	8.0	0.187462	-0.197177	1.33529	9.0	0.248306	-0.207132	1.08519	10.0	0.248913	-0.162425	0.89691	11.0	0.23227	-0.124555	0.811926	12.0	-0.0208583	-0.202032	0.887933	13.0	-0.10122	-0.206622	0.494455	14.0	-0.0780712	-0.458916	0.176677	15.0	-0.113188	-0.451236	0.0963883	16.0	0.114282	-0.199137	0.885413	17.0	0.0771193	-0.152961	0.485169	18.0	0.0380301	-0.130032	0.154696	19.0	0.0239649	-0.0332961	0.0805885	20.0	0.0333625	-0.235457	1.41673	21.0	-0.175845	0.00545057	0.816858	22.0	-0.223724	0.0177222	0.864128	23.0	0.219492	-0.10588	0.743743	24.0	0.229465	-0.0714183	0.805585
28.325	0.0	0.0658452	-0.2226	0.884858	1.0	0.050012	-0.21703	1.19049	2.0	0.0284751	-0.196788	1.49028	3.0	0.0618198	-0.198915	1.64005	4.0	-0.119072	-0.178463	1.36107	5.0	-0.203474	-0.150857	1.15638	6.0	-0.196577	-0.0612374	0.931803	7.0	-0.199759	-0.00424088	0.860742	8.0	0.187339	-0.158385	1.34198	9.0	0.248781	-0.177456	1.0923	10.0	0.252467	-0.141674	0.897841	11.0	0.228194	-0.103866	0.811838	12.0	-0.0175034	-0.192144	0.887378	13.0	-0.0939592	-0.173033	0.48188	14.0	-0.0725314	-0.392708	0.149813	15.0	-0.123627	-0.349942	0.0775887	16.0	0.117335	-0.183983	0.885514	17.0	0.0790075	-0.145119	0.48395	18.0	0.0382382	-0.130024	0.153504	19.0	0.0231247	-0.0361745	0.0795955	20.0	0.0349179	-0.204474	1.41616	21.0	-0.183185	0.0199101	0.81314	22.0	-0.234011	0.019092	0.872384	23.0	0.220515	-0.104241	0.7419	24.0	0.242554	-0.0749221	0.785377
28.359	0.0	0.0726441	-0.202708	0.888219	1.0	0.0585415	-0.19023	1.19285	2.0	0.0386601	-0.166424	1.49119	3.0	0.0664177	-0.18461	1.64131	4.0	-0.116026	-0.150279	1.36101	5.0	-0.20148	-0.131623	1.15891	6.0	-0.202874	-0.0389663	0.924917	7.0	-0.203416	-0.00123747	0.852446	8.0	0.193891	-0.139255	1.34551	9.0	0.24791	-0.164522	1.09395	10.0	0.249094	-0.109689	0.891353	11.0	0.223426	-0.0924744	0.804335	12.0	-0.00919756	-0.172587	0.891161	13.0	-0.0909079	-0.117497	0.478838	14.0	-0.0760446	-0.297963	0.155519	15.0	-0.123169	-0.250029	0.0827847	16.0	0.122511	-0.16426	0.888356	17.0	0.0800577	-0.129399	0.478931	18.0	0.0384123	-0.127379	0.152596	19.0	0.0221673	-0.0416044	0.076994	20.0	0.0447169	-0.174403	1.41746	21.0	-0.188001	0.0156989	0.801694	22.0	-0.244226	0.0379538	0.838531	23.0	0.225303	-0.101748	0.731522	24.0	0.2323	-0.0786333	0.749588
28.392	0.0	0.0745389	-0.174553	0.890072	1.0	0.0606802	-0.164825	1.19595	2.0	0.0413764	-0.143	1.49574	3.0	0.0735851	-0.144621	1.64387	4.0	-0.112028	-0.125087	1.36194	5.0	-0.202708	-0.115912	1.15966	6.0	-0.21089	-0.0169172	0.921263	7.0	-0.195825	0.000177021	0.847798	8.0	0.203389	-0.115371	1.34139	9.0	0.248965	-0.120761	1.08441	10.0	0.252127	-0.101488	0.890553	11.0	0.224675	-0.0763575	0.800954	12.0	-0.00685417	-0.147058	0.893148	13.0	-0.0694155	-0.0692483	0.478636	14.0	-0.0583246	-0.189115	0.134459	15.0	-0.080194	-0.103952	0.0721715	16.0	0.123721	-0.133577	0.890017	17.0	0.0778406	-0.114474	0.477572	18.0	0.0359742	-0.124411	0.15046	19.0	0.0217811	-0.0418157	0.0763427	20.0	0.04722	-0.15073	1.42162	21.0	-0.197159	0.0264062	0.796518	22.0	-0.241164	0.0446248	0.858184	23.0	0.215223	-0.0780727	0.7325	24.0	0.238561	-0.0467415	0.779569
28.425	0.0	0.0725616	-0.15508	0.889548	1.0	0.0595457	-0.14418	1.19609	2.0	0.0411985	-0.121667	1.49667	3.0	0.0751662	-0.120876	1.64271	4.0	-0.108664	-0.105631	1.3625	5.0	-0.203213	-0.0997266	1.15063	6.0	-0.211259	-0.0135049	0.918696	7.0	-0.181195	-0.00195607	0.841412	8.0	0.209212	-0.0927567	1.3415	9.0	0.250913	-0.111617	1.08417	10.0	0.252852	-0.0803502	0.89134	11.0	0.232818	-0.0650192	0.799286	12.0	-0.00811709	-0.127825	0.893449	13.0	-0.056644	-0.038606	0.485326	14.0	-0.0582671	-0.114819	0.124558	15.0	-0.0847376	-0.034053	0.0596924	16.0	0.120976	-0.114061	0.888694	17.0	0.0836829	-0.0992967	0.466719	18.0	0.0147402	-0.0958265	0.100022	19.0	0.0452286	-0.0193668	0.0468436	20.0	0.0467925	-0.129457	1.42236	21.0	-0.200316	0.0266154	0.785631	22.0	-0.251619	0.0512607	0.8275	23.0	0.223594	-0.0747168	0.722508	24.0	0.243275	-0.0485905	0.748843
28.459	0.0	0.0786088	-0.127498	0.8879	1.0	0.0645014	-0.11439	1.19325	2.0	0.044939	-0.0894558	1.49258	3.0	0.0785135	-0.0816463	1.63626	4.0	-0.10785	-0.0847413	1.35857	5.0	-0.201525	-0.0840203	1.14283	6.0	-0.211994	-0.00908042	0.916935	7.0	-0.181072	0.00938981	0.841874	8.0	0.20795	-0.0599443	1.34887	9.0	0.253571	-0.0865245	1.09219	10.0	0.251674	-0.0404259	0.866331	11.0	0.226873	-0.0305186	0.798863	12.0	-0.00419911	-0.0978201	0.889805	13.0	-0.0707254	0.0196965	0.494404	14.0	-0.06448	-0.0450974	0.137856	15.0	-0.0822485	0.0291129	0.0666697	16.0	0.128804	-0.0887329	0.888948	17.0	0.0919265	-0.0817773	0.456951	18.0	0.00401961	-0.0665837	0.114432	19.0	0.0100925	-0.0149484	0.0389147	20.0	0.0508502	-0.0978925	1.41859	21.0	-0.202049	0.0452586	0.783311	22.0	-0.259105	0.0577695	0.843458	23.0	0.213094	-0.0203443	0.737464	24.0	0.233733	0.0281724	0.823002
28.492	0.0	0.0733695	-0.0988703	0.880459	1.0	0.0635157	-0.0871427	1.18586	2.0	0.0479647	-0.0633557	1.4852	3.0	0.0806129	-0.059381	1.63369	4.0	-0.106789	-0.056649	1.35449	5.0	-0.202562	-0.0653486	1.1373	6.0	-0.219084	0.00848662	0.908369	7.0	-0.185423	0.0210301	0.835328	8.0	0.210117	-0.0393507	1.3397	9.0	0.260298	-0.0639186	1.08374	10.0	0.255838	-0.0285171	0.882928	11.0	0.235645	-0.0173998	0.796034	12.0	-0.0096889	-0.0709417	0.88453	13.0	-0.0742963	0.0671119	0.491454	14.0	-0.0778675	0.0413051	0.136189	15.0	-0.103779	0.142588	0.0686538	16.0	0.123853	-0.0589767	0.879577	17.0	0.106373	-0.0614684	0.452262	18.0	-0.0250575	-0.00543577	0.105224	19.0	0.0424036	0.0153155	0.0747089	20.0	0.0528912	-0.071512	1.41121	21.0	-0.18595	0.0390486	0.762299	22.0	-0.257379	0.0573037	0.850079	23.0	0.229636	-0.0318802	0.725101	24.0	0.224005	0.0276677	0.790666
28.525	0.0	0.075463	-0.0820063	0.878984	1.0	0.065472	-0.065895	1.18443	2.0	0.0497887	-0.0378946	1.48395	3.0	0.0820648	-0.0420491	1.63178	4.0	-0.106646	-0.0408988	1.35123	5.0	-0.204259	-0.0454629	1.1318	6.0	-0.222579	0.0172867	0.903534	7.0	-0.197109	0.0292856	0.836285	8.0	0.217505	-0.020625	1.33057	9.0	0.262682	-0.0463448	1.07373	10.0	0.256001	-0.00601994	0.870315	11.0	0.233504	0.0110052	0.79107	12.0	-0.00585508	-0.0585433	0.883894	13.0	-0.0734887	0.0916784	0.500259	14.0	-0.072565	0.132065	0.153018	15.0	-0.0935416	0.25829	0.116472	16.0	0.123429	-0.0364909	0.877113	17.0	0.0386602	0.0291015	0.478496	18.0	-0.0323074	0.0488302	0.152846	19.0	-0.0548989	0.174224	0.0858369	20.0	0.0547556	-0.0470775	1.40991	21.0	-0.162554	0.0390744	0.744496	22.0	-0.265253	0.0697985	0.823187	23.0	0.22658	-0.00341189	0.717784	24.0	0.222105	0.0791929	0.807568
28.558	0.0	0.0703213	-0.0540739	0.875604	1.0	0.0636727	-0.0435577	1.18206	2.0	0.0506879	-0.0206858	1.48238	3.0	0.0851459	-0.00927309	1.62906	4.0	-0.102751	-0.0143422	1.34797	5.0	-0.204707	-0.0330833	1.13302	6.0	-0.227031	0.0274974	0.899646	7.0	-0.240505	0.0563097	0.829261	8.0	0.212448	0.00872883	1.32549	9.0	0.265948	-0.0257437	1.07221	10.0	0.259044	0.0195521	0.861675	11.0	0.240593	0.0346238	0.781202	12.0	-0.0125287	-0.0261812	0.879451	13.0	-0.0585443	0.125265	0.512912	14.0	-0.061913	0.212845	0.150902	15.0	-0.0927446	0.337362	0.0839217	16.0	0.120084	-0.0144143	0.87503	17.0	0.123192	0.00385153	0.524057	18.0	0.0689835	-0.00699984	0.22355	19.0	0.00826814	0.124647	0.179671	20.0	0.0550458	-0.0286511	1.40815	21.0	-0.233012	0.0730778	0.765796	22.0	-0.278036	0.0722464	0.815939	23.0	0.231552	0.0105206	0.709514	24.0	0.203918	0.065871	0.778258
28.591	0.0	0.0650518	-0.028224	0.87424	1.0	0.0622898	-0.0141032	1.17804	2.0	0.0542075	0.0120855	1.47549	3.0	0.0840415	0.0114013	1.62456	4.0	-0.104215	0.00420972	1.34673	5.0	-0.204409	-0.0153151	1.12154	6.0	-0.233451	0.0447521	0.895434	7.0	-0.240503	0.0659771	0.823904	8.0	0.216949	0.0230183	1.32489	9.0	0.265325	0.000578488	1.06822	10.0	0.262918	0.0364878	0.861699	11.0	0.244232	0.0566176	0.780075	12.0	-0.0171804	-0.00289652	0.881005	13.0	-0.0698074	0.183774	0.434872	14.0	-0.058309	0.280951	0.140606	15.0	-0.0865536	0.416028	0.0877642	16.0	0.114154	0.0144782	0.870544	17.0	0.12469	0.00796485	0.522521	18.0	0.0241767	-0.0903264	0.132543	19.0	-0.0165684	0.0595843	0.126441	20.0	0.0572437	0.00334306	1.402	21.0	-0.236021	0.0843792	0.757808	22.0	-0.268534	0.0957545	0.827479	23.0	0.22633	0.0415414	0.709957	24.0	0.240382	0.106776	0.773924
28.624	0.0	0.0620141	-0.00145507	0.870827	1.0	0.0597835	0.00558985	1.17452	2.0	0.0520486	0.025222	1.47229	3.0	0.0853953	0.0299344	1.62218	4.0	-0.106043	0.0213528	1.3444	5.0	-0.205159	0.00118818	1.11389	6.0	-0.237337	0.0581641	0.89225	7.0	-0.248024	0.0822559	0.816731	8.0	0.217317	0.0565515	1.31474	9.0	0.268864	0.0174347	1.062	10.0	0.265431	0.0622619	0.857277	11.0	0.252528	0.0831664	0.779098	12.0	-0.0218819	0.0243365	0.87906	13.0	-0.059609	0.207467	0.481803	14.0	-0.0450388	0.348046	0.16416	15.0	-0.0822558	0.471953	0.107729	16.0	0.112739	0.0401007	0.866106	17.0	0.131834	0.0209911	0.520873	18.0	0.0302582	-0.0860457	0.13373	19.0	-0.00795447	0.0647525	0.131346	20.0	0.0550153	0.0180419	1.39869	21.0	-0.243598	0.0984099	0.749692	22.0	-0.287301	0.0985668	0.822823	23.0	0.252069	0.0670512	0.710431	24.0	0.24866	0.127684	0.765683
28.659	0.0	0.0607553	0.0302007	0.870554	1.0	0.059627	0.0377159	1.17312	2.0	0.0528082	0.056119	1.46972	3.0	0.0819387	0.0686426	1.61565	4.0	-0.108271	0.0578134	1.33164	5.0	-0.206968	0.0298647	1.09844	6.0	-0.245116	0.0792633	0.882547	7.0	-0.256051	0.10252	0.811004	8.0	0.21733	0.0715288	1.31653	9.0	0.268588	0.0503076	1.06036	10.0	0.269219	0.0980898	0.853891	11.0	0.25323	0.114176	0.775072	12.0	-0.0240482	0.0563108	0.878175	13.0	-0.0600997	0.214359	0.475384	14.0	-0.0470802	0.365168	0.179447	15.0	-0.07532	0.501937	0.129712	16.0	0.112223	0.0714393	0.866492	17.0	0.136875	0.0570094	0.521155	18.0	0.0447065	-0.0681303	0.137828	19.0	0.00600184	0.0828749	0.140836	20.0	0.055579	0.049441	1.3964	21.0	-0.250477	0.11025	0.751192	22.0	-0.298574	0.126839	0.799566	23.0	0.234953	0.107666	0.703849	24.0	0.252523	0.160831	0.773335
28.692	0.0	0.0597947	0.054917	0.868496	1.0	0.0572819	0.062312	1.16951	2.0	0.0489537	0.081544	1.46438	3.0	0.0828367	0.0761892	1.6155	4.0	-0.105432	0.0774155	1.33058	5.0	-0.207384	0.0568953	1.10213	6.0	-0.255267	0.10576	0.879236	7.0	-0.26412	0.119509	0.809278	8.0	0.218916	0.0991346	1.31198	9.0	0.269529	0.0787978	1.05553	10.0	0.272971	0.128593	0.855707	11.0	0.255569	0.142839	0.770718	12.0	-0.0264786	0.0822578	0.876278	13.0	-0.060718	0.228946	0.474419	14.0	-0.0464351	0.386386	0.201452	15.0	-0.0693236	0.528773	0.161786	16.0	0.112494	0.0948136	0.864356	17.0	0.132831	0.0839324	0.517973	18.0	0.0521582	-0.0562253	0.137978	19.0	0.0129801	0.0946536	0.140985	20.0	0.0521199	0.0745555	1.39152	21.0	-0.256246	0.12895	0.742494	22.0	-0.300356	0.13198	0.808421	23.0	0.242377	0.139902	0.696723	24.0	0.251417	0.185578	0.781388
28.725	0.0	0.0538556	0.0929816	0.861534	1.0	0.0524926	0.0962547	1.16286	2.0	0.0452914	0.110989	1.45818	3.0	0.0814079	0.114993	1.60785	4.0	-0.10611	0.114437	1.32274	5.0	-0.206356	0.0972121	1.07567	6.0	-0.262627	0.133804	0.866337	7.0	-0.269918	0.149031	0.803764	8.0	0.216051	0.130789	1.30518	9.0	0.271683	0.10973	1.05009	10.0	0.273136	0.154184	0.85826	11.0	0.256048	0.177865	0.767725	12.0	-0.0314912	0.117385	0.870685	13.0	-0.0518443	0.281665	0.4861	14.0	-0.0413652	0.411749	0.203294	15.0	-0.0667214	0.550979	0.156513	16.0	0.105463	0.135648	0.856123	17.0	0.139656	0.084553	0.520053	18.0	0.0562339	-0.0633568	0.143795	19.0	0.0177527	0.0880298	0.144825	20.0	0.0481759	0.105165	1.38519	21.0	-0.268241	0.161876	0.736866	22.0	-0.306718	0.159457	0.787268	23.0	0.252362	0.168891	0.697715	24.0	0.268179	0.197391	0.741576
28.759	0.0	0.0525495	0.118587	0.859846	1.0	0.0524202	0.123604	1.15921	2.0	0.0465464	0.140282	1.45236	3.0	0.079378	0.142851	1.6023	4.0	-0.108788	0.140238	1.31976	5.0	-0.204416	0.112124	1.0727	6.0	-0.265366	0.156518	0.864538	7.0	-0.277984	0.177681	0.799019	8.0	0.212213	0.159298	1.30055	9.0	0.271574	0.140313	1.0523	10.0	0.278547	0.198567	0.847666	11.0	0.260226	0.208397	0.768457	12.0	-0.0329298	0.144411	0.869996	13.0	-0.0515152	0.306025	0.488478	14.0	-0.0322894	0.497951	0.137687	15.0	-0.0611839	0.627934	0.114573	16.0	0.104146	0.159708	0.853606	17.0	0.148652	0.104765	0.520481	18.0	0.0605489	-0.0567334	0.151271	19.0	0.0240835	0.0953595	0.149469	20.0	0.0490919	0.133959	1.37993	21.0	-0.27198	0.194387	0.7303	22.0	-0.313774	0.188452	0.794341	23.0	0.249749	0.183864	0.679687	24.0	0.254298	0.263639	0.777642
28.792	0.0	0.0488472	0.157648	0.863267	1.0	0.0487292	0.159421	1.15968	2.0	0.0427878	0.172786	1.45025	3.0	0.0772259	0.171273	1.60346	4.0	-0.114555	0.178658	1.31579	5.0	-0.206042	0.163087	1.06566	6.0	-0.271656	0.200729	0.862315	7.0	-0.286063	0.214017	0.797543	8.0	0.212647	0.191122	1.30154	9.0	0.270385	0.183778	1.05013	10.0	0.277615	0.227413	0.845291	11.0	0.257903	0.247634	0.759599	12.0	-0.0374849	0.184428	0.872354	13.0	-0.0470833	0.344475	0.470331	14.0	-0.0316135	0.499359	0.136287	15.0	-0.0435791	0.6422	0.0958119	16.0	0.101025	0.197648	0.857999	17.0	0.155309	0.117866	0.53503	18.0	0.064539	-0.0512786	0.170035	19.0	0.0321475	0.100991	0.159519	20.0	0.0453606	0.167297	1.37843	21.0	-0.284106	0.225009	0.73223	22.0	-0.323769	0.230188	0.785599	23.0	0.248989	0.254423	0.694396	24.0	0.268196	0.278857	0.768179
28.825	0.0	0.0623234	0.186789	0.862919	1.0	0.053255	0.190398	1.15957	2.0	0.0381991	0.207871	1.45016	3.0	0.0694761	0.212214	1.60159	4.0	-0.117216	0.215599	1.31354	5.0	-0.210161	0.192357	1.06459	6.0	-0.27539	0.229413	0.853922	7.0	-0.290203	0.246156	0.793675	8.0	0.207365	0.229297	1.30278	9.0	0.270027	0.21948	1.04872	10.0	0.279449	0.260569	0.848624	11.0	0.258599	0.284018	0.759435	12.0	-0.0246589	0.214243	0.869893	13.0	-0.0477544	0.354935	0.470651	14.0	-0.0251837	0.514324	0.127346	15.0	-0.0418595	0.658108	0.0878639	16.0	0.114746	0.225999	0.859774	17.0	0.169269	0.142421	0.538273	18.0	0.0758962	-0.0386483	0.180011	19.0	0.0410024	0.113373	0.167276	20.0	0.0431711	0.201141	1.37836	21.0	-0.286177	0.259246	0.725537	22.0	-0.328132	0.258965	0.784212	23.0	0.239321	0.273261	0.678649	24.0	0.248548	0.327458	0.769045
28.858	0.0	0.0621374	0.227677	0.868612	1.0	0.0510787	0.226016	1.16526	2.0	0.0346825	0.235031	1.45538	3.0	0.0674724	0.228057	1.60672	4.0	-0.124858	0.247769	1.31582	5.0	-0.21806	0.235691	1.09321	6.0	-0.279285	0.270943	0.854928	7.0	-0.292757	0.282019	0.793737	8.0	0.204039	0.261652	1.305	9.0	0.264984	0.265069	1.05989	10.0	0.275627	0.315889	0.862478	11.0	0.257421	0.334065	0.775515	12.0	-0.0248477	0.251653	0.875475	13.0	-0.0537064	0.391876	0.498652	14.0	-0.022151	0.535701	0.116692	15.0	-0.0377939	0.666554	0.0779133	16.0	0.114151	0.270072	0.865507	17.0	0.168195	0.159573	0.555482	18.0	0.0759011	-0.0303477	0.201799	19.0	0.0408633	0.121277	0.184428	20.0	0.0398342	0.230658	1.38375	21.0	-0.290052	0.284722	0.728424	22.0	-0.332745	0.297439	0.793649	23.0	0.251293	0.319632	0.689075	24.0	0.242533	0.378003	0.773933
28.891	0.0	0.056249	0.26678	0.874984	1.0	0.0412553	0.267769	1.17224	2.0	0.0198894	0.281357	1.46342	3.0	0.0573805	0.270241	1.61529	4.0	-0.131116	0.285816	1.32168	5.0	-0.222861	0.268263	1.09331	6.0	-0.284374	0.320107	0.868101	7.0	-0.297017	0.32592	0.799355	8.0	0.196128	0.303283	1.3183	9.0	0.262462	0.299633	1.06337	10.0	0.270852	0.349964	0.872561	11.0	0.253123	0.375388	0.781943	12.0	-0.031753	0.293428	0.880862	13.0	-0.0548609	0.410281	0.498756	14.0	-0.0215444	0.53665	0.112811	15.0	-0.0366808	0.650203	0.0728891	16.0	0.108988	0.306465	0.872725	17.0	0.18875	0.203245	0.566556	18.0	0.110814	0.000504103	0.217218	19.0	0.0683871	0.150253	0.195957	20.0	0.0263744	0.275765	1.39149	21.0	-0.288911	0.322088	0.732147	22.0	-0.331889	0.352844	0.783284	23.0	0.258039	0.351335	0.701874	24.0	0.220024	0.402536	0.769446
28.924	0.0	0.05876	0.312401	0.884629	1.0	0.0403238	0.295837	1.18018	2.0	0.0175037	0.295226	1.46919	3.0	0.0497789	0.289047	1.6202	4.0	-0.136152	0.31605	1.32669	5.0	-0.233268	0.310486	1.10026	6.0	-0.283941	0.35517	0.869158	7.0	-0.296289	0.37071	0.80226	8.0	0.196589	0.329825	1.32804	9.0	0.255974	0.34915	1.07029	10.0	0.26312	0.402389	0.879998	11.0	0.244097	0.426654	0.796421	12.0	-0.0272429	0.335402	0.889914	13.0	-0.0593327	0.430067	0.499012	14.0	-0.0230505	0.537708	0.113233	15.0	-0.0344221	0.648809	0.072272	16.0	0.108914	0.355551	0.882888	17.0	0.159522	0.234937	0.576861	18.0	0.0764069	0.0174889	0.238101	19.0	0.0402435	0.167724	0.211661	20.0	0.0241863	0.292751	1.39782	21.0	-0.284092	0.365717	0.733833	22.0	-0.323756	0.409005	0.786052	23.0	0.231515	0.422264	0.719116	24.0	0.209863	0.440421	0.804332
28.959	0.0	0.0344082	0.355082	0.895385	1.0	0.0249467	0.336375	1.19081	2.0	0.00956594	0.327336	1.47895	3.0	0.0366735	0.314803	1.62788	4.0	-0.142647	0.346461	1.33099	5.0	-0.236853	0.346454	1.10697	6.0	-0.285913	0.406659	0.879195	7.0	-0.296	0.414971	0.810944	8.0	0.182956	0.375527	1.34044	9.0	0.250725	0.374363	1.08558	10.0	0.246444	0.439401	0.861176	11.0	0.239494	0.471451	0.807042	12.0	-0.0548437	0.383732	0.901317	13.0	-0.0602908	0.445739	0.499066	14.0	-0.0234643	0.538508	0.114612	15.0	-0.0293344	0.642312	0.0692371	16.0	0.0907224	0.387631	0.891505	17.0	0.145728	0.276189	0.581775	18.0	0.0719979	0.0485442	0.248148	19.0	0.0373347	0.197942	0.216888	20.0	0.0145387	0.327607	1.40791	21.0	-0.29234	0.41676	0.739817	22.0	-0.334233	0.42141	0.806127	23.0	0.235705	0.46797	0.744159	24.0	0.222408	0.466716	0.747854
28.992	0.0	0.0404842	0.377268	0.893575	1.0	0.0253508	0.355312	1.19186	2.0	0.00480624	0.346997	1.48328	3.0	0.032048	0.327683	1.63201	4.0	-0.14958	0.372478	1.33224	5.0	-0.239309	0.369918	1.10738	6.0	-0.286711	0.44411	0.88123	7.0	-0.294999	0.460952	0.811251	8.0	0.179861	0.390721	1.34444	9.0	0.246659	0.420353	1.10276	10.0	0.255168	0.491165	0.907809	11.0	0.233399	0.515523	0.831702	12.0	-0.04694	0.405418	0.901265	13.0	-0.0579799	0.466978	0.47621	14.0	-0.0243995	0.536219	0.132967	15.0	-0.0259012	0.635276	0.0687712	16.0	0.093143	0.416975	0.888496	17.0	0.13841	0.320122	0.569842	18.0	0.0848933	0.0901052	0.234608	19.0	0.0461147	0.23903	0.203582	20.0	0.0111168	0.346766	1.41131	21.0	-0.286409	0.470412	0.742883	22.0	-0.333317	0.481173	0.801788	23.0	0.228267	0.514453	0.766311	24.0	0.213258	0.510416	0.772918
29.024	0.0	0.0316416	0.42006	0.899412	1.0	0.0192277	0.388064	1.19736	2.0	0.000999526	0.368324	1.48812	3.0	0.0143996	0.348031	1.6429	4.0	-0.159476	0.39676	1.34227	5.0	-0.239225	0.402154	1.11963	6.0	-0.284195	0.48531	0.894942	7.0	-0.29583	0.509431	0.817835	8.0	0.173098	0.424713	1.35229	9.0	0.243567	0.443839	1.10375	10.0	0.245743	0.545437	0.912283	11.0	0.225904	0.559441	0.843277	12.0	-0.0540212	0.44393	0.903435	13.0	-0.0609437	0.489374	0.542124	14.0	-0.0286762	0.532751	0.146667	15.0	-0.0279433	0.635126	0.0706013	16.0	0.0812638	0.460971	0.89882	17.0	0.0639835	0.407613	0.557943	18.0	0.0561596	0.144841	0.245949	19.0	0.0248515	0.292963	0.208425	20.0	0.00668468	0.370983	1.41639	21.0	-0.289327	0.520472	0.756625	22.0	-0.329493	0.510862	0.798613	23.0	0.226106	0.563824	0.783388	24.0	0.213239	0.558981	0.810955
29.058	0.0	0.0264472	0.448573	0.901059	1.0	0.0124535	0.41211	1.19957	2.0	-0.00680386	0.387593	1.49098	3.0	0.00742228	0.355232	1.64687	4.0	-0.163194	0.421234	1.34165	5.0	-0.240603	0.439359	1.12971	6.0	-0.288366	0.538811	0.893415	7.0	-0.288767	0.554277	0.822609	8.0	0.170317	0.442888	1.35618	9.0	0.239708	0.486456	1.11171	10.0	0.23594	0.586115	0.921936	11.0	0.217656	0.609441	0.861088	12.0	-0.0590584	0.474373	0.90482	13.0	-0.0614415	0.505058	0.46502	14.0	-0.0286754	0.534514	0.145985	15.0	-0.0289233	0.635073	0.0702672	16.0	0.0755394	0.488757	0.900648	17.0	0.124995	0.400267	0.574806	18.0	0.0708283	0.166338	0.242413	19.0	0.0344404	0.311782	0.199576	20.0	-0.00096144	0.39157	1.4191	21.0	-0.28587	0.580399	0.759842	22.0	-0.311745	0.549605	0.776379	23.0	0.208882	0.631375	0.80633	24.0	0.188703	0.61369	0.830724
29.092	0.0	0.0157358	0.482893	0.909108	1.0	0.00456778	0.437176	1.2051	2.0	-0.0124115	0.404463	1.49454	3.0	-0.000353859	0.368229	1.6511	4.0	-0.166929	0.443637	1.34177	5.0	-0.241025	0.463987	1.13354	6.0	-0.286854	0.571661	0.89837	7.0	-0.284	0.5999	0.828313	8.0	0.167418	0.461305	1.36729	9.0	0.241662	0.508203	1.11423	10.0	0.237108	0.611005	0.929108	11.0	0.212028	0.649212	0.872138	12.0	-0.0685064	0.50899	0.912842	13.0	-0.0681918	0.531766	0.51725	14.0	-0.0291276	0.535457	0.149433	15.0	-0.0289832	0.634446	0.0713058	16.0	0.0636159	0.521914	0.908446	17.0	0.120517	0.429765	0.571236	18.0	0.0670701	0.207204	0.230579	19.0	0.0305371	0.352976	0.188019	20.0	-0.00708621	0.410362	1.42309	21.0	-0.281771	0.627355	0.766721	22.0	-0.3315	0.623539	0.823885	23.0	0.211991	0.666818	0.817127	24.0	0.182091	0.661095	0.867964
29.125	0.0	0.0164011	0.51083	0.907032	1.0	0.00219119	0.459067	1.20489	2.0	-0.0167656	0.419841	1.4955	3.0	-0.00466297	0.373983	1.65197	4.0	-0.168706	0.466077	1.34123	5.0	-0.243279	0.491158	1.14188	6.0	-0.285981	0.614147	0.9032	7.0	-0.279864	0.637943	0.836793	8.0	0.163149	0.482198	1.36798	9.0	0.235113	0.538742	1.12578	10.0	0.232097	0.660833	0.947029	11.0	0.218651	0.682774	0.882038	12.0	-0.068443	0.538782	0.911221	13.0	-0.0669963	0.54006	0.475202	14.0	-0.0286602	0.53845	0.148352	15.0	-0.0260846	0.636124	0.0691629	16.0	0.0645084	0.548264	0.90605	17.0	0.0930439	0.489667	0.541527	18.0	0.0595389	0.247857	0.213019	19.0	0.0222818	0.393659	0.170356	20.0	-0.0110495	0.427391	1.42383	21.0	-0.273401	0.664171	0.774442	22.0	-0.177533	0.598224	0.862921	23.0	0.216599	0.683592	0.813483	24.0	0.207844	0.688664	0.805396
29.158	0.0	0.0122	0.545198	0.905382	1.0	-0.00167891	0.479206	1.2042	2.0	-0.0201348	0.428953	1.49549	3.0	-0.00964303	0.381739	1.65215	4.0	-0.171648	0.486486	1.34339	5.0	-0.247733	0.520687	1.14699	6.0	-0.278616	0.64729	0.908431	7.0	-0.25742	0.666612	0.845056	8.0	0.159783	0.500286	1.36887	9.0	0.235839	0.565152	1.12996	10.0	0.23252	0.679589	0.960508	11.0	0.214893	0.723056	0.891541	12.0	-0.072358	0.57253	0.908951	13.0	-0.0650381	0.569336	0.50956	14.0	-0.0299144	0.541657	0.147259	15.0	-0.0246697	0.635657	0.0683146	16.0	0.059765	0.582799	0.905109	17.0	0.109387	0.503895	0.524022	18.0	0.0594053	0.275888	0.186891	19.0	0.015941	0.42076	0.14466	20.0	-0.0145792	0.438933	1.42368	21.0	-0.268841	0.709173	0.784211	22.0	-0.178378	0.630754	0.862409	23.0	0.216148	0.742963	0.837971	24.0	0.200463	0.737043	0.838056
29.191	0.0	0.0235813	0.575837	0.897197	1.0	0.000409496	0.500255	1.20074	2.0	-0.0241398	0.440095	1.49537	3.0	-0.0134626	0.392501	1.6496	4.0	-0.175801	0.504299	1.33887	5.0	-0.252019	0.554013	1.15169	6.0	-0.267873	0.679473	0.911592	7.0	-0.245469	0.702618	0.852691	8.0	0.157342	0.524373	1.36325	9.0	0.235973	0.586706	1.13259	10.0	0.236362	0.695463	0.962544	11.0	0.219936	0.74991	0.894287	12.0	-0.0617366	0.607282	0.897662	13.0	-0.0658257	0.577561	0.505388	14.0	-0.0300998	0.543773	0.147763	15.0	-0.0234065	0.635481	0.0684185	16.0	0.0713235	0.609663	0.899845	17.0	0.120014	0.547311	0.492794	18.0	0.101021	0.437671	0.182336	19.0	0.0984457	0.522039	0.0766371	20.0	-0.0173595	0.45241	1.42287	21.0	-0.261282	0.744325	0.794284	22.0	-0.172173	0.670817	0.867558	23.0	0.221632	0.758771	0.831193	24.0	0.217473	0.759336	0.826484
29.225	0.0	0.027118	0.600786	0.896586	1.0	0.00157845	0.516641	1.19946	2.0	-0.025906	0.447119	1.49461	3.0	-0.0149132	0.399647	1.64803	4.0	-0.179704	0.514144	1.3378	5.0	-0.252277	0.567378	1.1523	6.0	-0.26591	0.718201	0.926379	7.0	-0.242062	0.740275	0.862306	8.0	0.155894	0.537237	1.36117	9.0	0.235119	0.6158	1.13433	10.0	0.242108	0.724613	0.964892	11.0	0.225184	0.779591	0.900324	12.0	-0.0584044	0.628605	0.895764	13.0	-0.0559902	0.593524	0.479744	14.0	-0.0303711	0.545767	0.147653	15.0	-0.0221051	0.635481	0.0683473	16.0	0.0746946	0.63773	0.901042	17.0	0.125631	0.586519	0.455785	18.0	0.0914002	0.501513	0.161553	19.0	0.0884848	0.576008	0.0815561	20.0	-0.0184903	0.461786	1.4219	21.0	-0.258284	0.779047	0.805897	22.0	-0.169545	0.707661	0.861253	23.0	0.220636	0.798107	0.838715	24.0	0.219239	0.794141	0.828362
29.259	0.0	0.0277377	0.631263	0.890566	1.0	0.00183255	0.538128	1.19336	2.0	-0.027474	0.458754	1.48944	3.0	-0.0159548	0.406343	1.64251	4.0	-0.183464	0.534068	1.32764	5.0	-0.253209	0.593151	1.14418	6.0	-0.260163	0.738407	0.949542	7.0	-0.236658	0.778389	0.875009	8.0	0.154696	0.548429	1.35828	9.0	0.236058	0.632944	1.13019	10.0	0.242106	0.759705	0.971596	11.0	0.226826	0.806343	0.899663	12.0	-0.0559941	0.660809	0.887337	13.0	-0.0563117	0.603963	0.468122	14.0	-0.0180231	0.55483	0.139135	15.0	-0.0221578	0.635461	0.0683006	16.0	0.0733928	0.666358	0.897341	17.0	0.126012	0.671065	0.501933	18.0	0.104351	0.577361	0.140578	19.0	0.10183	0.656418	0.0693124	20.0	-0.0194742	0.476118	1.41633	21.0	-0.248768	0.830379	0.819649	22.0	-0.160516	0.747555	0.863689	23.0	0.222888	0.825689	0.834212	24.0	0.212157	0.819045	0.85266
29.292	0.0	0.0298942	0.658706	0.888349	1.0	0.00300716	0.558085	1.18841	2.0	-0.0278969	0.471395	1.48243	3.0	-0.0158444	0.419319	1.63102	4.0	-0.179289	0.549138	1.32716	5.0	-0.257003	0.597517	1.1445	6.0	-0.255637	0.766552	0.966105	7.0	-0.224756	0.811274	0.891545	8.0	0.15295	0.558778	1.35518	9.0	0.23918	0.661311	1.12394	10.0	0.250335	0.789211	0.958167	11.0	0.23355	0.828728	0.896615	12.0	-0.0522756	0.685587	0.885151	13.0	-0.0609284	0.619542	0.462596	14.0	-0.0142164	0.565433	0.143838	15.0	-0.0222162	0.635001	0.0681278	16.0	0.0734081	0.696208	0.895303	17.0	0.127548	0.738647	0.518869	18.0	0.111748	0.658108	0.15033	19.0	0.111199	0.736141	0.076659	20.0	-0.0193687	0.490636	1.40975	21.0	-0.235459	0.874807	0.83398	22.0	-0.152368	0.791513	0.866785	23.0	0.230279	0.847872	0.836499	24.0	0.22895	0.846001	0.822417
29.325	0.0	0.0288746	0.685981	0.882331	1.0	0.00311691	0.575822	1.18085	2.0	-0.0274652	0.48106	1.4734	3.0	-0.0148712	0.426489	1.62466	4.0	-0.176147	0.571967	1.31413	5.0	-0.25485	0.649353	1.13994	6.0	-0.251096	0.809117	0.96859	7.0	-0.229121	0.857717	0.896096	8.0	0.151208	0.576326	1.34558	9.0	0.240575	0.679742	1.11364	10.0	0.252026	0.817726	0.950378	11.0	0.239622	0.851115	0.895882	12.0	-0.0533526	0.717635	0.878266	13.0	-0.060703	0.637241	0.459461	14.0	-0.01526	0.571656	0.148324	15.0	-0.0133952	0.652776	0.0732134	16.0	0.0723079	0.718726	0.890297	17.0	0.122429	0.795729	0.512219	18.0	0.124658	0.75888	0.148395	19.0	0.127909	0.857581	0.0805808	20.0	-0.0189074	0.502172	1.40112	21.0	-0.232108	0.913352	0.84915	22.0	-0.153457	0.825743	0.885544	23.0	0.246853	0.866085	0.837509	24.0	0.243961	0.865803	0.828527
29.359	0.0	0.0250737	0.717098	0.88004	1.0	0.00175564	0.59373	1.1759	2.0	-0.02732	0.488101	1.46701	3.0	-0.0121146	0.431217	1.61849	4.0	-0.172545	0.591564	1.30622	5.0	-0.260306	0.661521	1.13327	6.0	-0.249467	0.833568	0.974183	7.0	-0.222386	0.890842	0.90707	8.0	0.148701	0.587229	1.33966	9.0	0.231725	0.705424	1.1106	10.0	0.255204	0.833675	0.949274	11.0	0.248298	0.874913	0.891415	12.0	-0.0572344	0.746007	0.876558	13.0	-0.0638024	0.654765	0.457784	14.0	-0.0146745	0.57583	0.148331	15.0	-0.0157257	0.654035	0.0724344	16.0	0.0683758	0.751986	0.88754	17.0	0.117732	0.852847	0.514238	18.0	0.124221	0.851417	0.139637	19.0	0.123963	0.95224	0.0781019	20.0	-0.0190199	0.511569	1.395	21.0	-0.221213	0.947423	0.859468	22.0	-0.153603	0.84168	0.901518	23.0	0.250393	0.891356	0.829263	24.0	0.238439	0.882727	0.832506
29.392	0.0	0.0209271	0.738343	0.875411	1.0	0.000829074	0.615609	1.16653	2.0	-0.024269	0.506069	1.45128	3.0	-0.00794471	0.448006	1.59893	4.0	-0.167718	0.606656	1.30072	5.0	-0.262482	0.672283	1.12972	6.0	-0.243389	0.886549	0.968412	7.0	-0.229577	0.944049	0.904145	8.0	0.146238	0.59997	1.33271	9.0	0.233785	0.715744	1.1043	10.0	0.259103	0.842916	0.948828	11.0	0.252843	0.893137	0.890035	12.0	-0.0615849	0.767136	0.873716	13.0	-0.0656086	0.675489	0.457221	14.0	-0.0147408	0.578529	0.149164	15.0	-0.0176964	0.65212	0.0731889	16.0	0.0642204	0.773481	0.881209	17.0	0.115608	0.904979	0.504742	18.0	0.118639	0.940209	0.148673	19.0	0.120794	1.04478	0.0877898	20.0	-0.0169877	0.531091	1.38095	21.0	-0.213596	0.989509	0.873511	22.0	-0.138954	0.883514	0.912928	23.0	0.257766	0.922538	0.826996	24.0	0.248636	0.896892	0.847716
29.424	0.0	0.0256819	0.770939	0.861488	1.0	0.00269325	0.636386	1.15593	2.0	-0.0242645	0.517168	1.44318	3.0	-0.00676781	0.458608	1.59184	4.0	-0.164493	0.632036	1.29334	5.0	-0.257751	0.70314	1.12314	6.0	-0.243544	0.899292	0.970229	7.0	-0.22556	0.97404	0.912472	8.0	0.149263	0.618407	1.31783	9.0	0.236574	0.740496	1.09209	10.0	0.26001	0.886578	0.939134	11.0	0.253268	0.922847	0.877567	12.0	-0.0629079	0.817101	0.860379	13.0	-0.0679435	0.712439	0.465495	14.0	-0.0152315	0.584474	0.149108	15.0	-0.0180196	0.651337	0.0729157	16.0	0.0727345	0.792689	0.867635	17.0	0.116874	0.955319	0.470853	18.0	0.111117	1.01394	0.156072	19.0	0.107355	1.13336	0.0883073	20.0	-0.0166118	0.544441	1.37227	21.0	-0.207965	1.0178	0.87878	22.0	-0.138382	0.902566	0.934952	23.0	0.253868	0.944578	0.817484	24.0	0.22652	0.94013	0.83075
29.459	0.0	0.0239733	0.787025	0.853496	1.0	0.00373751	0.652979	1.14846	2.0	-0.0212101	0.531345	1.43658	3.0	-0.00182375	0.478166	1.57846	4.0	-0.161988	0.641579	1.2925	5.0	-0.26196	0.70462	1.12326	6.0	-0.240344	0.932157	0.974976	7.0	-0.226702	1.00495	0.916618	8.0	0.146811	0.635359	1.31161	9.0	0.240232	0.747493	1.08402	10.0	0.261543	0.89427	0.936501	11.0	0.255064	0.943734	0.874351	12.0	-0.0664911	0.82769	0.85527	13.0	-0.0679645	0.720302	0.464078	14.0	-0.0165509	0.588572	0.148074	15.0	-0.0189876	0.652238	0.0720168	16.0	0.0747686	0.810633	0.856987	17.0	0.111094	0.991151	0.46799	18.0	0.104658	1.09579	0.146752	19.0	0.0928858	1.19309	0.0961396	20.0	-0.0139644	0.559532	1.36543	21.0	-0.206731	1.05053	0.887185	22.0	-0.202064	1.04064	0.915841	23.0	0.251977	0.968982	0.811621	24.0	0.248225	0.965181	0.795802
29.492	0.0	0.0213895	0.800743	0.858008	1.0	0.0034876	0.671643	1.14562	2.0	-0.0182791	0.559187	1.42242	3.0	0.000161606	0.495152	1.56769	4.0	-0.160934	0.652762	1.28883	5.0	-0.265415	0.715112	1.12177	6.0	-0.241098	0.947774	0.979098	7.0	-0.223677	1.03248	0.919139	8.0	0.146724	0.63535	1.31219	9.0	0.241642	0.765757	1.09384	10.0	0.267681	0.905799	0.932016	11.0	0.258004	0.964352	0.863654	12.0	-0.0648178	0.831432	0.856803	13.0	-0.0680127	0.733404	0.463832	14.0	-0.0168676	0.592036	0.148083	15.0	-0.0200068	0.652135	0.0707227	16.0	0.0618029	0.841442	0.865994	17.0	0.104088	1.0295	0.467596	18.0	0.0952403	1.15187	0.163348	19.0	0.0845806	1.27569	0.106845	20.0	-0.0119814	0.584724	1.35467	21.0	-0.200357	1.08139	0.891142	22.0	-0.161389	0.990718	0.907322	23.0	0.260611	0.9906	0.805038	24.0	0.253188	0.989658	0.79451
29.524	0.0	0.0230654	0.841994	0.836364	1.0	0.00639811	0.706335	1.1305	2.0	-0.0157061	0.581175	1.41642	3.0	0.00582617	0.524131	1.55774	4.0	-0.164277	0.694608	1.27123	5.0	-0.272546	0.828515	1.08442	6.0	-0.235535	0.990539	0.966551	7.0	-0.221831	1.06172	0.91864	8.0	0.158058	0.692084	1.28962	9.0	0.255173	0.784139	1.0642	10.0	0.273884	0.941173	0.913697	11.0	0.262212	0.983191	0.853458	12.0	-0.0692513	0.879699	0.836054	13.0	-0.0673553	0.742135	0.461664	14.0	-0.0142948	0.594116	0.143618	15.0	-0.0210608	0.652291	0.065095	16.0	0.0726357	0.865561	0.844837	17.0	0.0983764	1.05549	0.472639	18.0	0.0848379	1.19251	0.196969	19.0	0.0605331	1.3162	0.15471	20.0	-0.00915424	0.610239	1.34622	21.0	-0.197354	1.10381	0.894599	22.0	-0.179659	1.08263	0.915011	23.0	0.259411	1.01135	0.797286	24.0	0.264451	1.01005	0.784552
29.559	0.0	0.0208463	0.840722	0.834113	1.0	0.00524734	0.71316	1.12739	2.0	-0.0133183	0.616263	1.41105	3.0	0.00900332	0.554123	1.5525	4.0	-0.158882	0.714267	1.268	5.0	-0.260559	0.83894	1.10132	6.0	-0.234677	1.02371	0.964262	7.0	-0.221898	1.09319	0.917601	8.0	0.160889	0.706775	1.28568	9.0	0.247414	0.827201	1.05877	10.0	0.273309	0.955185	0.90525	11.0	0.26572	1.00787	0.833995	12.0	-0.0655234	0.870051	0.832423	13.0	-0.0669049	0.751281	0.460015	14.0	-0.0100232	0.596346	0.139083	15.0	-0.0215074	0.652308	0.0595308	16.0	0.0596987	0.872678	0.837719	17.0	0.0902057	1.08308	0.470594	18.0	0.0781302	1.24407	0.203949	19.0	0.0556246	1.36951	0.165453	20.0	-0.00812487	0.63616	1.34106	21.0	-0.201464	1.1326	0.890704	22.0	-0.185802	1.136	0.907476	23.0	0.264717	1.02665	0.778316	24.0	0.265016	1.01885	0.762241
29.592	0.0	0.0143333	0.848212	0.827637	1.0	0.00277313	0.743396	1.11762	2.0	-0.00935375	0.651944	1.4034	3.0	0.0115136	0.600172	1.54473	4.0	-0.157593	0.740026	1.26412	5.0	-0.250427	0.871275	1.10446	6.0	-0.233067	1.04139	0.962847	7.0	-0.22089	1.11755	0.916843	8.0	0.158881	0.75484	1.27531	9.0	0.254663	0.844274	1.0401	10.0	0.275124	0.980492	0.892103	11.0	0.269014	1.02937	0.822409	12.0	-0.0661488	0.871514	0.829932	13.0	-0.0664845	0.764768	0.461022	14.0	-0.0099339	0.59692	0.138233	15.0	-0.0219548	0.654092	0.0589168	16.0	0.0481482	0.890748	0.829152	17.0	0.0853416	1.1098	0.470029	18.0	0.0660054	1.31947	0.134544	19.0	0.0719748	1.42754	0.109758	20.0	-0.00527726	0.673954	1.33249	21.0	-0.19893	1.16118	0.888022	22.0	-0.21758	1.1666	0.919039	23.0	0.272602	1.04359	0.755151	24.0	0.269927	1.04775	0.748195
29.625	0.0	0.0175209	0.87277	0.810783	1.0	0.00877973	0.774994	1.1071	2.0	-0.0045692	0.690879	1.3972	3.0	0.0156426	0.640544	1.54313	4.0	-0.153009	0.778165	1.25571	5.0	-0.252199	0.877373	1.10073	6.0	-0.23165	1.05582	0.96215	7.0	-0.215827	1.14371	0.912668	8.0	0.160418	0.760946	1.27406	9.0	0.25471	0.860767	1.04176	10.0	0.274855	0.994283	0.891439	11.0	0.271358	1.0493	0.812867	12.0	-0.0621103	0.901474	0.810242	13.0	-0.0675982	0.770768	0.461907	14.0	-0.010062	0.596963	0.137089	15.0	-0.021834	0.65474	0.057984	16.0	0.054259	0.907247	0.817297	17.0	0.0805485	1.13004	0.469794	18.0	0.0654219	1.32264	0.134078	19.0	0.0424898	1.43626	0.108864	20.0	-0.000273294	0.708694	1.32574	21.0	-0.19284	1.18851	0.88274	22.0	-0.195055	1.1704	0.9159	23.0	0.26787	1.0671	0.74658	24.0	0.25705	1.06362	0.734311
29.659	0.0	0.0182209	0.889115	0.806463	1.0	0.0110486	0.805445	1.10535	2.0	-0.00141042	0.737064	1.39877	3.0	0.0184233	0.695214	1.5434	4.0	-0.149405	0.800561	1.25773	5.0	-0.248473	0.916246	1.09429	6.0	-0.224999	1.08834	0.960026	7.0	-0.209561	1.17189	0.906212	8.0	0.168284	0.823852	1.26867	9.0	0.258986	0.905854	1.03904	10.0	0.285219	1.04125	0.857178	11.0	0.272446	1.07017	0.798451	12.0	-0.0629115	0.914641	0.80726	13.0	-0.0683505	0.783774	0.464624	14.0	-0.00972362	0.597798	0.135333	15.0	-0.0226623	0.653594	0.0555901	16.0	0.0580174	0.926849	0.811572	17.0	0.0775105	1.15206	0.470229	18.0	0.060249	1.29349	0.183749	19.0	0.0404203	1.42094	0.118164	20.0	0.0028855	0.752625	1.32629	21.0	-0.186277	1.21898	0.883406	22.0	-0.20129	1.21199	0.91653	23.0	0.269655	1.08609	0.737025	24.0	0.275398	1.07848	0.722564
29.692	0.0	0.0182184	0.92038	0.799172	1.0	0.0135163	0.845007	1.10271	2.0	0.00292835	0.780047	1.39968	3.0	0.0258129	0.736689	1.5471	4.0	-0.146606	0.851403	1.25834	5.0	-0.248389	0.924912	1.09273	6.0	-0.217478	1.12467	0.955923	7.0	-0.204304	1.2018	0.905014	8.0	0.162907	0.876138	1.2599	9.0	0.256723	0.938536	1.03412	10.0	0.280337	1.04886	0.867816	11.0	0.270535	1.09757	0.787559	12.0	-0.0665993	0.946046	0.800694	13.0	-0.0683956	0.79335	0.465789	14.0	-0.0101201	0.599222	0.13469	15.0	-0.0221132	0.654568	0.0548892	16.0	0.0616675	0.957251	0.803999	17.0	0.0735659	1.17522	0.469921	18.0	0.0588345	1.29465	0.180148	19.0	0.0391921	1.42138	0.113704	20.0	0.00668114	0.79366	1.3264	21.0	-0.181058	1.249	0.878747	22.0	-0.209901	1.21457	0.930878	23.0	0.262224	1.11298	0.725104	24.0	0.230869	1.11389	0.765307
29.725	0.0	0.0197887	0.944105	0.80076	1.0	0.0163211	0.875895	1.10783	2.0	0.0069271	0.821332	1.40832	3.0	0.0356793	0.79376	1.5542	4.0	-0.14566	0.876717	1.26355	5.0	-0.238012	0.955797	1.09544	6.0	-0.220773	1.13037	0.96573	7.0	-0.196104	1.23479	0.898646	8.0	0.183585	0.90015	1.26667	9.0	0.26065	0.965662	1.03226	10.0	0.27784	1.08212	0.86191	11.0	0.269084	1.12009	0.781361	12.0	-0.0651396	0.967653	0.80306	13.0	-0.0683802	0.799214	0.464782	14.0	-0.00988156	0.60021	0.133988	15.0	-0.0233578	0.655912	0.0542856	16.0	0.0631256	0.982955	0.804757	17.0	0.074203	1.18951	0.467251	18.0	0.0622305	1.32171	0.154654	19.0	0.0446375	1.44832	0.0889862	20.0	0.0104851	0.833137	1.33424	21.0	-0.172195	1.27477	0.87493	22.0	-0.199762	1.28467	0.904254	23.0	0.268939	1.12364	0.70878	24.0	0.254247	1.11873	0.747217
29.758	0.0	0.0235223	0.973197	0.802413	1.0	0.0222277	0.918529	1.1128	2.0	0.0141286	0.873196	1.41553	3.0	0.042892	0.846739	1.56352	4.0	-0.148282	0.926262	1.27177	5.0	-0.229445	0.99994	1.09637	6.0	-0.205554	1.18333	0.960873	7.0	-0.189791	1.26259	0.899737	8.0	0.186762	0.953506	1.26818	9.0	0.260625	0.999177	1.03316	10.0	0.27812	1.09924	0.860604	11.0	0.266898	1.14656	0.777666	12.0	-0.0623734	0.994844	0.804207	13.0	-0.0648039	0.830658	0.472239	14.0	-0.0110221	0.608146	0.140072	15.0	-0.0237922	0.656475	0.0587184	16.0	0.0674704	1.01361	0.807013	17.0	0.0786949	1.21642	0.467538	18.0	0.0638107	1.32365	0.156706	19.0	0.0467024	1.44538	0.0853555	20.0	0.0175048	0.88334	1.341	21.0	-0.166104	1.30398	0.870049	22.0	-0.140964	1.30114	0.880979	23.0	0.260444	1.15816	0.712691	24.0	0.244957	1.1538	0.710717
29.792	0.0	0.0260675	1.00405	0.808683	1.0	0.0271717	0.954218	1.12068	2.0	0.02213	0.917972	1.42524	3.0	0.0505506	0.901205	1.5716	4.0	-0.13563	0.969301	1.28223	5.0	-0.236362	1.05091	1.10383	6.0	-0.203625	1.20662	0.961512	7.0	-0.184706	1.2912	0.900811	8.0	0.191381	0.990105	1.27338	9.0	0.266235	1.03445	1.03155	10.0	0.278496	1.14515	0.850577	11.0	0.267373	1.17333	0.77073	12.0	-0.0605874	1.03131	0.813915	13.0	-0.0650951	0.851792	0.477564	14.0	-0.0136895	0.620973	0.150542	15.0	-0.0278051	0.660762	0.0679214	16.0	0.070193	1.03919	0.810257	17.0	0.0827814	1.23627	0.47121	18.0	0.0650884	1.32955	0.158551	19.0	0.0462757	1.44498	0.0831983	20.0	0.0244763	0.924168	1.34999	21.0	-0.161284	1.33737	0.870028	22.0	-0.187406	1.34583	0.897995	23.0	0.264595	1.17575	0.705097	24.0	0.252055	1.16701	0.69739
29.825	0.0	0.0318494	1.03983	0.813593	1.0	0.0340759	1.00338	1.13336	2.0	0.0281855	0.971698	1.44389	3.0	0.0598033	0.953181	1.5862	4.0	-0.13035	1.01437	1.29664	5.0	-0.222964	1.07777	1.12296	6.0	-0.195314	1.24589	0.960509	7.0	-0.176932	1.31912	0.899324	8.0	0.191529	1.04422	1.27899	9.0	0.266776	1.06794	1.03237	10.0	0.278328	1.15642	0.853126	11.0	0.267412	1.1983	0.781046	12.0	-0.0559377	1.06157	0.818717	13.0	-0.0626972	0.873016	0.472303	14.0	-0.0155265	0.635152	0.149529	15.0	-0.0295267	0.666796	0.0666631	16.0	0.0766394	1.0794	0.814614	17.0	0.0854127	1.26441	0.475616	18.0	0.065669	1.33665	0.154352	19.0	0.0452563	1.44357	0.0807681	20.0	0.0309534	0.977602	1.36738	21.0	-0.151666	1.36035	0.866355	22.0	-0.149356	1.36006	0.8956	23.0	0.261627	1.20312	0.708391	24.0	0.274991	1.20975	0.764254
29.859	0.0	0.035425	1.07244	0.827279	1.0	0.038884	1.03802	1.14508	2.0	0.0360289	1.02035	1.45581	3.0	0.0787244	1.01129	1.59924	4.0	-0.125024	1.06244	1.30966	5.0	-0.214555	1.12234	1.13339	6.0	-0.188442	1.27456	0.963721	7.0	-0.171801	1.34476	0.900047	8.0	0.199714	1.08182	1.28624	9.0	0.269318	1.09988	1.03042	10.0	0.280943	1.18867	0.851841	11.0	0.268566	1.22353	0.779734	12.0	-0.05278	1.10498	0.835714	13.0	-0.0641353	0.937419	0.4802	14.0	-0.0233777	0.682307	0.169703	15.0	-0.0329551	0.688898	0.0830169	16.0	0.0799843	1.10268	0.825149	17.0	0.0866057	1.28075	0.478998	18.0	0.0642221	1.34067	0.153431	19.0	0.0450781	1.44321	0.080512	20.0	0.0380182	1.02262	1.37933	21.0	-0.145558	1.38009	0.863596	22.0	-0.151786	1.3893	0.89711	23.0	0.256746	1.23065	0.705963	24.0	0.273403	1.24206	0.739596
29.892	0.0	0.0464325	1.11834	0.843569	1.0	0.0479408	1.09018	1.16085	2.0	0.0418641	1.07236	1.46933	3.0	0.0828946	1.06353	1.61475	4.0	-0.121192	1.11084	1.32212	5.0	-0.208401	1.16376	1.14021	6.0	-0.180401	1.31866	0.947978	7.0	-0.16986	1.36843	0.900486	8.0	0.209948	1.12562	1.2984	9.0	0.267983	1.13091	1.03918	10.0	0.28119	1.20715	0.855625	11.0	0.26844	1.24335	0.785943	12.0	-0.0439469	1.14357	0.849394	13.0	-0.0742009	0.99562	0.486498	14.0	-0.033376	0.726913	0.188209	15.0	-0.0545	0.857389	0.154423	16.0	0.0919048	1.15102	0.842323	17.0	0.0870509	1.29403	0.489079	18.0	0.064853	1.34727	0.15095	19.0	0.0442327	1.44185	0.0803458	20.0	0.0447361	1.07485	1.39337	21.0	-0.143646	1.4038	0.85977	22.0	-0.136108	1.39636	0.895113	23.0	0.260522	1.24552	0.711469	24.0	0.264197	1.23981	0.732389
29.925	0.0	0.0501624	1.14249	0.849031	1.0	0.0533235	1.12669	1.17014	2.0	0.0489159	1.12283	1.48306	3.0	0.0928837	1.1138	1.62301	4.0	-0.109873	1.15945	1.33648	5.0	-0.203598	1.19861	1.14487	6.0	-0.179075	1.33031	0.952273	7.0	-0.167425	1.39133	0.896351	8.0	0.216916	1.16062	1.30431	9.0	0.270448	1.16446	1.04373	10.0	0.277054	1.23608	0.857767	11.0	0.260726	1.27033	0.784567	12.0	-0.0379389	1.17215	0.857035	13.0	-0.0799488	1.06342	0.495327	14.0	-0.0516881	0.785376	0.204081	15.0	-0.0687977	0.915239	0.169305	16.0	0.0938926	1.17461	0.846789	17.0	0.0885429	1.30188	0.492956	18.0	0.06484	1.34849	0.150835	19.0	0.0439227	1.44151	0.0800049	20.0	0.0516011	1.1232	1.40637	21.0	-0.142719	1.42886	0.854962	22.0	-0.130196	1.41723	0.889346	23.0	0.249265	1.27214	0.713199	24.0	0.240531	1.27221	0.707072
29.959	0.0	0.0607395	1.18198	0.85539	1.0	0.0605451	1.16332	1.17579	2.0	0.0527654	1.15491	1.48737	3.0	0.103501	1.15568	1.62721	4.0	-0.103786	1.19428	1.34115	5.0	-0.196845	1.23322	1.14232	6.0	-0.178085	1.35472	0.95315	7.0	-0.168493	1.41231	0.891932	8.0	0.227017	1.20195	1.31101	9.0	0.272278	1.19279	1.04897	10.0	0.274754	1.25698	0.860162	11.0	0.260474	1.28991	0.789184	12.0	-0.0282714	1.20888	0.863243	13.0	-0.0923902	1.14954	0.525993	14.0	-0.062886	0.86697	0.239221	15.0	-0.0822915	0.996651	0.2047	16.0	0.104014	1.21381	0.852655	17.0	0.0927161	1.31414	0.495475	18.0	0.0650662	1.35133	0.150584	19.0	0.0440469	1.44152	0.0799575	20.0	0.0559571	1.15422	1.41058	21.0	-0.143739	1.44942	0.849966	22.0	-0.141752	1.44985	0.881608	23.0	0.24784	1.29091	0.717294	24.0	0.250962	1.29353	0.710399
29.992	0.0	0.0663578	1.20824	0.859632	1.0	0.0673112	1.1962	1.18059	2.0	0.060564	1.19596	1.49267	3.0	0.106118	1.20122	1.6377	4.0	-0.0977457	1.22786	1.3489	5.0	-0.192228	1.2617	1.1485	6.0	-0.176523	1.37319	0.954	7.0	-0.170404	1.43055	0.885653	8.0	0.231488	1.23572	1.31293	9.0	0.281407	1.22399	1.0519	10.0	0.275623	1.27781	0.859894	11.0	0.256473	1.31131	0.778593	12.0	-0.0239392	1.23784	0.868492	13.0	-0.090068	1.19792	0.502511	14.0	-0.0601175	0.908102	0.223492	15.0	-0.079794	1.03713	0.188727	16.0	0.11076	1.23886	0.856138	17.0	0.0952906	1.31875	0.495682	18.0	0.0668767	1.35232	0.150889	19.0	0.0461275	1.44209	0.079122	20.0	0.0638036	1.19471	1.41597	21.0	-0.148399	1.46503	0.838019	22.0	-0.136331	1.44999	0.880839	23.0	0.242575	1.31164	0.715036	24.0	0.232844	1.30594	0.750009
30.025	0.0	0.0792607	1.24229	0.866385	1.0	0.0761414	1.23285	1.18454	2.0	0.0648731	1.23394	1.49366	3.0	0.111735	1.23832	1.6379	4.0	-0.0923731	1.25444	1.35441	5.0	-0.187058	1.29023	1.15086	6.0	-0.178136	1.39864	0.949758	7.0	-0.172905	1.44404	0.881241	8.0	0.235514	1.27201	1.32366	9.0	0.280047	1.25973	1.06134	10.0	0.276186	1.30241	0.867052	11.0	0.255797	1.3306	0.783877	12.0	-0.0129453	1.26625	0.873191	13.0	-0.0943328	1.25543	0.501248	14.0	-0.0711291	0.97509	0.211361	15.0	-0.0941707	1.10374	0.176841	16.0	0.124749	1.27732	0.86479	17.0	0.0981166	1.32799	0.490115	18.0	0.0669652	1.35233	0.147999	19.0	0.0488705	1.44373	0.0778107	20.0	0.0690744	1.23128	1.4176	21.0	-0.152829	1.47736	0.829111	22.0	-0.188174	1.49495	0.872048	23.0	0.243871	1.32855	0.719352	24.0	0.209961	1.35016	0.771334
30.058	0.0	0.0905553	1.27253	0.869008	1.0	0.0831936	1.26364	1.1855	2.0	0.0678628	1.26593	1.49303	3.0	0.113319	1.27629	1.64039	4.0	-0.0912564	1.28155	1.35728	5.0	-0.184268	1.31696	1.14415	6.0	-0.181716	1.42175	0.941491	7.0	-0.179114	1.46148	0.877076	8.0	0.237212	1.30281	1.3317	9.0	0.280684	1.2868	1.06947	10.0	0.275178	1.31905	0.873606	11.0	0.257256	1.34688	0.786103	12.0	-0.000650709	1.29524	0.875625	13.0	-0.0925543	1.32103	0.513172	14.0	-0.0732525	1.06287	0.201915	15.0	-0.102537	1.06972	0.0956723	16.0	0.13452	1.30845	0.867453	17.0	0.0997659	1.34209	0.480978	18.0	0.0681132	1.35236	0.143307	19.0	0.0499842	1.44396	0.076347	20.0	0.0731916	1.26372	1.41738	21.0	-0.165498	1.49389	0.825739	22.0	-0.198438	1.5025	0.882137	23.0	0.247996	1.34242	0.719914	24.0	0.203693	1.36985	0.77833
30.092	0.0	0.0950342	1.30183	0.872554	1.0	0.0876403	1.29389	1.18891	2.0	0.0720534	1.2961	1.49617	3.0	0.113636	1.30937	1.64525	4.0	-0.0875147	1.30743	1.36026	5.0	-0.1818	1.33022	1.14297	6.0	-0.183716	1.42917	0.941648	7.0	-0.177815	1.46871	0.876946	8.0	0.241559	1.33338	1.33132	9.0	0.283273	1.3243	1.06798	10.0	0.280898	1.35446	0.871939	11.0	0.266088	1.36436	0.801122	12.0	0.00258295	1.32498	0.879729	13.0	-0.0779862	1.3525	0.486601	14.0	-0.0707185	1.13883	0.172895	15.0	-0.114844	1.17943	0.0961408	16.0	0.139734	1.33682	0.870356	17.0	0.100691	1.35806	0.4733	18.0	0.0688791	1.35303	0.140546	19.0	0.0511213	1.44349	0.0753218	20.0	0.0774004	1.29355	1.42058	21.0	-0.170612	1.50371	0.823428	22.0	-0.199602	1.5246	0.865404	23.0	0.248484	1.35883	0.722693	24.0	0.223886	1.37888	0.793908
30.125	0.0	0.100851	1.33618	0.877296	1.0	0.0900988	1.32463	1.1928	2.0	0.0715277	1.32412	1.49931	3.0	0.113158	1.34256	1.647	4.0	-0.0863869	1.33255	1.36262	5.0	-0.18146	1.34576	1.14837	6.0	-0.185475	1.44375	0.934921	7.0	-0.173245	1.47206	0.874526	8.0	0.242801	1.36045	1.33768	9.0	0.285991	1.34662	1.07504	10.0	0.279739	1.37298	0.87852	11.0	0.265675	1.387	0.797848	12.0	0.00717025	1.35955	0.883647	13.0	-0.0791941	1.40248	0.472865	14.0	-0.0664958	1.23761	0.132922	15.0	-0.0677184	1.33089	0.0828608	16.0	0.146218	1.37052	0.875813	17.0	0.101596	1.37935	0.460317	18.0	0.0685306	1.35449	0.140954	19.0	0.0515297	1.44299	0.0746029	20.0	0.0776141	1.32242	1.42394	21.0	-0.175751	1.52087	0.820705	22.0	-0.20366	1.50751	0.904874	23.0	0.254944	1.37524	0.722619	24.0	0.218965	1.39818	0.791069
30.159	0.0	0.1129	1.36074	0.879283	1.0	0.0981789	1.35015	1.19381	2.0	0.0754414	1.35034	1.49926	3.0	0.116263	1.37177	1.64989	4.0	-0.0850831	1.35625	1.36115	5.0	-0.1794	1.36136	1.14692	6.0	-0.188243	1.46385	0.920009	7.0	-0.16338	1.48519	0.866578	8.0	0.245579	1.3879	1.34183	9.0	0.284462	1.37773	1.07788	10.0	0.280023	1.40052	0.881074	11.0	0.269721	1.41308	0.804933	12.0	0.0181576	1.38226	0.883652	13.0	-0.0693025	1.46883	0.479447	14.0	-0.0482317	1.35349	0.130993	15.0	-0.0743898	1.4322	0.0675331	16.0	0.158853	1.39658	0.879893	17.0	0.111763	1.39983	0.442708	18.0	0.0584611	1.359	0.135706	19.0	0.0454147	1.44762	0.0713931	20.0	0.0825816	1.34836	1.42416	21.0	-0.174492	1.52264	0.812966	22.0	-0.235494	1.52229	0.851072	23.0	0.256875	1.40073	0.725444	24.0	0.212207	1.43017	0.795001
30.192	0.0	0.115249	1.38763	0.877661	1.0	0.0995737	1.37912	1.19313	2.0	0.075591	1.38097	1.49948	3.0	0.114095	1.40447	1.64902	4.0	-0.0853499	1.38172	1.35868	5.0	-0.18024	1.37785	1.14744	6.0	-0.19273	1.47475	0.91602	7.0	-0.165211	1.49806	0.862988	8.0	0.245049	1.42152	1.33856	9.0	0.286353	1.4028	1.07602	10.0	0.281501	1.4306	0.879634	11.0	0.271987	1.4422	0.80658	12.0	0.0203598	1.40714	0.881208	13.0	-0.0676329	1.52753	0.489791	14.0	-0.0659617	1.46044	0.130921	15.0	-0.0946162	1.53805	0.0677089	16.0	0.16086	1.42498	0.879123	17.0	0.129961	1.41515	0.427585	18.0	0.02362	1.42731	0.11749	19.0	0.0187675	1.503	0.0546634	20.0	0.0830801	1.37869	1.42416	21.0	-0.185791	1.54225	0.808736	22.0	-0.245754	1.52203	0.849064	23.0	0.257322	1.42953	0.722505	24.0	0.226461	1.45602	0.803508
30.225	0.0	0.108994	1.41942	0.875916	1.0	0.0952296	1.40829	1.19128	2.0	0.0729421	1.40774	1.49738	3.0	0.116672	1.43037	1.64817	4.0	-0.0852991	1.40425	1.35627	5.0	-0.1792	1.39695	1.14092	6.0	-0.197203	1.48952	0.908873	7.0	-0.209907	1.52231	0.85724	8.0	0.246662	1.43964	1.33727	9.0	0.287828	1.43232	1.07351	10.0	0.288875	1.45957	0.877275	11.0	0.274404	1.47385	0.80207	12.0	0.013914	1.43889	0.880617	13.0	-0.0664541	1.57408	0.509223	14.0	-0.0584974	1.5601	0.13586	15.0	-0.0971838	1.64238	0.072094	16.0	0.154437	1.45649	0.876249	17.0	0.103634	1.45735	0.426237	18.0	-0.00879006	1.46404	0.121269	19.0	0.0496997	1.48811	0.0605519	20.0	0.0800337	1.40601	1.42214	21.0	-0.202222	1.55171	0.80113	22.0	-0.25166	1.53081	0.855574	23.0	0.264319	1.46187	0.71831	24.0	0.222905	1.49202	0.796763
30.258	0.0	0.109071	1.43968	0.874884	1.0	0.0945027	1.43376	1.18895	2.0	0.0712723	1.43869	1.49347	3.0	0.114426	1.45953	1.64399	4.0	-0.0855652	1.43454	1.35083	5.0	-0.181506	1.42264	1.12999	6.0	-0.202014	1.50095	0.906433	7.0	-0.214524	1.53298	0.850594	8.0	0.245688	1.47329	1.33166	9.0	0.288093	1.45599	1.06917	10.0	0.286648	1.49757	0.874722	11.0	0.271298	1.51062	0.795916	12.0	0.0140087	1.45827	0.878046	13.0	-0.0587611	1.61476	0.506197	14.0	-0.0513548	1.65516	0.134318	15.0	-0.0868552	1.75526	0.0720886	16.0	0.154203	1.47747	0.876852	17.0	0.110737	1.47827	0.451436	18.0	0.0522218	1.33485	0.0958074	19.0	0.00931982	1.43322	0.0549936	20.0	0.0786165	1.4356	1.41866	21.0	-0.203593	1.55254	0.788797	22.0	-0.255794	1.54533	0.836262	23.0	0.255486	1.50264	0.717308	24.0	0.23031	1.519	0.795051
30.292	0.0	0.0914111	1.47488	0.874198	1.0	0.0863841	1.46413	1.18588	2.0	0.0708464	1.46519	1.4885	3.0	0.112357	1.48843	1.64045	4.0	-0.0872062	1.45925	1.3464	5.0	-0.183222	1.43977	1.12384	6.0	-0.21043	1.51667	0.904648	7.0	-0.222695	1.55126	0.840948	8.0	0.243931	1.49939	1.32844	9.0	0.289196	1.48389	1.06637	10.0	0.284128	1.53178	0.871863	11.0	0.26964	1.54519	0.787434	12.0	-0.00238988	1.48897	0.878076	13.0	-0.0518377	1.64517	0.523498	14.0	-0.0529353	1.74233	0.135271	15.0	-0.0791143	1.85458	0.0865816	16.0	0.135071	1.51704	0.875414	17.0	0.0892056	1.51301	0.46498	18.0	0.05663	1.35121	0.100607	19.0	0.0187355	1.44029	0.0478346	20.0	0.0764001	1.46294	1.41413	21.0	-0.208098	1.57423	0.778456	22.0	-0.269594	1.56016	0.826293	23.0	0.257894	1.53244	0.711199	24.0	0.218685	1.5629	0.781093
30.325	0.0	0.085485	1.49779	0.866236	1.0	0.0809757	1.491	1.1788	2.0	0.0675782	1.4938	1.48238	3.0	0.113986	1.51484	1.63152	4.0	-0.0879138	1.48538	1.33971	5.0	-0.188773	1.46152	1.11994	6.0	-0.216018	1.54058	0.894021	7.0	-0.229724	1.57562	0.831896	8.0	0.245876	1.52481	1.32371	9.0	0.292407	1.51026	1.06183	10.0	0.287249	1.55611	0.868093	11.0	0.272496	1.58067	0.788084	12.0	-0.00802638	1.51196	0.876539	13.0	-0.0395622	1.68309	0.55166	14.0	-0.0646627	1.7695	0.217403	15.0	-0.0738544	1.88425	0.146023	16.0	0.128297	1.54056	0.860384	17.0	0.0359159	1.57277	0.406788	18.0	0.0553443	1.35378	0.100957	19.0	0.0418946	1.46684	0.0639195	20.0	0.072492	1.49138	1.40775	21.0	-0.218735	1.59635	0.771096	22.0	-0.272936	1.58906	0.820282	23.0	0.259378	1.57093	0.709164	24.0	0.216175	1.60217	0.789273
30.359	0.0	0.0965483	1.52858	0.858357	1.0	0.085629	1.5191	1.17191	2.0	0.0665671	1.52111	1.47574	3.0	0.112862	1.54306	1.62405	4.0	-0.0898151	1.51239	1.33188	5.0	-0.191878	1.49015	1.11485	6.0	-0.223744	1.5616	0.887745	7.0	-0.234768	1.59784	0.825298	8.0	0.241494	1.55582	1.31609	9.0	0.294458	1.54059	1.05589	10.0	0.285607	1.60377	0.859829	11.0	0.267297	1.61942	0.778434	12.0	0.00203225	1.54243	0.871188	13.0	-0.0394004	1.69401	0.539052	14.0	-0.0441827	1.83808	0.223831	15.0	-0.0649586	1.96368	0.165493	16.0	0.139738	1.56939	0.851247	17.0	0.0620101	1.5998	0.397426	18.0	0.0540066	1.36255	0.109341	19.0	0.0535421	1.4698	0.0620748	20.0	0.0728835	1.51869	1.40112	21.0	-0.219762	1.62382	0.76516	22.0	-0.277352	1.59879	0.808189	23.0	0.257893	1.61403	0.706436	24.0	0.206204	1.6418	0.770443
30.392	0.0	0.0923487	1.558	0.855712	1.0	0.0814874	1.55185	1.16724	2.0	0.0619978	1.55528	1.4692	3.0	0.105951	1.5737	1.61981	4.0	-0.0948428	1.54628	1.32437	5.0	-0.195446	1.52272	1.1047	6.0	-0.233392	1.59981	0.87852	7.0	-0.240232	1.62962	0.813589	8.0	0.239376	1.58693	1.31146	9.0	0.293693	1.57813	1.05097	10.0	0.28374	1.62584	0.857447	11.0	0.26717	1.65724	0.776356	12.0	-0.00270399	1.57142	0.868549	13.0	-0.0367345	1.73224	0.539713	14.0	-0.0468374	1.85182	0.231246	15.0	-0.0673699	1.9831	0.181419	16.0	0.135931	1.5996	0.84871	17.0	0.0547158	1.61955	0.40712	18.0	0.0527741	1.36875	0.115478	19.0	0.0554819	1.46662	0.061921	20.0	0.0684365	1.55272	1.39502	21.0	-0.226368	1.66023	0.751651	22.0	-0.282618	1.6266	0.797534	23.0	0.254592	1.65696	0.702316	24.0	0.222056	1.6728	0.771832
30.425	0.0	0.0850748	1.59302	0.849638	1.0	0.0776475	1.58216	1.1623	2.0	0.0608112	1.58213	1.46516	3.0	0.103746	1.59994	1.61876	4.0	-0.0966702	1.57603	1.3192	5.0	-0.195873	1.55076	1.09907	6.0	-0.235967	1.62562	0.872021	7.0	-0.246275	1.65898	0.810254	8.0	0.235616	1.625	1.30325	9.0	0.292307	1.61045	1.04399	10.0	0.281945	1.6714	0.851979	11.0	0.267997	1.69245	0.771673	12.0	-0.010218	1.60449	0.863563	13.0	-0.0443157	1.74351	0.527051	14.0	-0.0473344	1.86982	0.243278	15.0	-0.0645142	2.00325	0.197259	16.0	0.128651	1.6358	0.841831	17.0	0.0379605	1.6704	0.408025	18.0	0.0521737	1.3807	0.124731	19.0	0.0580003	1.46465	0.0614272	20.0	0.0666466	1.5803	1.39078	21.0	-0.237879	1.69387	0.744125	22.0	-0.290056	1.66175	0.790381	23.0	0.248465	1.68866	0.696615	24.0	0.234729	1.68186	0.697794
30.459	0.0	0.0728011	1.62882	0.844512	1.0	0.0690718	1.61976	1.15885	2.0	0.0562072	1.62055	1.4634	3.0	0.0995172	1.63595	1.61696	4.0	-0.0981264	1.61663	1.31504	5.0	-0.200741	1.60106	1.08993	6.0	-0.239225	1.66687	0.864544	7.0	-0.251347	1.69496	0.803443	8.0	0.232047	1.65653	1.30326	9.0	0.288181	1.65509	1.04271	10.0	0.279822	1.70912	0.841061	11.0	0.263819	1.73276	0.77351	12.0	-0.0237346	1.64186	0.863112	13.0	-0.0544111	1.75936	0.520417	14.0	-0.0202718	1.96427	0.156259	15.0	-0.0454711	2.10486	0.131129	16.0	0.117014	1.6704	0.832338	17.0	0.0952854	1.50257	0.398856	18.0	0.0479655	1.38227	0.125644	19.0	0.0583749	1.46374	0.0615078	20.0	0.0610419	1.61861	1.3886	21.0	-0.243493	1.72109	0.739392	22.0	-0.296033	1.6931	0.782535	23.0	0.247844	1.72743	0.690216	24.0	0.215813	1.74805	0.768085
30.492	0.0	0.065379	1.66161	0.84207	1.0	0.0632326	1.65157	1.15762	2.0	0.0517315	1.65162	1.46317	3.0	0.095935	1.66841	1.61494	4.0	-0.101963	1.65082	1.31068	5.0	-0.202566	1.62957	1.08987	6.0	-0.246559	1.70386	0.863341	7.0	-0.255763	1.73143	0.800034	8.0	0.225936	1.6997	1.30418	9.0	0.284636	1.69343	1.04461	10.0	0.278206	1.75501	0.844423	11.0	0.264525	1.77036	0.776225	12.0	-0.0297639	1.66988	0.861675	13.0	-0.0566955	1.76511	0.514193	14.0	-0.0213076	1.97022	0.150334	15.0	-0.0354402	2.10727	0.117404	16.0	0.107977	1.70685	0.828934	17.0	-0.0328693	1.84971	0.473213	18.0	0.0227474	1.53141	0.230585	19.0	-0.0142534	1.65524	0.197587	20.0	0.0562449	1.64986	1.38815	21.0	-0.249631	1.75595	0.736132	22.0	-0.300925	1.73059	0.790895	23.0	0.248463	1.76803	0.694959	24.0	0.254555	1.8132	0.772209
30.524	0.0	0.0595129	1.70249	0.842012	1.0	0.0580266	1.69263	1.15946	2.0	0.0471282	1.69255	1.46673	3.0	0.0906842	1.69926	1.61643	4.0	-0.106871	1.69735	1.31322	5.0	-0.204206	1.67989	1.0898	6.0	-0.249494	1.74719	0.855621	7.0	-0.259663	1.76994	0.796234	8.0	0.218733	1.73597	1.30405	9.0	0.278432	1.74183	1.04409	10.0	0.274746	1.78894	0.848315	11.0	0.259646	1.81584	0.774047	12.0	-0.0358021	1.71425	0.862057	13.0	-0.0777073	1.8113	0.515112	14.0	-0.0410774	2.01753	0.15195	15.0	-0.0323184	2.13868	0.0996668	16.0	0.101799	1.74402	0.828622	17.0	-0.0337844	1.86392	0.474174	18.0	0.0221661	1.54345	0.23451	19.0	-0.0118607	1.66744	0.201459	20.0	0.0515022	1.69086	1.39131	21.0	-0.252368	1.79865	0.729935	22.0	-0.303055	1.76303	0.781557	23.0	0.252209	1.81018	0.6971	24.0	0.248252	1.85994	0.76789
30.559	0.0	0.0629421	1.74343	0.846582	1.0	0.0573773	1.72553	1.16436	2.0	0.0431613	1.71878	1.47171	3.0	0.0825719	1.73345	1.626	4.0	-0.110527	1.73055	1.31717	5.0	-0.20637	1.7156	1.09178	6.0	-0.249998	1.78229	0.85554	7.0	-0.263332	1.80924	0.797804	8.0	0.214839	1.77416	1.31233	9.0	0.275328	1.77488	1.05268	10.0	0.272166	1.83486	0.859251	11.0	0.258509	1.85518	0.776492	12.0	-0.0316325	1.75462	0.865379	13.0	-0.0812322	1.83712	0.516273	14.0	-0.045123	2.0199	0.141399	15.0	-0.0317831	2.14129	0.0922209	16.0	0.103741	1.78442	0.834331	17.0	-0.0411146	1.89655	0.480526	18.0	0.0176871	1.57194	0.247304	19.0	-0.0181482	1.69588	0.214785	20.0	0.0483019	1.71865	1.39628	21.0	-0.255297	1.83352	0.731553	22.0	-0.318343	1.81404	0.782125	23.0	0.251238	1.84488	0.697871	24.0	0.245147	1.89817	0.774028
30.592	0.0	0.0386853	1.78924	0.854252	1.0	0.0407171	1.77182	1.1734	2.0	0.0335421	1.76232	1.48139	3.0	0.0735492	1.75695	1.63193	4.0	-0.118176	1.77051	1.3232	5.0	-0.212187	1.76456	1.09559	6.0	-0.254944	1.82403	0.865842	7.0	-0.267195	1.84768	0.803805	8.0	0.204854	1.81646	1.3224	9.0	0.264264	1.82999	1.06201	10.0	0.266616	1.87359	0.863662	11.0	0.253601	1.90094	0.785572	12.0	-0.0566436	1.7992	0.874535	13.0	-0.0860664	1.88291	0.524802	14.0	-0.0481343	2.05623	0.145926	15.0	-0.0239922	2.15657	0.0781008	16.0	0.0798628	1.83124	0.840419	17.0	-0.0475743	1.92004	0.485617	18.0	0.0143546	1.59293	0.25686	19.0	-0.022572	1.71686	0.224401	20.0	0.0370529	1.763	1.40585	21.0	-0.267504	1.86994	0.74197	22.0	-0.312565	1.84585	0.794902	23.0	0.246188	1.89881	0.71233	24.0	0.237777	1.94969	0.778253
30.624	0.0	0.0465648	1.82156	0.862099	1.0	0.0415844	1.79683	1.17983	2.0	0.0284086	1.78449	1.48734	3.0	0.0652071	1.8044	1.64234	4.0	-0.123694	1.80296	1.32984	5.0	-0.21713	1.80204	1.10102	6.0	-0.259729	1.86511	0.866258	7.0	-0.269911	1.88803	0.807803	8.0	0.200099	1.84743	1.33108	9.0	0.260796	1.86121	1.07096	10.0	0.260412	1.92358	0.873649	11.0	0.250975	1.94034	0.798377	12.0	-0.0497094	1.83133	0.879165	13.0	-0.0812795	1.91679	0.529621	14.0	-0.0464967	2.06826	0.141766	15.0	-0.0204001	2.15898	0.073179	16.0	0.0880789	1.86332	0.851403	17.0	-0.0521223	1.94547	0.487741	18.0	0.0143101	1.61706	0.262303	19.0	-0.0224167	1.741	0.230137	20.0	0.033349	1.78576	1.4119	21.0	-0.269353	1.90541	0.748207	22.0	-0.320913	1.89131	0.794347	23.0	0.242998	1.9344	0.72142	24.0	0.237978	1.98199	0.794933
30.659	0.0	0.0334253	1.8715	0.878561	1.0	0.0313714	1.84606	1.19262	2.0	0.0203783	1.82741	1.49513	3.0	0.0552047	1.81409	1.64621	4.0	-0.129048	1.83746	1.33693	5.0	-0.220967	1.8365	1.10771	6.0	-0.264082	1.90909	0.874276	7.0	-0.27416	1.93123	0.812833	8.0	0.191939	1.88881	1.34286	9.0	0.254419	1.90931	1.08324	10.0	0.256134	1.95826	0.885128	11.0	0.243299	1.98336	0.81257	12.0	-0.0637628	1.88322	0.897571	13.0	-0.107909	1.96817	0.547756	14.0	-0.0738641	2.11523	0.158069	15.0	-0.0168396	2.14309	0.0805738	16.0	0.0751104	1.91037	0.865349	17.0	-0.0487518	1.983	0.422443	18.0	0.0216144	1.63238	0.235702	19.0	-0.0176035	1.75574	0.204295	20.0	0.0247449	1.83068	1.421	21.0	-0.266878	1.95278	0.753747	22.0	-0.32216	1.93326	0.800904	23.0	0.233522	1.97881	0.735507	24.0	0.220943	2.03476	0.806819
30.692	0.0	0.0253754	1.89557	0.883044	1.0	0.0243348	1.86663	1.19701	2.0	0.0133157	1.84838	1.5	3.0	0.0390876	1.83812	1.65605	4.0	-0.133767	1.86498	1.34104	5.0	-0.22441	1.87117	1.11188	6.0	-0.269675	1.94771	0.876796	7.0	-0.278238	1.97256	0.818424	8.0	0.183206	1.91612	1.35083	9.0	0.250887	1.94169	1.09294	10.0	0.248831	1.99709	0.898256	11.0	0.236702	2.02375	0.829004	12.0	-0.0735163	1.90824	0.901703	13.0	-0.111897	1.99566	0.551985	14.0	-0.0629275	2.11946	0.15693	15.0	-0.0111962	2.14208	0.074814	16.0	0.0683773	1.93323	0.870072	17.0	-0.0588211	1.99373	0.505775	18.0	0.0237999	1.66696	0.283897	19.0	-0.0161447	1.79019	0.252049	20.0	0.0177745	1.85121	1.42573	21.0	-0.269246	1.99916	0.755656	22.0	-0.327802	1.97425	0.803476	23.0	0.227058	2.02645	0.752452	24.0	0.221333	2.06381	0.835713
30.725	0.0	0.0212675	1.93842	0.893102	1.0	0.0177751	1.90012	1.20577	2.0	0.00553998	1.87252	1.50704	3.0	0.0300347	1.85162	1.66138	4.0	-0.138304	1.89056	1.34699	5.0	-0.227298	1.89935	1.11804	6.0	-0.270426	1.98295	0.878748	7.0	-0.278211	2.01119	0.822917	8.0	0.179032	1.94382	1.35874	9.0	0.243776	1.97973	1.10059	10.0	0.241746	2.03604	0.909007	11.0	0.231341	2.06438	0.835852	12.0	-0.077031	1.9441	0.909218	13.0	-0.108568	2.04614	0.561968	14.0	-0.0601413	2.13893	0.159297	15.0	-0.0118084	2.13746	0.0772122	16.0	0.0629928	1.98258	0.882645	17.0	-0.0569433	2.00258	0.488904	18.0	0.0352097	1.68063	0.264243	19.0	-0.00573949	1.80368	0.233153	20.0	0.0101921	1.87764	1.43324	21.0	-0.270493	2.03448	0.760212	22.0	-0.322762	2.01893	0.800359	23.0	0.224803	2.06313	0.76368	24.0	0.216148	2.10562	0.835176
30.759	0.0	0.035203	1.98237	0.894805	1.0	0.0194223	1.92935	1.2093	2.0	-0.00152687	1.89167	1.51173	3.0	0.0192018	1.86806	1.66754	4.0	-0.143013	1.91822	1.35174	5.0	-0.234547	1.93597	1.12152	6.0	-0.265352	2.0258	0.88256	7.0	-0.280785	2.05193	0.827048	8.0	0.171881	1.96746	1.36432	9.0	0.240701	2.01001	1.1081	10.0	0.238223	2.0707	0.915958	11.0	0.229179	2.10192	0.849697	12.0	-0.0639339	1.99467	0.908481	13.0	-0.0753832	2.08824	0.560283	14.0	-0.0450332	2.15477	0.151021	15.0	-0.00874662	2.13473	0.0744201	16.0	0.0765432	2.01865	0.886208	17.0	-0.0272788	2.03207	0.468872	18.0	0.0503751	1.70987	0.238087	19.0	0.0797588	1.70859	0.140972	20.0	0.00511097	1.89889	1.43767	21.0	-0.274164	2.07858	0.767211	22.0	-0.328604	2.05049	0.81856	23.0	0.220743	2.10941	0.779649	24.0	0.21254	2.14325	0.857158
30.792	0.0	0.033702	2.01634	0.889255	1.0	0.0170465	1.95707	1.20824	2.0	-0.00662099	1.90863	1.51414	3.0	0.00889779	1.88079	1.67023	4.0	-0.147988	1.93942	1.35563	5.0	-0.242336	1.96895	1.11759	6.0	-0.268284	2.06064	0.890891	7.0	-0.281436	2.09039	0.833359	8.0	0.162678	1.99565	1.36948	9.0	0.241161	2.04175	1.11706	10.0	0.238277	2.10594	0.92333	11.0	0.228381	2.13868	0.860677	12.0	-0.0647928	2.02249	0.898191	13.0	-0.0589842	2.04893	0.52385	14.0	-0.0267591	2.04433	0.153011	15.0	-0.0109742	2.13342	0.0745301	16.0	0.0739189	2.05939	0.886721	17.0	0.0646561	2.03315	0.537956	18.0	0.0823042	1.78329	0.2159	19.0	0.0387625	1.90469	0.186206	20.0	0.000651638	1.91875	1.4394	21.0	-0.276807	2.12039	0.773342	22.0	-0.327471	2.09352	0.824498	23.0	0.222463	2.13773	0.787178	24.0	0.210135	2.18227	0.860392
30.825	0.0	0.0243456	2.05291	0.887975	1.0	0.0100186	1.98452	1.20872	2.0	-0.0130551	1.92829	1.51647	3.0	0.000701716	1.89201	1.67101	4.0	-0.154849	1.96727	1.35511	5.0	-0.247761	2.0029	1.11616	6.0	-0.270729	2.0968	0.90162	7.0	-0.28022	2.12919	0.838677	8.0	0.162741	2.01121	1.37446	9.0	0.240766	2.06632	1.12323	10.0	0.240433	2.13759	0.936221	11.0	0.229621	2.17443	0.871214	12.0	-0.0732721	2.0581	0.893865	13.0	-0.0507654	2.0571	0.521069	14.0	-0.0269704	2.04488	0.152676	15.0	-0.0113297	2.1314	0.0744717	16.0	0.0636444	2.094	0.887993	17.0	0.13029	2.06298	0.554715	18.0	0.0983747	1.84297	0.20924	19.0	0.0578403	1.96429	0.179744	20.0	-0.00580855	1.94051	1.44126	21.0	-0.276157	2.15943	0.778849	22.0	-0.322499	2.14239	0.820122	23.0	0.223661	2.17794	0.800378	24.0	0.213086	2.21493	0.876519
30.859	0.0	0.0351204	2.08803	0.885409	1.0	0.0115699	2.00902	1.20732	2.0	-0.0179888	1.94407	1.51631	3.0	-0.00610354	1.90336	1.67134	4.0	-0.157297	1.98889	1.35097	5.0	-0.252599	2.02402	1.11904	6.0	-0.26987	2.13102	0.908906	7.0	-0.277566	2.16869	0.843207	8.0	0.152793	2.03511	1.37478	9.0	0.237907	2.09877	1.12797	10.0	0.243008	2.16537	0.93975	11.0	0.235538	2.20337	0.881063	12.0	-0.0619038	2.09724	0.886056	13.0	-0.0438569	2.07473	0.513295	14.0	-0.0266496	2.04847	0.149838	15.0	-0.0114104	2.13101	0.074636	16.0	0.0732216	2.12605	0.890094	17.0	0.127347	2.09689	0.5526	18.0	0.0964998	1.90017	0.192649	19.0	0.112932	1.95269	0.0928342	20.0	-0.00926834	1.95817	1.44078	21.0	-0.271428	2.20304	0.78438	22.0	-0.320276	2.18305	0.822255	23.0	0.228846	2.20952	0.80685	24.0	0.212403	2.24268	0.824496
30.892	0.0	0.0428751	2.10961	0.877034	1.0	0.0130729	2.02589	1.20339	2.0	-0.0225667	1.95577	1.51592	3.0	-0.0126161	1.91591	1.66917	4.0	-0.159126	2.01102	1.34919	5.0	-0.255017	2.06015	1.11209	6.0	-0.270413	2.16155	0.92377	7.0	-0.275954	2.21071	0.845324	8.0	0.149401	2.05251	1.37315	9.0	0.235824	2.12275	1.12839	10.0	0.247789	2.20082	0.944932	11.0	0.240087	2.23408	0.883011	12.0	-0.0506204	2.11449	0.876711	13.0	-0.0296453	2.10519	0.488036	14.0	-0.02481	2.0527	0.149032	15.0	-0.00982837	2.13058	0.0743702	16.0	0.0765079	2.1511	0.883395	17.0	0.12157	2.12329	0.475347	18.0	0.136664	2.02331	0.144916	19.0	0.139457	2.09844	0.0714174	20.0	-0.012349	1.97112	1.43958	21.0	-0.269773	2.24971	0.790231	22.0	-0.323549	2.21229	0.820972	23.0	0.235797	2.23806	0.810662	24.0	0.22214	2.27415	0.886179
30.925	0.0	0.0524034	2.15308	0.869093	1.0	0.015001	2.0513	1.19808	2.0	-0.0263495	1.9667	1.51343	3.0	-0.0156045	1.92451	1.66599	4.0	-0.158649	2.03202	1.34424	5.0	-0.253836	2.08182	1.11152	6.0	-0.267672	2.19118	0.932735	7.0	-0.270347	2.2473	0.85198	8.0	0.150587	2.06431	1.37571	9.0	0.256973	2.14064	1.14201	10.0	0.252959	2.24159	0.92165	11.0	0.246119	2.26318	0.877421	12.0	-0.0400587	2.15828	0.86562	13.0	-0.0389544	2.1122	0.452048	14.0	-0.014978	2.06024	0.145806	15.0	-0.00602796	2.13277	0.0748993	16.0	0.08414	2.19155	0.879061	17.0	0.134493	2.17969	0.467349	18.0	0.130215	2.08006	0.133246	19.0	0.137729	2.17241	0.0739768	20.0	-0.0150156	1.98527	1.43642	21.0	-0.263256	2.28848	0.793654	22.0	-0.327915	2.25082	0.818941	23.0	0.241871	2.27341	0.814485	24.0	0.2301	2.29672	0.888871
30.959	0.0	0.0473367	2.17102	0.865017	1.0	0.0106553	2.07261	1.19214	2.0	-0.0325321	1.98539	1.50686	3.0	-0.0209549	1.93601	1.65984	4.0	-0.160513	2.0522	1.3391	5.0	-0.255139	2.11661	1.10496	6.0	-0.263236	2.27116	0.880275	7.0	-0.26384	2.29789	0.838342	8.0	0.120916	2.10015	1.36442	9.0	0.227309	2.1832	1.1327	10.0	0.25571	2.26407	0.91509	11.0	0.251199	2.28907	0.873594	12.0	-0.0444443	2.17273	0.859932	13.0	-0.050499	2.12405	0.45495	14.0	-0.0135086	2.06747	0.139507	15.0	-0.00768861	2.13594	0.075593	16.0	0.077949	2.21396	0.877125	17.0	0.131478	2.25655	0.48722	18.0	0.141046	2.18595	0.133803	19.0	0.121484	2.25168	0.0700928	20.0	-0.0204906	2.00543	1.42979	21.0	-0.256755	2.33325	0.797926	22.0	-0.308597	2.31442	0.826952	23.0	0.244731	2.29536	0.809736	24.0	0.231319	2.32513	0.835334
30.992	0.0	0.045739	2.19534	0.861428	1.0	0.00903159	2.08815	1.18819	2.0	-0.0351886	1.99498	1.5026	3.0	-0.0237734	1.94699	1.65192	4.0	-0.161047	2.06407	1.33582	5.0	-0.256262	2.14353	1.09559	6.0	-0.262208	2.29019	0.886654	7.0	-0.258315	2.33155	0.846549	8.0	0.120138	2.10097	1.37336	9.0	0.156106	2.21172	1.1992	10.0	0.23407	2.28801	0.95565	11.0	0.258651	2.30094	0.895956	12.0	-0.0505372	2.20961	0.853393	13.0	-0.0562854	2.14228	0.461156	14.0	-0.0143564	2.06971	0.138933	15.0	-0.00436854	2.14246	0.0747778	16.0	0.0790353	2.22732	0.87568	17.0	0.0947239	2.28857	0.499486	18.0	0.151255	2.29385	0.135394	19.0	0.105302	2.40863	0.107007	20.0	-0.0227761	2.01624	1.42564	21.0	-0.253272	2.37266	0.804225	22.0	-0.303147	2.34943	0.832048	23.0	0.257429	2.30823	0.808799	24.0	0.24111	2.34609	0.891349
31.024	0.0	0.0327038	2.20908	0.853943	1.0	0.00295107	2.10091	1.18151	2.0	-0.0365804	2.00604	1.49616	3.0	-0.0257807	1.95744	1.64273	4.0	-0.16295	2.0802	1.33147	5.0	-0.255957	2.15908	1.09158	6.0	-0.259329	2.33736	0.891892	7.0	-0.256506	2.36946	0.847667	8.0	0.114351	2.11135	1.3754	9.0	0.0865568	2.24905	1.17837	10.0	0.213788	2.31025	0.954745	11.0	0.20703	2.32819	0.903841	12.0	-0.0599465	2.21811	0.847835	13.0	-0.0608391	2.15658	0.46298	14.0	-0.0156395	2.07311	0.138406	15.0	0.0105815	2.1494	0.0689114	16.0	0.0644003	2.24356	0.867717	17.0	0.0901012	2.32814	0.505777	18.0	0.143543	2.38769	0.147932	19.0	0.0978191	2.50137	0.119515	20.0	-0.0251494	2.02778	1.41918	21.0	-0.246329	2.40968	0.80875	22.0	-0.298748	2.39046	0.834573	23.0	0.253019	2.34123	0.808347	24.0	0.0667878	2.35894	0.892417
31.058	0.0	0.0481704	2.24552	0.879882	1.0	0.0069984	2.1196	1.18497	2.0	-0.0375691	2.01701	1.48818	3.0	-0.0270267	1.96563	1.63568	4.0	-0.163903	2.08607	1.32995	5.0	-0.253755	2.1677	1.09406	6.0	-0.258292	2.34537	0.901322	7.0	-0.254366	2.39985	0.854701	8.0	0.111313	2.12108	1.37221	9.0	-0.0405746	2.26924	1.18708	10.0	0.150866	2.31859	1.01627	11.0	0.156781	2.35037	0.938073	12.0	-0.00619685	2.20087	0.863399	13.0	-0.06414	2.17788	0.47017	14.0	-0.0169593	2.07821	0.138129	15.0	0.000388529	2.15104	0.0697464	16.0	0.0421634	2.33669	0.905878	17.0	0.1283	2.42702	0.545428	18.0	0.135617	2.46494	0.20391	19.0	0.0872073	2.57649	0.173378	20.0	-0.0250469	2.03974	1.41401	21.0	-0.245219	2.44389	0.814376	22.0	-0.164637	2.35169	0.886147	23.0	0.241685	2.3616	0.869021	24.0	0.127024	2.39547	0.876009
31.091	0.0	0.0465012	2.26238	0.878471	1.0	0.00712171	2.14068	1.18228	2.0	-0.0386495	2.03164	1.47868	3.0	-0.0263193	1.98146	1.62356	4.0	-0.164772	2.09858	1.32428	5.0	-0.253739	2.19424	1.08265	6.0	-0.256464	2.36488	0.917978	7.0	-0.253178	2.43291	0.855693	8.0	0.108696	2.13623	1.36497	9.0	0.0022456	2.30896	1.17081	10.0	0.187398	2.3429	0.990414	11.0	0.268706	2.38467	0.876857	12.0	-0.0081376	2.21584	0.861395	13.0	-0.064463	2.19636	0.477174	14.0	-0.0185206	2.08468	0.138313	15.0	-0.00211123	2.152	0.070442	16.0	0.0397415	2.35061	0.903652	17.0	0.128479	2.47975	0.549048	18.0	0.24054	2.59088	0.199345	19.0	0.190054	2.69953	0.168387	20.0	-0.0257666	2.05673	1.40597	21.0	-0.243735	2.47998	0.818568	22.0	-0.164037	2.38194	0.88874	23.0	0.264139	2.40177	0.817249	24.0	0.17961	2.4085	0.866711
31.125	0.0	0.0341207	2.27548	0.874573	1.0	0.00291976	2.15335	1.17712	2.0	-0.0372615	2.04702	1.46787	3.0	-0.0254347	1.99818	1.61091	4.0	-0.163485	2.11334	1.31853	5.0	-0.249985	2.22213	1.07619	6.0	-0.256522	2.37131	0.934614	7.0	-0.250497	2.45448	0.863624	8.0	0.109351	2.15192	1.35511	9.0	-0.0310492	2.30954	1.16896	10.0	0.185262	2.35923	1.03435	11.0	0.233447	2.38177	0.958709	12.0	-0.0211793	2.23021	0.859214	13.0	-0.0634989	2.21397	0.478289	14.0	-0.0182543	2.08971	0.13873	15.0	-0.00821243	2.15766	0.070477	16.0	0.0266532	2.36297	0.897074	17.0	0.121497	2.50881	0.562763	18.0	0.247002	2.64349	0.213467	19.0	0.196319	2.75135	0.18209	20.0	-0.0258533	2.07142	1.39691	21.0	-0.24532	2.5087	0.820346	22.0	-0.159974	2.41314	0.885697	23.0	0.273576	2.41679	0.887718	24.0	0.0884473	2.43885	0.909276
31.158	0.0	0.032489	2.29319	0.864757	1.0	0.00455097	2.17724	1.16512	2.0	-0.0317707	2.073	1.45413	3.0	-0.0218689	2.01872	1.59932	4.0	-0.157835	2.14103	1.30646	5.0	-0.238284	2.15113	1.07969	6.0	-0.255919	2.38777	0.940984	7.0	-0.249155	2.47838	0.866894	8.0	0.114428	2.17825	1.34172	9.0	-0.0398263	2.32533	1.15771	10.0	0.151435	2.3963	0.993909	11.0	0.109541	2.44872	0.92146	12.0	-0.0209509	2.24546	0.848917	13.0	-0.0621706	2.22762	0.479014	14.0	-0.0169511	2.09464	0.138229	15.0	-0.00823671	2.15767	0.0704841	16.0	0.0228348	2.38246	0.887943	17.0	0.114155	2.53689	0.574554	18.0	0.247544	2.6928	0.2181	19.0	0.197321	2.80021	0.187085	20.0	-0.0211603	2.09736	1.38339	21.0	-0.243953	2.54166	0.822899	22.0	-0.237652	2.53829	0.858927	23.0	0.248188	2.44227	0.852176	24.0	0.133011	2.48596	0.859822
31.191	0.0	0.0276335	2.31641	0.853926	1.0	0.00429298	2.20298	1.15486	2.0	-0.02761	2.10229	1.44349	3.0	-0.0164645	2.04949	1.58773	4.0	-0.153748	2.17016	1.29643	5.0	-0.235073	2.16192	1.08027	6.0	-0.254504	2.40143	0.946686	7.0	-0.24901	2.49792	0.870749	8.0	0.118411	2.20757	1.33118	9.0	-0.0345596	2.36071	1.15101	10.0	0.160195	2.41836	0.987387	11.0	0.106292	2.47483	0.917049	12.0	-0.0255175	2.26764	0.838254	13.0	-0.0603163	2.23523	0.475401	14.0	-0.014934	2.09909	0.13695	15.0	-0.00826016	2.15781	0.0703076	16.0	0.0175814	2.40564	0.877367	17.0	0.109522	2.56463	0.57721	18.0	0.247744	2.73019	0.226068	19.0	0.200304	2.84034	0.188445	20.0	-0.0181015	2.12552	1.37295	21.0	-0.251646	2.56579	0.820276	22.0	-0.262548	2.5652	0.859302	23.0	0.259284	2.4736	0.836304	24.0	0.133579	2.5084	0.861537
31.225	0.0	0.0364593	2.36102	0.854577	1.0	0.0120337	2.24333	1.14991	2.0	-0.0215892	2.13727	1.43374	3.0	-0.0124911	2.09203	1.57733	4.0	-0.165887	2.18635	1.25689	5.0	-0.233489	2.22217	1.06449	6.0	-0.254426	2.426	0.942119	7.0	-0.250881	2.55068	0.848454	8.0	0.124302	2.24257	1.32143	9.0	-0.0173311	2.38135	1.12221	10.0	0.168458	2.46322	0.956978	11.0	0.116109	2.50041	0.918422	12.0	-0.0175683	2.29745	0.834877	13.0	-0.0578918	2.24984	0.477001	14.0	-0.0121618	2.10293	0.13746	15.0	-0.0081074	2.15881	0.0695334	16.0	0.0254015	2.46197	0.883042	17.0	0.124926	2.59037	0.574964	18.0	0.272929	2.72108	0.214795	19.0	0.216571	2.82836	0.176635	20.0	-0.0115546	2.16201	1.36428	21.0	-0.241579	2.60132	0.817574	22.0	-0.249856	2.57265	0.870291	23.0	0.13021	2.52143	0.86417	24.0	0.0722517	2.51265	0.944171
31.259	0.0	0.0161213	2.3827	0.809273	1.0	0.00546455	2.27267	1.12583	2.0	-0.0176433	2.17995	1.4229	3.0	-0.00954404	2.13201	1.57073	4.0	-0.163167	2.21693	1.2446	5.0	-0.238928	2.33966	1.04459	6.0	-0.255729	2.49009	0.907481	7.0	-0.250524	2.58053	0.842846	8.0	0.0751058	2.31532	1.25488	9.0	-0.000489042	2.48631	1.05478	10.0	0.212117	2.51742	0.911773	11.0	0.22149	2.53928	0.848796	12.0	-0.0417083	2.32414	0.800786	13.0	-0.056318	2.25727	0.461823	14.0	-0.00835705	2.10572	0.137945	15.0	0.015202	2.17642	0.0631902	16.0	0.0103569	2.47949	0.827979	17.0	0.185103	2.62855	0.495362	18.0	0.35694	2.74362	0.208086	19.0	0.285654	2.84484	0.178585	20.0	-0.0103339	2.20033	1.35038	21.0	-0.242281	2.63155	0.814096	22.0	-0.252442	2.61276	0.86004	23.0	0.312943	2.54072	0.778378	24.0	0.122162	2.58466	0.797262
31.292	0.0	0.0288086	2.41219	0.800698	1.0	0.0160926	2.31226	1.11504	2.0	-0.00906174	2.21964	1.41727	3.0	-0.00270789	2.18701	1.56444	4.0	-0.158911	2.24678	1.23981	5.0	-0.237513	2.35089	1.04215	6.0	-0.247743	2.54151	0.891383	7.0	-0.247893	2.60623	0.839359	8.0	0.0827288	2.34951	1.25029	9.0	0.00423955	2.4966	1.02616	10.0	0.232974	2.53243	0.914309	11.0	0.271904	2.54659	0.88113	12.0	-0.0311046	2.35789	0.790922	13.0	-0.0547173	2.27103	0.457477	14.0	-0.00534449	2.1076	0.136899	15.0	0.0103509	2.17283	0.063262	16.0	0.0241606	2.5049	0.820274	17.0	0.185578	2.64311	0.476342	18.0	0.346201	2.74929	0.179292	19.0	0.274128	2.85042	0.150743	20.0	-0.00083444	2.24189	1.34322	21.0	-0.237312	2.6551	0.807836	22.0	-0.243828	2.64069	0.854636	23.0	0.325127	2.56382	0.778131	24.0	0.113942	2.59113	0.816249
31.325	0.0	0.0142799	2.42602	0.777993	1.0	0.0121366	2.33625	1.10326	2.0	0.000381085	2.27084	1.41349	3.0	0.00530111	2.23613	1.56311	4.0	-0.149884	2.28518	1.2407	5.0	-0.235878	2.36973	1.03631	6.0	-0.247744	2.54936	0.893148	7.0	-0.245676	2.63331	0.835253	8.0	0.0925862	2.40299	1.24617	9.0	0.00209933	2.52611	1.01244	10.0	0.252096	2.53939	0.963883	11.0	0.303669	2.52951	0.960843	12.0	-0.0923258	2.43167	0.767995	13.0	-0.0504316	2.29271	0.468001	14.0	-0.00141881	2.10938	0.136199	15.0	0.00503474	2.17105	0.0640079	16.0	0.0469794	2.46623	0.784744	17.0	0.158012	2.72114	0.474661	18.0	0.273918	2.92772	0.206185	19.0	0.197383	3.02491	0.178787	20.0	0.0042772	2.28372	1.33713	21.0	-0.237528	2.6846	0.804097	22.0	-0.226596	2.65137	0.855229	23.0	0.318871	2.56065	0.905396	24.0	0.102969	2.58958	0.873515
31.359	0.0	0.00614081	2.44343	0.779878	1.0	0.0104264	2.37964	1.10347	2.0	0.00792612	2.32261	1.41275	3.0	0.0153835	2.29261	1.55815	4.0	-0.141285	2.33979	1.23937	5.0	-0.232059	2.38898	1.03549	6.0	-0.2485	2.56545	0.894619	7.0	-0.243055	2.65595	0.837643	8.0	0.0129749	2.42084	1.25556	9.0	-0.0165679	2.55493	1.01468	10.0	0.235531	2.55674	0.980132	11.0	0.287067	2.54736	0.987483	12.0	-0.0929955	2.43524	0.771528	13.0	-0.0499498	2.30284	0.468313	14.0	0.00608652	2.1026	0.119323	15.0	0.0234464	2.16918	0.0633172	16.0	0.0347575	2.49455	0.791822	17.0	0.142969	2.7097	0.45507	18.0	0.256897	2.88228	0.163865	19.0	0.176484	2.97798	0.137398	20.0	0.0104197	2.3364	1.33715	21.0	-0.234757	2.70897	0.799762	22.0	-0.243264	2.70844	0.8378	23.0	0.303756	2.56655	0.929781	24.0	0.22302	2.59077	0.913685
31.392	0.0	0.00256061	2.47578	0.786558	1.0	0.0144529	2.4196	1.10973	2.0	0.0163938	2.37489	1.41956	3.0	0.0254606	2.35151	1.56156	4.0	-0.135452	2.38586	1.24171	5.0	-0.223914	2.36401	1.05654	6.0	-0.247394	2.59198	0.904868	7.0	-0.241578	2.68227	0.83998	8.0	0.115707	2.49897	1.27429	9.0	-0.00144074	2.58932	1.03684	10.0	0.250194	2.5795	1.00359	11.0	0.275019	2.56578	1.01173	12.0	-0.0936039	2.46598	0.788851	13.0	-0.0547509	2.32904	0.486139	14.0	0.00250188	2.11795	0.143866	15.0	0.00604415	2.16814	0.0687548	16.0	0.0323679	2.52061	0.793857	17.0	0.13961	2.70287	0.44055	18.0	0.253133	2.84742	0.13521	19.0	0.1782	2.94614	0.109081	20.0	0.0178496	2.38501	1.3439	21.0	-0.232899	2.74121	0.79813	22.0	-0.216154	2.71044	0.839438	23.0	0.288357	2.57822	0.967272	24.0	0.248627	2.59022	0.961012
31.424	0.0	-0.00564446	2.49131	0.788595	1.0	0.0133528	2.45441	1.11525	2.0	0.0250824	2.4297	1.42917	3.0	0.0394069	2.41194	1.57054	4.0	-0.132424	2.43513	1.25321	5.0	-0.215551	2.48059	1.05776	6.0	-0.244392	2.63798	0.905245	7.0	-0.238758	2.7109	0.845114	8.0	0.102209	2.54499	1.27433	9.0	0.0018052	2.63628	1.03032	10.0	-0.213302	2.67211	0.886526	11.0	-0.239811	2.70505	0.851152	12.0	-0.103327	2.48276	0.794904	13.0	-0.0554077	2.36267	0.486228	14.0	0.00353919	2.1345	0.15572	15.0	0.0461683	2.18393	0.0714515	16.0	0.0255235	2.53572	0.793014	17.0	0.148415	2.71072	0.443763	18.0	0.275657	2.84904	0.141821	19.0	0.200559	2.94747	0.115065	20.0	0.0241206	2.43649	1.35277	21.0	-0.235875	2.76965	0.796628	22.0	-0.237911	2.76573	0.836346	23.0	-0.264841	2.73836	0.800188	24.0	-0.266093	2.66261	0.903601
31.458	0.0	-0.0169157	2.51704	0.797274	1.0	0.0111416	2.49981	1.12623	2.0	0.0295898	2.48654	1.43967	3.0	0.0516155	2.47379	1.57417	4.0	-0.130178	2.48459	1.27273	5.0	-0.211795	2.53547	1.06182	6.0	-0.236849	2.70976	0.875112	7.0	-0.239191	2.74977	0.840121	8.0	0.0858272	2.5934	1.28247	9.0	-0.0130934	2.66199	1.03091	10.0	-0.215423	2.69569	0.892309	11.0	-0.236359	2.72882	0.863703	12.0	-0.112841	2.50248	0.806476	13.0	-0.057878	2.41604	0.485984	14.0	0.000384454	2.17025	0.168302	15.0	0.0385097	2.19188	0.0771501	16.0	0.0124948	2.56746	0.798014	17.0	0.141197	2.70075	0.436569	18.0	0.27396	2.80345	0.124259	19.0	0.197562	2.90158	0.0971891	20.0	0.0270336	2.48936	1.36328	21.0	-0.246794	2.79559	0.798469	22.0	-0.219746	2.76333	0.863885	23.0	-0.267591	2.76003	0.803566	24.0	-0.265427	2.69501	0.917309
31.492	0.0	-0.0244192	2.53995	0.808445	1.0	0.00982996	2.53705	1.1384	2.0	0.0332601	2.54286	1.45345	3.0	0.0606532	2.53395	1.58601	4.0	-0.119799	2.55107	1.28298	5.0	-0.210731	2.63	1.03077	6.0	-0.232658	2.74315	0.863943	7.0	-0.236668	2.77369	0.844233	8.0	0.0616637	2.6301	1.30848	9.0	-0.0310741	2.68808	1.05213	10.0	-0.221846	2.7138	0.908689	11.0	-0.232655	2.75293	0.875499	12.0	-0.120856	2.52586	0.820148	13.0	-0.0526791	2.50403	0.487991	14.0	-0.00328402	2.24335	0.180269	15.0	-0.0707285	2.35294	0.151385	16.0	0.00555661	2.58824	0.806732	17.0	0.112974	2.71212	0.433217	18.0	0.227404	2.80703	0.110906	19.0	0.155873	2.90682	0.0832656	20.0	0.0294868	2.54185	1.37702	21.0	-0.24417	2.79931	0.793324	22.0	-0.232716	2.79081	0.872104	23.0	-0.255735	2.79724	0.804792	24.0	-0.260649	2.76057	0.89772
31.524	0.0	-0.0305227	2.58083	0.839171	1.0	0.00927362	2.58717	1.15886	2.0	0.0356161	2.59845	1.46397	3.0	0.0682602	2.58945	1.59786	4.0	-0.105921	2.62237	1.2897	5.0	-0.189126	2.67947	1.03557	6.0	-0.244318	2.79218	0.874505	7.0	-0.235195	2.7877	0.851623	8.0	0.063946	2.6856	1.31891	9.0	-0.0314459	2.74651	1.06392	10.0	-0.222444	2.77608	0.925649	11.0	-0.229166	2.77036	0.896243	12.0	-0.133218	2.58173	0.852805	13.0	-0.0553909	2.52279	0.530371	14.0	-0.0138765	2.27804	0.207858	15.0	-0.0764832	2.38906	0.178101	16.0	0.0050154	2.60705	0.827653	17.0	0.048464	2.74359	0.437348	18.0	0.107349	2.84992	0.101341	19.0	0.0414518	2.95113	0.0741128	20.0	0.0311965	2.59473	1.38955	21.0	-0.260084	2.80427	0.820405	22.0	-0.265089	2.80412	0.856911	23.0	-0.256249	2.8037	0.82206	24.0	-0.257401	2.75733	0.934005
