53.04	0.0	-0.00438214	-0.208167	0.896755	1.0	-0.0285839	-0.185175	1.20924	2.0	-0.0575169	-0.14919	1.5146	3.0	-0.0263227	-0.133488	1.64995	4.0	-0.211397	-0.136357	1.38857	5.0	-0.299106	-0.165551	1.17603	6.0	-0.30444	-0.0362017	0.94972	7.0	-0.284582	-0.0141967	0.877835	8.0	0.124306	-0.162494	1.3879	9.0	0.191658	-0.23906	1.12324	10.0	0.219407	-0.179572	0.910072	11.0	0.221145	-0.157657	0.83901	12.0	-0.089911	-0.176393	0.899772	13.0	-0.181241	-0.0677887	0.539546	14.0	-0.154027	-0.244601	0.174231	15.0	-0.14235	-0.196717	0.0961178	16.0	0.0468512	-0.16759	0.895601	17.0	0.042291	-0.239429	0.50177	18.0	0.00879699	-0.332834	0.144552	19.0	0.0204366	-0.248803	0.0811751	20.0	-0.0493006	-0.160512	1.43929	21.0	-0.275546	0.00225619	0.821669	22.0	-0.221619	-0.0536168	0.895249	23.0	0.217118	-0.157666	0.780729	24.0	0.19935	-0.1627	0.797088
53.074	0.0	-0.00101276	-0.191232	0.893168	1.0	-0.0243528	-0.160015	1.20477	2.0	-0.0532216	-0.115366	1.50917	3.0	-0.0181666	-0.0924464	1.64304	4.0	-0.207612	-0.106088	1.38611	5.0	-0.294601	-0.153633	1.1748	6.0	-0.298521	-0.0290712	0.927441	7.0	-0.279772	-0.0162298	0.867182	8.0	0.130989	-0.137064	1.38569	9.0	0.198635	-0.215479	1.11901	10.0	0.225818	-0.151994	0.895048	11.0	0.229005	-0.136744	0.834982	12.0	-0.0848981	-0.160614	0.896233	13.0	-0.176711	-0.0277663	0.528508	14.0	-0.140024	-0.148215	0.170839	15.0	-0.157462	-0.100177	0.0891298	16.0	0.0483894	-0.149814	0.892205	17.0	0.0497485	-0.233072	0.496047	18.0	0.0158854	-0.317209	0.146199	19.0	0.0470276	-0.248273	0.0842089	20.0	-0.044942	-0.128902	1.43411	21.0	-0.291308	0.00383834	0.807791	22.0	-0.21764	-0.0274081	0.881857	23.0	0.220922	-0.128312	0.773556	24.0	0.200524	-0.139158	0.83285
53.107	0.0	0.00263887	-0.174267	0.891147	1.0	-0.0216747	-0.136814	1.20173	2.0	-0.0521416	-0.0865975	1.50501	3.0	-0.0135801	-0.0751282	1.64249	4.0	-0.206349	-0.0782532	1.38213	5.0	-0.29985	-0.122749	1.17158	6.0	-0.301004	-0.0291531	0.924318	7.0	-0.285571	-0.0139175	0.862871	8.0	0.132121	-0.101893	1.3811	9.0	0.201663	-0.191366	1.12078	10.0	0.230774	-0.142883	0.891629	11.0	0.23799	-0.119898	0.828965	12.0	-0.0811202	-0.14227	0.894522	13.0	-0.178187	0.0231627	0.539068	14.0	-0.143772	-0.0562509	0.165834	15.0	-0.171087	0.037587	0.095117	16.0	0.0517701	-0.134463	0.890016	17.0	0.0653554	-0.210726	0.513842	18.0	0.0423437	-0.282495	0.209163	19.0	0.0336942	-0.153069	0.166838	20.0	-0.0434173	-0.101445	1.43024	21.0	-0.292502	0.0011015	0.786847	22.0	-0.225155	-0.000707059	0.869223	23.0	0.232694	-0.11979	0.763813	24.0	0.217952	-0.124129	0.787414
53.141	0.0	-0.00509671	-0.155876	0.885032	1.0	-0.0254709	-0.10807	1.19312	2.0	-0.0499028	-0.0448106	1.49331	3.0	-0.012071	-0.0237526	1.63204	4.0	-0.206823	-0.0469219	1.37681	5.0	-0.303239	-0.105903	1.16486	6.0	-0.324317	-0.00783622	0.912018	7.0	-0.303381	-0.00982399	0.845156	8.0	0.133892	-0.0680562	1.3709	9.0	0.204557	-0.161622	1.11248	10.0	0.238902	-0.105429	0.888102	11.0	0.242565	-0.0922978	0.821705	12.0	-0.0870354	-0.12848	0.890792	13.0	-0.177605	0.0436865	0.53103	14.0	-0.141761	0.0363797	0.170238	15.0	-0.187349	0.151948	0.0906566	16.0	0.042019	-0.110912	0.881202	17.0	0.0702464	-0.213107	0.456176	18.0	0.0383833	-0.279748	0.157354	19.0	0.0610913	-0.191722	0.0731435	20.0	-0.0429022	-0.063195	1.41937	21.0	-0.32566	0.00224007	0.780286	22.0	-0.250375	-0.00834779	0.834868	23.0	0.237454	-0.0906273	0.758026	24.0	0.21435	-0.0972279	0.810086
53.175	0.0	-0.00595922	-0.136205	0.879756	1.0	-0.0255672	-0.07975	1.18478	2.0	-0.0506439	-0.0118764	1.48279	3.0	-0.0153915	0.00207921	1.62286	4.0	-0.208186	-0.0137158	1.36709	5.0	-0.317142	-0.0678335	1.15374	6.0	-0.339757	0.00588227	0.900364	7.0	-0.331614	0.00547848	0.836022	8.0	0.133908	-0.037294	1.36612	9.0	0.204931	-0.121062	1.10873	10.0	0.2396	-0.0794193	0.89314	11.0	0.245172	-0.0681839	0.813681	12.0	-0.0890644	-0.108045	0.885031	13.0	-0.162699	0.0920481	0.472203	14.0	-0.153777	0.144539	0.16466	15.0	-0.188804	0.279026	0.103846	16.0	0.0422779	-0.0929035	0.876907	17.0	0.0710982	-0.156916	0.56457	18.0	0.0530257	-0.230318	0.266309	19.0	0.000629848	-0.272013	0.182121	20.0	-0.0432914	-0.0309406	1.40928	21.0	-0.337192	-0.00101948	0.766684	22.0	-0.251058	-0.00406648	0.846678	23.0	0.237918	-0.0703009	0.747518	24.0	0.224297	-0.0748022	0.777204
53.208	0.0	-0.00563632	-0.10598	0.875625	1.0	-0.026972	-0.0455277	1.17779	2.0	-0.0546594	0.0280082	1.47236	3.0	-0.0256231	0.0556892	1.60883	4.0	-0.210077	0.0171443	1.35761	5.0	-0.326443	-0.0438947	1.14595	6.0	-0.357539	0.0176419	0.887911	7.0	-0.367182	0.0253988	0.819538	8.0	0.132621	-0.000324885	1.35731	9.0	0.202541	-0.0957553	1.10706	10.0	0.242039	-0.0436771	0.883618	11.0	0.245033	-0.0355582	0.806603	12.0	-0.0901624	-0.0784036	0.879203	13.0	-0.155973	0.11264	0.469308	14.0	-0.156506	0.236385	0.169983	15.0	-0.197194	0.372828	0.114534	16.0	0.0439	-0.0619162	0.87466	17.0	0.0781604	-0.146205	0.571069	18.0	0.00649341	-0.31529	0.196991	19.0	-0.00361106	-0.187491	0.151189	20.0	-0.0465624	0.00719828	1.39982	21.0	-0.362111	0.0225482	0.76051	22.0	-0.340117	0.0289365	0.813084	23.0	0.240457	-0.0446328	0.740956	24.0	0.217783	-0.031038	0.786873
53.241	0.0	-0.00548678	-0.0737807	0.868354	1.0	-0.03218	-0.0103477	1.16993	2.0	-0.0654391	0.0651092	1.46446	3.0	-0.0336359	0.0993652	1.60026	4.0	-0.214237	0.0545032	1.34845	5.0	-0.327882	-0.0140176	1.13713	6.0	-0.372336	0.0394605	0.879883	7.0	-0.381394	0.0410353	0.80688	8.0	0.128599	0.0327616	1.35141	9.0	0.20536	-0.04661	1.09526	10.0	0.24031	-0.0258211	0.878155	11.0	0.241778	-0.00910557	0.800903	12.0	-0.09018	-0.0494398	0.872384	13.0	-0.151264	0.152169	0.465309	14.0	-0.158138	0.290275	0.180949	15.0	-0.193965	0.428926	0.127717	16.0	0.0439518	-0.0268808	0.867193	17.0	0.0814085	-0.131576	0.573804	18.0	0.0102522	-0.308036	0.202881	19.0	0.0013688	-0.180584	0.156728	20.0	-0.0559806	0.0440854	1.39184	21.0	-0.375214	0.0328778	0.744386	22.0	-0.354831	0.0744717	0.762801	23.0	0.242491	-0.0120667	0.741603	24.0	0.218008	-0.0286285	0.767383
53.274	0.0	-0.00726335	-0.036302	0.859903	1.0	-0.0378754	0.0286302	1.16037	2.0	-0.0749001	0.105964	1.45369	3.0	-0.0438776	0.132328	1.59133	4.0	-0.219756	0.0880079	1.33515	5.0	-0.339025	0.0177211	1.12049	6.0	-0.383062	0.0547301	0.87068	7.0	-0.39339	0.0571858	0.797496	8.0	0.124577	0.06903	1.34742	9.0	0.205544	-0.0268947	1.08892	10.0	0.238381	0.020109	0.871181	11.0	0.241031	0.0195441	0.793278	12.0	-0.0929835	-0.00852439	0.862239	13.0	-0.151637	0.177677	0.474029	14.0	-0.165155	0.329724	0.162652	15.0	-0.195601	0.465642	0.105716	16.0	0.042829	0.00713684	0.860498	17.0	0.0975581	-0.100635	0.572834	18.0	0.0353773	-0.283537	0.203808	19.0	0.0257414	-0.156387	0.157382	20.0	-0.0644712	0.0842942	1.38142	21.0	-0.394301	0.0519615	0.729386	22.0	-0.366082	0.0783573	0.793634	23.0	0.239338	0.0159734	0.733687	24.0	0.210005	0.00704121	0.775971
53.308	0.0	-0.0142917	0.00508879	0.845831	1.0	-0.0459396	0.069051	1.14603	2.0	-0.0836719	0.144881	1.43931	3.0	-0.05511	0.177005	1.58115	4.0	-0.231679	0.130681	1.31771	5.0	-0.350519	0.0510064	1.09846	6.0	-0.392407	0.074245	0.86186	7.0	-0.402205	0.0776012	0.784811	8.0	0.113471	0.114531	1.33836	9.0	0.200433	0.0201891	1.07632	10.0	0.231062	0.0699357	0.856221	11.0	0.231749	0.0626193	0.795092	12.0	-0.100857	0.0295	0.850478	13.0	-0.159721	0.231029	0.482091	14.0	-0.163196	0.349372	0.148433	15.0	-0.187419	0.473949	0.0896769	16.0	0.0365882	0.0515223	0.844531	17.0	0.100305	-0.0731928	0.569283	18.0	0.0445859	-0.270721	0.207523	19.0	0.0343433	-0.143434	0.161182	20.0	-0.0731199	0.123753	1.36699	21.0	-0.394047	0.0658146	0.714964	22.0	-0.375903	0.103896	0.777969	23.0	0.236476	0.0536081	0.728065	24.0	0.203006	0.0662874	0.791153
53.341	0.0	-0.0139219	0.0508918	0.840996	1.0	-0.0521948	0.108215	1.14223	2.0	-0.0960138	0.179436	1.43618	3.0	-0.067889	0.218372	1.57111	4.0	-0.237672	0.158403	1.3131	5.0	-0.350461	0.0700964	1.09182	6.0	-0.398341	0.0942227	0.849621	7.0	-0.407466	0.0989276	0.774353	8.0	0.0967855	0.157996	1.33677	9.0	0.190693	0.049489	1.0829	10.0	0.225111	0.0925889	0.860721	11.0	0.225499	0.0995313	0.792963	12.0	-0.100797	0.0745919	0.843113	13.0	-0.157556	0.288875	0.468672	14.0	-0.16188	0.358025	0.147887	15.0	-0.181916	0.463445	0.0840927	16.0	0.0367375	0.0979307	0.84247	17.0	0.103498	-0.04481	0.580079	18.0	0.0439886	-0.254601	0.226208	19.0	0.0294066	-0.126653	0.180385	20.0	-0.0839297	0.159196	1.36375	21.0	-0.402616	0.0899412	0.700211	22.0	-0.383183	0.120959	0.773782	23.0	0.229797	0.0861993	0.72971	24.0	0.201876	0.0898696	0.751811
53.374	0.0	-0.00938336	0.0715684	0.837563	1.0	-0.0525425	0.134919	1.13984	2.0	-0.102839	0.211563	1.43525	3.0	-0.0810302	0.254859	1.56879	4.0	-0.245821	0.19506	1.30995	5.0	-0.348497	0.106914	1.08539	6.0	-0.40414	0.131134	0.837796	7.0	-0.411193	0.122799	0.761919	8.0	0.0910287	0.18667	1.33394	9.0	0.180146	0.0957805	1.0764	10.0	0.213286	0.139835	0.860869	11.0	0.216024	0.145727	0.80273	12.0	-0.0965583	0.0970249	0.841512	13.0	-0.164292	0.319467	0.480799	14.0	-0.159846	0.362581	0.147032	15.0	-0.180765	0.463094	0.081566	16.0	0.0412965	0.116733	0.837415	17.0	0.108341	0.00560885	0.555434	18.0	0.0532481	-0.226068	0.215812	19.0	0.0408565	-0.0986905	0.169347	20.0	-0.0890289	0.190101	1.36242	21.0	-0.398268	0.102144	0.691785	22.0	-0.386802	0.148591	0.784484	23.0	0.22118	0.135388	0.733535	24.0	0.19624	0.145965	0.755227
53.408	0.0	-0.0275533	0.127969	0.84797	1.0	-0.067531	0.183729	1.14617	2.0	-0.11175	0.244847	1.43681	3.0	-0.0901028	0.28063	1.57286	4.0	-0.254283	0.222105	1.31568	5.0	-0.349144	0.14275	1.08763	6.0	-0.402618	0.147419	0.840553	7.0	-0.405866	0.148142	0.762767	8.0	0.082897	0.223466	1.34041	9.0	0.174139	0.125257	1.08008	10.0	0.206152	0.176646	0.865474	11.0	0.205721	0.182114	0.793336	12.0	-0.114536	0.149783	0.850033	13.0	-0.16852	0.345217	0.487088	14.0	-0.15932	0.366018	0.146403	15.0	-0.179659	0.463132	0.0805876	16.0	0.0227172	0.176454	0.849406	17.0	0.0877475	0.0591195	0.570052	18.0	0.0355623	-0.194101	0.246602	19.0	0.0202313	-0.065615	0.201409	20.0	-0.0995092	0.227364	1.36508	21.0	-0.39965	0.128498	0.69417	22.0	-0.383853	0.182501	0.766189	23.0	0.213591	0.160786	0.728861	24.0	0.174715	0.174811	0.78762
53.441	0.0	-0.0210582	0.143107	0.85096	1.0	-0.0662938	0.199558	1.14975	2.0	-0.118372	0.272232	1.44259	3.0	-0.100008	0.312777	1.58337	4.0	-0.262009	0.248541	1.32099	5.0	-0.348521	0.164892	1.0903	6.0	-0.399591	0.189752	0.846135	7.0	-0.40311	0.184313	0.768377	8.0	0.0666318	0.267914	1.34381	9.0	0.162157	0.171957	1.09258	10.0	0.193407	0.225092	0.878027	11.0	0.192692	0.226319	0.808298	12.0	-0.108296	0.164404	0.851625	13.0	-0.171239	0.361023	0.497896	14.0	-0.15799	0.369806	0.1469	15.0	-0.179348	0.463065	0.0803382	16.0	0.0292422	0.192025	0.853804	17.0	0.0776995	0.0891366	0.561965	18.0	0.0197145	-0.17997	0.253201	19.0	-0.000638914	-0.052153	0.206722	20.0	-0.103793	0.251356	1.37033	21.0	-0.399885	0.171431	0.700731	22.0	-0.384874	0.217178	0.769104	23.0	0.202156	0.217103	0.748865	24.0	0.167454	0.213328	0.785357
53.475	0.0	-0.022732	0.175561	0.858832	1.0	-0.0710808	0.2329	1.15895	2.0	-0.125013	0.300154	1.45102	3.0	-0.105218	0.341989	1.59134	4.0	-0.266708	0.279094	1.33153	5.0	-0.353045	0.211527	1.09851	6.0	-0.391816	0.231252	0.856642	7.0	-0.394597	0.226397	0.778875	8.0	0.0679768	0.282839	1.34864	9.0	0.158449	0.197216	1.1005	10.0	0.18504	0.248976	0.88483	11.0	0.180254	0.266806	0.817143	12.0	-0.110768	0.201326	0.858192	13.0	-0.173327	0.368367	0.497464	14.0	-0.157235	0.373585	0.146973	15.0	-0.178685	0.46369	0.0799881	16.0	0.0279829	0.220092	0.862569	17.0	0.0648495	0.139648	0.557895	18.0	0.00897586	-0.147944	0.266771	19.0	-0.00711579	-0.0196704	0.220763	20.0	-0.110437	0.281357	1.37918	21.0	-0.391621	0.204283	0.708381	22.0	-0.377621	0.261206	0.77956	23.0	0.177828	0.2617	0.754119	24.0	0.155411	0.249472	0.77242
53.507	0.0	-0.0307526	0.204425	0.864656	1.0	-0.0750205	0.258092	1.16531	2.0	-0.125847	0.325478	1.4587	3.0	-0.108167	0.367704	1.59895	4.0	-0.270568	0.305444	1.33638	5.0	-0.352568	0.232978	1.10452	6.0	-0.386735	0.276225	0.866051	7.0	-0.384466	0.277124	0.793711	8.0	0.0649661	0.315254	1.36577	9.0	0.152247	0.233321	1.11095	10.0	0.172446	0.302206	0.898244	11.0	0.16827	0.308605	0.836507	12.0	-0.1194	0.230786	0.866612	13.0	-0.175274	0.372877	0.497791	14.0	-0.157115	0.374145	0.146839	15.0	-0.178085	0.463711	0.0800197	16.0	0.0204909	0.247896	0.865909	17.0	0.060083	0.165868	0.549485	18.0	-0.00398387	-0.123115	0.261234	19.0	-0.0214382	0.00531474	0.215515	20.0	-0.112004	0.306243	1.38642	21.0	-0.376367	0.266837	0.7208	22.0	-0.370612	0.309946	0.787947	23.0	0.165441	0.305143	0.765493	24.0	0.134699	0.311169	0.844205
53.541	0.0	-0.0353161	0.227069	0.869654	1.0	-0.0796059	0.281019	1.17327	2.0	-0.129991	0.346808	1.46903	3.0	-0.113008	0.391485	1.60775	4.0	-0.275326	0.332128	1.34487	5.0	-0.348272	0.273068	1.12992	6.0	-0.375348	0.322882	0.882957	7.0	-0.368236	0.328048	0.799769	8.0	0.0610786	0.332801	1.37046	9.0	0.147556	0.251246	1.11878	10.0	0.16832	0.322967	0.906916	11.0	0.159769	0.34484	0.842912	12.0	-0.12464	0.25462	0.870193	13.0	-0.179988	0.381531	0.512662	14.0	-0.156575	0.374391	0.146881	15.0	-0.17659	0.463659	0.0805935	16.0	0.0164328	0.269356	0.872135	17.0	0.0627199	0.187818	0.509452	18.0	-0.0103534	-0.103197	0.225351	19.0	-0.0253144	0.0253442	0.180272	20.0	-0.116273	0.328156	1.39625	21.0	-0.356847	0.3224	0.732471	22.0	-0.336715	0.350999	0.793849	23.0	0.152241	0.345055	0.77616	24.0	0.127724	0.330935	0.818203
53.574	0.0	-0.0382814	0.248306	0.875801	1.0	-0.0822319	0.30286	1.18036	2.0	-0.132334	0.369669	1.47718	3.0	-0.114005	0.41599	1.6151	4.0	-0.278151	0.359118	1.35206	5.0	-0.348022	0.290802	1.13283	6.0	-0.364953	0.368344	0.891839	7.0	-0.335562	0.371658	0.813383	8.0	0.0641292	0.348781	1.38046	9.0	0.142359	0.281652	1.1329	10.0	0.160494	0.355381	0.921188	11.0	0.154829	0.378148	0.856056	12.0	-0.125804	0.275238	0.877237	13.0	-0.181462	0.382712	0.518862	14.0	-0.156412	0.374284	0.147152	15.0	-0.176285	0.463877	0.0803833	16.0	0.011475	0.291143	0.877271	17.0	0.0496008	0.2282	0.538214	18.0	-0.0187124	-0.0400293	0.230358	19.0	-0.0306962	0.0883047	0.185419	20.0	-0.118672	0.350734	1.40412	21.0	-0.346658	0.377135	0.745314	22.0	-0.277476	0.366163	0.815512	23.0	0.140197	0.383914	0.787962	24.0	0.128435	0.37565	0.817571
53.608	0.0	-0.0389561	0.274762	0.881617	1.0	-0.0821523	0.325851	1.18629	2.0	-0.131629	0.389252	1.48301	3.0	-0.111979	0.434285	1.62236	4.0	-0.279467	0.384086	1.35815	5.0	-0.349473	0.329958	1.14183	6.0	-0.357841	0.409533	0.916953	7.0	-0.319818	0.414227	0.836054	8.0	0.0614028	0.371343	1.38443	9.0	0.139329	0.293524	1.1353	10.0	0.155275	0.389903	0.928942	11.0	0.151961	0.407976	0.864349	12.0	-0.126233	0.303471	0.882871	13.0	-0.181463	0.383471	0.519322	14.0	-0.15644	0.370961	0.150287	15.0	-0.176306	0.462947	0.0796006	16.0	0.0103824	0.315501	0.883098	17.0	0.0458888	0.252247	0.539917	18.0	-0.0246402	-0.0108912	0.227846	19.0	0.0112261	0.0477393	0.125792	20.0	-0.118106	0.371167	1.40999	21.0	-0.330235	0.431838	0.762116	22.0	-0.26848	0.404733	0.850591	23.0	0.136757	0.42402	0.801168	24.0	0.127633	0.377631	0.818459
53.641	0.0	-0.0348181	0.297112	0.888374	1.0	-0.0808834	0.347361	1.19205	2.0	-0.133002	0.409924	1.48783	3.0	-0.110526	0.455613	1.62714	4.0	-0.281352	0.403231	1.36252	5.0	-0.354832	0.358046	1.15172	6.0	-0.361986	0.452245	0.935407	7.0	-0.333233	0.474842	0.845273	8.0	0.0618793	0.382378	1.38849	9.0	0.138184	0.314303	1.1372	10.0	0.15684	0.400029	0.929658	11.0	0.152753	0.429679	0.868545	12.0	-0.12217	0.328263	0.88914	13.0	-0.181234	0.385037	0.520695	14.0	-0.15621	0.369349	0.152266	15.0	-0.176089	0.457933	0.0782286	16.0	0.0142751	0.335378	0.890159	17.0	0.0389715	0.279938	0.527791	18.0	-0.0465554	0.0304635	0.207313	19.0	0.0128456	0.125842	0.138466	20.0	-0.118836	0.392054	1.41504	21.0	-0.323715	0.491945	0.782275	22.0	-0.270922	0.439556	0.857819	23.0	0.14293	0.449047	0.81098	24.0	0.130413	0.402237	0.82611
53.674	0.0	-0.0318383	0.320269	0.891656	1.0	-0.0795164	0.368812	1.19597	2.0	-0.133207	0.42951	1.4922	3.0	-0.110566	0.475168	1.63183	4.0	-0.279914	0.430531	1.36509	5.0	-0.358774	0.386169	1.15865	6.0	-0.348194	0.49978	0.940953	7.0	-0.332046	0.534908	0.860834	8.0	0.062887	0.398154	1.39241	9.0	0.13625	0.332561	1.14126	10.0	0.154958	0.425661	0.934226	11.0	0.15311	0.44918	0.873361	12.0	-0.119781	0.353545	0.890057	13.0	-0.180677	0.388036	0.518596	14.0	-0.156324	0.368798	0.152981	15.0	-0.176904	0.457549	0.0783637	16.0	0.017523	0.356341	0.895621	17.0	0.034298	0.309444	0.512949	18.0	0.0350308	0.183354	0.114963	19.0	0.0947429	0.243798	0.0833876	20.0	-0.118654	0.412121	1.41933	21.0	-0.311521	0.552235	0.804879	22.0	-0.268161	0.494611	0.871545	23.0	0.142235	0.466609	0.812937	24.0	0.124216	0.424651	0.824634
53.708	0.0	-0.0294144	0.337221	0.892651	1.0	-0.0773128	0.383403	1.19875	2.0	-0.131278	0.442033	1.49651	3.0	-0.106977	0.491621	1.6333	4.0	-0.278929	0.444024	1.36849	5.0	-0.373511	0.434431	1.16243	6.0	-0.338673	0.531017	0.940735	7.0	-0.323023	0.586926	0.871498	8.0	0.0640765	0.409902	1.396	9.0	0.135391	0.344525	1.14006	10.0	0.155845	0.43449	0.934451	11.0	0.154117	0.464394	0.877834	12.0	-0.117792	0.371033	0.889191	13.0	-0.174452	0.391617	0.502379	14.0	-0.15569	0.368011	0.153299	15.0	-0.177921	0.45671	0.0785832	16.0	0.020164	0.372468	0.898509	17.0	0.0332997	0.335972	0.464635	18.0	0.0185723	0.245067	0.147149	19.0	0.0345702	0.302334	0.0747972	20.0	-0.11665	0.425139	1.42327	21.0	-0.294351	0.598576	0.820212	22.0	-0.291902	0.597887	0.812823	23.0	0.133046	0.47472	0.808705	24.0	0.129149	0.434545	0.827798
53.741	0.0	-0.0322944	0.353152	0.892573	1.0	-0.0783266	0.39989	1.19901	2.0	-0.130512	0.45882	1.49718	3.0	-0.101691	0.508003	1.6346	4.0	-0.274002	0.468769	1.37217	5.0	-0.371185	0.454279	1.16787	6.0	-0.345217	0.577848	0.978617	7.0	-0.318925	0.633731	0.893138	8.0	0.0635687	0.426828	1.40147	9.0	0.136267	0.358861	1.14014	10.0	0.158543	0.444085	0.933043	11.0	0.157275	0.473908	0.872687	12.0	-0.119701	0.386923	0.888705	13.0	-0.176769	0.39383	0.499229	14.0	-0.155473	0.367663	0.153713	15.0	-0.177887	0.455971	0.0783625	16.0	0.0162131	0.388208	0.898931	17.0	0.0325953	0.376474	0.49201	18.0	0.0187497	0.283484	0.151459	19.0	0.0290588	0.366371	0.089552	20.0	-0.116317	0.441882	1.42384	21.0	-0.288977	0.654808	0.834959	22.0	-0.300446	0.642674	0.829137	23.0	0.150573	0.488496	0.81602	24.0	0.129627	0.446315	0.825678
53.775	0.0	-0.0356826	0.368881	0.8931	1.0	-0.079209	0.417167	1.20035	2.0	-0.128809	0.477899	1.4994	3.0	-0.0994326	0.527236	1.63696	4.0	-0.27152	0.48532	1.37337	5.0	-0.368612	0.480372	1.16779	6.0	-0.332997	0.62747	0.97815	7.0	-0.309717	0.681051	0.900881	8.0	0.066846	0.438567	1.40311	9.0	0.136954	0.372248	1.13891	10.0	0.159855	0.459725	0.932794	11.0	0.155395	0.487558	0.871122	12.0	-0.123157	0.405985	0.889159	13.0	-0.176465	0.394807	0.499312	14.0	-0.15402	0.367034	0.155704	15.0	-0.178117	0.455736	0.0790909	16.0	0.0128571	0.40082	0.899535	17.0	0.0323018	0.40157	0.488402	18.0	0.0202138	0.346377	0.127825	19.0	0.0560957	0.419838	0.0762495	20.0	-0.115271	0.460492	1.42583	21.0	-0.281232	0.70065	0.850355	22.0	-0.327551	0.681997	0.876335	23.0	0.142132	0.504821	0.808062	24.0	0.134445	0.468439	0.834897
53.808	0.0	-0.0444463	0.382189	0.894806	1.0	-0.0812225	0.428555	1.20078	2.0	-0.125625	0.489085	1.49878	3.0	-0.0959218	0.538068	1.63674	4.0	-0.268463	0.504952	1.37619	5.0	-0.364129	0.51261	1.16905	6.0	-0.328057	0.646999	0.985254	7.0	-0.302993	0.716763	0.914691	8.0	0.069403	0.4523	1.40548	9.0	0.136886	0.387186	1.13898	10.0	0.163126	0.468315	0.931135	11.0	0.158231	0.493201	0.861192	12.0	-0.130865	0.420034	0.892038	13.0	-0.175561	0.395794	0.498039	14.0	-0.152372	0.367741	0.161198	15.0	-0.177385	0.455001	0.0794819	16.0	0.00304311	0.413217	0.900085	17.0	0.0324712	0.443626	0.498537	18.0	0.026886	0.388472	0.138462	19.0	0.0451708	0.474452	0.0839637	20.0	-0.11339	0.471558	1.42549	21.0	-0.275352	0.743622	0.863201	22.0	-0.314392	0.717595	0.872674	23.0	0.150387	0.509858	0.805834	24.0	0.126397	0.484747	0.82076
53.841	0.0	-0.043394	0.398238	0.895448	1.0	-0.0780371	0.44735	1.20138	2.0	-0.119599	0.508301	1.49906	3.0	-0.0900158	0.555337	1.6388	4.0	-0.263625	0.52328	1.3785	5.0	-0.359837	0.526225	1.17182	6.0	-0.324425	0.694401	0.996544	7.0	-0.295644	0.75239	0.923162	8.0	0.0698751	0.47166	1.40312	9.0	0.140275	0.399658	1.13747	10.0	0.163683	0.477418	0.928143	11.0	0.158761	0.497927	0.864295	12.0	-0.129297	0.436466	0.892945	13.0	-0.176459	0.399421	0.501115	14.0	-0.15317	0.367292	0.164752	15.0	-0.176213	0.453871	0.0807267	16.0	0.00339552	0.428556	0.900461	17.0	0.0333742	0.471317	0.506265	18.0	0.0273404	0.43941	0.153484	19.0	0.0403884	0.526274	0.0880329	20.0	-0.108013	0.490923	1.42585	21.0	-0.265504	0.781538	0.876321	22.0	-0.305715	0.760096	0.877582	23.0	0.143271	0.514884	0.798695	24.0	0.129529	0.478453	0.82506
53.875	0.0	-0.0416835	0.415318	0.894935	1.0	-0.0747359	0.463403	1.20117	2.0	-0.114572	0.523536	1.49906	3.0	-0.08403	0.568107	1.6408	4.0	-0.255968	0.541511	1.37885	5.0	-0.35443	0.558488	1.17276	6.0	-0.3221	0.714011	1.00153	7.0	-0.290959	0.784631	0.931587	8.0	0.0770656	0.485398	1.39973	9.0	0.143095	0.411808	1.13483	10.0	0.165267	0.480105	0.92258	11.0	0.161031	0.504731	0.848815	12.0	-0.127687	0.454774	0.893239	13.0	-0.177046	0.407664	0.505102	14.0	-0.154653	0.367141	0.168652	15.0	-0.171783	0.455293	0.0833044	16.0	0.00497505	0.444324	0.899219	17.0	0.0343886	0.503404	0.510449	18.0	0.0321322	0.469382	0.145704	19.0	0.0441547	0.560944	0.08608	20.0	-0.103409	0.506328	1.42581	21.0	-0.260653	0.814888	0.883688	22.0	-0.30101	0.793046	0.890783	23.0	0.146926	0.523561	0.790896	24.0	0.121331	0.506567	0.817932
53.908	0.0	-0.037025	0.433425	0.894384	1.0	-0.0685826	0.477707	1.20125	2.0	-0.107048	0.534616	1.49963	3.0	-0.0753317	0.582603	1.63896	4.0	-0.251271	0.555697	1.37983	5.0	-0.347107	0.574639	1.17262	6.0	-0.313494	0.738354	1.00334	7.0	-0.284624	0.808009	0.937494	8.0	0.0857171	0.496185	1.40033	9.0	0.147598	0.425613	1.13512	10.0	0.166962	0.485438	0.920443	11.0	0.166954	0.507943	0.851087	12.0	-0.122582	0.473926	0.892697	13.0	-0.17697	0.414198	0.504973	14.0	-0.154534	0.368082	0.168039	15.0	-0.17098	0.45577	0.0834297	16.0	0.00891154	0.46113	0.898652	17.0	0.0356782	0.527703	0.511512	18.0	0.0315541	0.48596	0.147616	19.0	0.0429476	0.563911	0.08472	20.0	-0.0962095	0.518167	1.42626	21.0	-0.254985	0.840819	0.889637	22.0	-0.299055	0.813975	0.901168	23.0	0.147468	0.519648	0.780546	24.0	0.12655	0.513674	0.864111
53.94	0.0	-0.0357489	0.453616	0.892301	1.0	-0.0638206	0.497021	1.19997	2.0	-0.0987452	0.552679	1.4991	3.0	-0.0669597	0.593857	1.63977	4.0	-0.245053	0.572491	1.37978	5.0	-0.340081	0.610258	1.17345	6.0	-0.307942	0.759457	1.00392	7.0	-0.27797	0.828598	0.939123	8.0	0.0955224	0.512829	1.39966	9.0	0.153459	0.442348	1.13161	10.0	0.171922	0.50289	0.912029	11.0	0.173298	0.517205	0.847472	12.0	-0.12158	0.496227	0.891892	13.0	-0.174678	0.438619	0.504989	14.0	-0.154117	0.369205	0.166865	15.0	-0.168735	0.456996	0.0836156	16.0	0.0101854	0.479204	0.895463	17.0	0.0400328	0.550432	0.506584	18.0	0.0315178	0.503685	0.14815	19.0	0.0399131	0.577263	0.081689	20.0	-0.0887861	0.536576	1.42555	21.0	-0.250806	0.861291	0.892646	22.0	-0.291949	0.83464	0.906369	23.0	0.159281	0.53334	0.77638	24.0	0.129334	0.537631	0.855874
53.975	0.0	-0.0317793	0.4748	0.889996	1.0	-0.0575262	0.516463	1.19921	2.0	-0.0902534	0.570196	1.49975	3.0	-0.0552381	0.610929	1.63961	4.0	-0.238514	0.58905	1.37967	5.0	-0.336691	0.618874	1.17397	6.0	-0.302505	0.772987	1.00364	7.0	-0.270958	0.84136	0.938736	8.0	0.102101	0.536393	1.3998	9.0	0.159321	0.460296	1.13136	10.0	0.178872	0.510122	0.914751	11.0	0.181738	0.529472	0.840084	12.0	-0.117123	0.515573	0.890697	13.0	-0.170736	0.465377	0.490924	14.0	-0.152766	0.371846	0.1629	15.0	-0.168791	0.457913	0.0837628	16.0	0.0132878	0.501911	0.891963	17.0	0.042425	0.565134	0.504947	18.0	0.0303591	0.513498	0.145633	19.0	0.0362821	0.577627	0.0740721	20.0	-0.0808179	0.5546	1.42586	21.0	-0.2404	0.876664	0.890613	22.0	-0.283791	0.849951	0.895758	23.0	0.176466	0.537716	0.773561	24.0	0.137829	0.554211	0.854662
54.007	0.0	-0.018677	0.514174	0.887712	1.0	-0.0452139	0.542954	1.1979	2.0	-0.0790321	0.586294	1.49915	3.0	-0.0431662	0.626418	1.64059	4.0	-0.22784	0.607316	1.37826	5.0	-0.330943	0.631583	1.17448	6.0	-0.298353	0.78213	1.00302	7.0	-0.266042	0.850886	0.932782	8.0	0.110046	0.556868	1.39089	9.0	0.166712	0.474275	1.12859	10.0	0.181983	0.515062	0.910123	11.0	0.192273	0.538918	0.837926	12.0	-0.105872	0.551852	0.889423	13.0	-0.166201	0.496501	0.479976	14.0	-0.151245	0.378868	0.158301	15.0	-0.169142	0.459791	0.0842381	16.0	0.027652	0.54388	0.88872	17.0	0.0442595	0.578926	0.503048	18.0	0.0306045	0.518188	0.145	19.0	0.0359571	0.578673	0.0719388	20.0	-0.0692977	0.573055	1.42511	21.0	-0.236357	0.880701	0.884024	22.0	-0.273844	0.855602	0.886285	23.0	0.182797	0.549339	0.774884	24.0	0.164299	0.558399	0.813722
54.041	0.0	-0.0106732	0.536392	0.886162	1.0	-0.0362619	0.561834	1.19688	2.0	-0.0696947	0.599501	1.49872	3.0	-0.0301904	0.640512	1.63873	4.0	-0.217955	0.619903	1.37901	5.0	-0.323347	0.638739	1.17614	6.0	-0.296525	0.785442	1.00301	7.0	-0.263298	0.852346	0.929621	8.0	0.118677	0.570412	1.38962	9.0	0.176475	0.499525	1.1238	10.0	0.197692	0.546117	0.906981	11.0	0.200922	0.553338	0.830363	12.0	-0.0990535	0.575966	0.887858	13.0	-0.157376	0.546876	0.472494	14.0	-0.151872	0.396333	0.149891	15.0	-0.169047	0.472127	0.0790327	16.0	0.0363116	0.563999	0.887284	17.0	0.046148	0.586412	0.499403	18.0	0.0321406	0.521883	0.144325	19.0	0.0359541	0.5796	0.0699415	20.0	-0.0599857	0.587831	1.42453	21.0	-0.234236	0.884763	0.878513	22.0	-0.280739	0.852315	0.895698	23.0	0.192946	0.5623	0.77354	24.0	0.186533	0.557419	0.81379
54.074	0.0	0.00369949	0.562016	0.88474	1.0	-0.0215027	0.584915	1.19658	2.0	-0.0538916	0.619876	1.49949	3.0	-0.0165184	0.659547	1.64028	4.0	-0.20463	0.637734	1.37997	5.0	-0.313046	0.648285	1.17859	6.0	-0.29176	0.789357	0.999896	7.0	-0.263092	0.850879	0.922834	8.0	0.13204	0.593496	1.38463	9.0	0.186517	0.515671	1.12427	10.0	0.207605	0.550592	0.905866	11.0	0.206567	0.570175	0.829114	12.0	-0.0870094	0.598963	0.886757	13.0	-0.160464	0.602102	0.475893	14.0	-0.154326	0.42141	0.148309	15.0	-0.167854	0.485717	0.0725057	16.0	0.0525719	0.591797	0.885594	17.0	0.0478444	0.591969	0.498299	18.0	0.0329808	0.524636	0.143551	19.0	0.0372153	0.580132	0.0686028	20.0	-0.0444761	0.608994	1.42503	21.0	-0.23738	0.879635	0.868761	22.0	-0.274993	0.848247	0.893694	23.0	0.193263	0.58219	0.767021	24.0	0.17857	0.587779	0.826986
54.108	0.0	0.00906252	0.58574	0.883037	1.0	-0.013843	0.604538	1.19618	2.0	-0.0440765	0.635817	1.50021	3.0	-0.00584389	0.683133	1.63719	4.0	-0.197071	0.654004	1.37915	5.0	-0.303484	0.657841	1.17703	6.0	-0.290737	0.793034	0.994248	7.0	-0.266698	0.847706	0.915975	8.0	0.139293	0.622239	1.37671	9.0	0.195412	0.541344	1.12137	10.0	0.213657	0.580258	0.896172	11.0	0.213331	0.588073	0.829374	12.0	-0.082678	0.620724	0.885668	13.0	-0.1531	0.643843	0.473625	14.0	-0.155665	0.457922	0.146031	15.0	-0.173779	0.516412	0.068361	16.0	0.0585415	0.617161	0.883323	17.0	0.0529527	0.603431	0.487636	18.0	0.0334169	0.526951	0.142798	19.0	0.0496699	0.59148	0.0753882	20.0	-0.035215	0.625804	1.42548	21.0	-0.237878	0.871502	0.857707	22.0	-0.282865	0.848751	0.888077	23.0	0.202298	0.594128	0.761059	24.0	0.179936	0.613614	0.842635
54.141	0.0	0.0272374	0.62324	0.886046	1.0	0.00103825	0.634122	1.19783	2.0	-0.0322097	0.657372	1.50081	3.0	0.00604781	0.699167	1.63714	4.0	-0.187611	0.674643	1.37935	5.0	-0.298837	0.666508	1.18065	6.0	-0.288171	0.791968	0.991347	7.0	-0.268743	0.839063	0.904997	8.0	0.144228	0.633694	1.37774	9.0	0.204739	0.574881	1.09756	10.0	0.218075	0.588113	0.877127	11.0	0.22097	0.60451	0.826224	12.0	-0.065339	0.665234	0.889103	13.0	-0.161574	0.69762	0.48473	14.0	-0.15341	0.515608	0.151034	15.0	-0.171603	0.582502	0.0764857	16.0	0.0765103	0.647864	0.885929	17.0	0.0596201	0.613563	0.48228	18.0	0.0338001	0.528449	0.143117	19.0	0.0447178	0.591399	0.0728373	20.0	-0.0226022	0.649372	1.42632	21.0	-0.241868	0.854677	0.844625	22.0	-0.293322	0.859802	0.878227	23.0	0.210713	0.60464	0.752416	24.0	0.218221	0.644774	0.821621
54.174	0.0	0.030343	0.635272	0.885695	1.0	0.00754666	0.651281	1.1985	2.0	-0.0215713	0.679693	1.50267	3.0	0.0213509	0.724901	1.63575	4.0	-0.180679	0.692284	1.3804	5.0	-0.286777	0.674165	1.17521	6.0	-0.28757	0.793018	0.981418	7.0	-0.272932	0.827798	0.89253	8.0	0.151468	0.662974	1.3746	9.0	0.210262	0.588426	1.0945	10.0	0.228535	0.621954	0.875776	11.0	0.228252	0.62453	0.818475	12.0	-0.0630852	0.672685	0.889432	13.0	-0.157078	0.750049	0.502614	14.0	-0.137185	0.571756	0.139226	15.0	-0.14072	0.633309	0.0643066	16.0	0.0803348	0.66453	0.884612	17.0	0.0661095	0.620985	0.476042	18.0	0.0333811	0.529557	0.143584	19.0	0.0368915	0.594172	0.0714851	20.0	-0.0130437	0.670456	1.42788	21.0	-0.248573	0.843622	0.828506	22.0	-0.298234	0.860259	0.877635	23.0	0.216881	0.62409	0.744934	24.0	0.228177	0.672345	0.82008
54.208	0.0	0.0365882	0.657111	0.882414	1.0	0.0149392	0.677829	1.19576	2.0	-0.0139846	0.709821	1.5003	3.0	0.0303746	0.74447	1.63545	4.0	-0.174265	0.717731	1.38223	5.0	-0.282006	0.681773	1.17441	6.0	-0.285495	0.801423	0.935672	7.0	-0.262377	0.810358	0.877597	8.0	0.152829	0.696742	1.37067	9.0	0.217083	0.614627	1.0946	10.0	0.237015	0.651388	0.851292	11.0	0.240801	0.644665	0.804631	12.0	-0.0582435	0.691142	0.885876	13.0	-0.153575	0.787813	0.502167	14.0	-0.12863	0.650245	0.149071	15.0	-0.150088	0.720198	0.0765025	16.0	0.0875791	0.688368	0.882063	17.0	0.0779729	0.634959	0.479813	18.0	0.0385854	0.544693	0.145011	19.0	0.0337589	0.61137	0.0718944	20.0	-0.0054152	0.69978	1.42544	21.0	-0.259038	0.830463	0.816631	22.0	-0.3121	0.843981	0.879075	23.0	0.23026	0.640573	0.73979	24.0	0.246044	0.67466	0.7853
54.241	0.0	0.034445	0.676144	0.881215	1.0	0.0158725	0.697544	1.19416	2.0	-0.00994613	0.730812	1.49802	3.0	0.037845	0.785418	1.6317	4.0	-0.172213	0.740957	1.38126	5.0	-0.277156	0.697908	1.16581	6.0	-0.286627	0.800484	0.934556	7.0	-0.262894	0.799875	0.872036	8.0	0.164196	0.709224	1.36557	9.0	0.227667	0.63432	1.08672	10.0	0.243387	0.672374	0.843388	11.0	0.248059	0.674082	0.797953	12.0	-0.0589053	0.711162	0.885753	13.0	-0.148174	0.833339	0.506375	14.0	-0.117829	0.740814	0.15199	15.0	-0.145133	0.813389	0.0814386	16.0	0.0838419	0.706552	0.879809	17.0	0.0956083	0.657113	0.500248	18.0	0.0635091	0.584378	0.10277	19.0	0.10425	0.641748	0.049972	20.0	-0.00216669	0.720398	1.42335	21.0	-0.273154	0.816142	0.80282	22.0	-0.326858	0.817523	0.883614	23.0	0.236405	0.679233	0.742034	24.0	0.243148	0.730124	0.82219
54.275	0.0	0.0347328	0.688329	0.879034	1.0	0.0172517	0.718794	1.19291	2.0	-0.00739284	0.762877	1.49836	3.0	0.0417507	0.810165	1.62985	4.0	-0.168452	0.771589	1.3775	5.0	-0.275487	0.713962	1.16029	6.0	-0.290797	0.799247	0.93304	7.0	-0.269483	0.795203	0.862098	8.0	0.168627	0.735911	1.37016	9.0	0.228669	0.663999	1.0892	10.0	0.256108	0.698679	0.87173	11.0	0.256857	0.702219	0.797561	12.0	-0.0571002	0.721105	0.883233	13.0	-0.140925	0.867815	0.506554	14.0	-0.116373	0.837745	0.137501	15.0	-0.140492	0.916538	0.0709975	16.0	0.082152	0.721158	0.878085	17.0	0.102026	0.691394	0.550935	18.0	0.0662136	0.614006	0.148959	19.0	0.05725	0.740185	0.109414	20.0	0.000114848	0.749636	1.42324	21.0	-0.288439	0.810595	0.792947	22.0	-0.340735	0.821116	0.912776	23.0	0.248271	0.705298	0.737798	24.0	0.259359	0.730293	0.76848
54.308	0.0	0.0363398	0.710591	0.873709	1.0	0.0199382	0.749732	1.1856	2.0	-0.00421466	0.799783	1.4886	3.0	0.0432561	0.845888	1.62517	4.0	-0.166618	0.79714	1.37125	5.0	-0.280149	0.738205	1.15312	6.0	-0.301731	0.800951	0.930401	7.0	-0.316076	0.805357	0.852617	8.0	0.174363	0.777598	1.3567	9.0	0.236568	0.695558	1.09939	10.0	0.256743	0.718557	0.879817	11.0	0.262527	0.735717	0.805794	12.0	-0.0550853	0.740961	0.876647	13.0	-0.131259	0.896487	0.497183	14.0	-0.112046	0.925174	0.133918	15.0	-0.136406	1.03595	0.0742439	16.0	0.0832037	0.745164	0.87428	17.0	0.110621	0.701739	0.55484	18.0	0.0331087	0.552584	0.171082	19.0	0.0198951	0.679252	0.130069	20.0	0.00324028	0.785325	1.41414	21.0	-0.302684	0.806886	0.786537	22.0	-0.351802	0.8199	0.844962	23.0	0.252633	0.736613	0.736423	24.0	0.268151	0.775777	0.80178
54.34	0.0	0.0423404	0.738175	0.872272	1.0	0.0222737	0.780256	1.18129	2.0	-0.00615103	0.834435	1.48082	3.0	0.0429212	0.880289	1.61902	4.0	-0.166265	0.833923	1.36193	5.0	-0.286269	0.756904	1.15055	6.0	-0.319667	0.80455	0.917513	7.0	-0.329028	0.807617	0.844203	8.0	0.170348	0.805422	1.35627	9.0	0.240506	0.719074	1.085	10.0	0.262157	0.757866	0.867118	11.0	0.265128	0.765868	0.793405	12.0	-0.0493068	0.76798	0.874854	13.0	-0.131143	0.92149	0.567228	14.0	-0.109519	1.01437	0.153522	15.0	-0.14293	1.12866	0.079749	16.0	0.0890613	0.772826	0.873128	17.0	0.138462	0.727606	0.558778	18.0	0.0613666	0.567026	0.179852	19.0	0.050534	0.69307	0.138205	20.0	0.0024462	0.818761	1.4073	21.0	-0.319384	0.798688	0.775634	22.0	-0.366699	0.795494	0.837536	23.0	0.26441	0.758619	0.732638	24.0	0.263262	0.808397	0.808824
54.374	0.0	0.0476808	0.76825	0.866279	1.0	0.0214588	0.815689	1.17347	2.0	-0.0138744	0.874822	1.47137	3.0	0.0411987	0.91258	1.61251	4.0	-0.1691	0.858455	1.354	5.0	-0.29439	0.784164	1.14509	6.0	-0.335395	0.818783	0.901314	7.0	-0.342052	0.813665	0.829779	8.0	0.173487	0.838024	1.35748	9.0	0.240429	0.754871	1.08268	10.0	0.265458	0.787788	0.86454	11.0	0.268329	0.799841	0.798745	12.0	-0.0432076	0.794039	0.868632	13.0	-0.135198	0.931766	0.557569	14.0	-0.119994	1.06208	0.183329	15.0	-0.144996	1.1867	0.114595	16.0	0.0930558	0.806969	0.867573	17.0	-0.117955	0.96203	0.473289	18.0	-0.0204962	0.661202	0.213951	19.0	-0.0333717	0.787119	0.171551	20.0	-0.0035062	0.858047	1.39821	21.0	-0.335508	0.793245	0.761991	22.0	-0.378183	0.811701	0.826832	23.0	0.265084	0.791074	0.723173	24.0	0.272194	0.836993	0.799409
54.408	0.0	0.0418401	0.805381	0.860338	1.0	0.0155544	0.851395	1.16805	2.0	-0.0189056	0.907859	1.46672	3.0	0.0285987	0.960221	1.60064	4.0	-0.176408	0.898526	1.34038	5.0	-0.299625	0.81174	1.13113	6.0	-0.342885	0.828818	0.894165	7.0	-0.351296	0.825498	0.820319	8.0	0.163856	0.888782	1.34319	9.0	0.241087	0.790035	1.07913	10.0	0.264656	0.82206	0.86062	11.0	0.267643	0.833071	0.797712	12.0	-0.0509557	0.830428	0.862123	13.0	-0.132647	0.962395	0.547278	14.0	-0.126264	1.10321	0.145142	15.0	-0.134638	1.24528	0.106236	16.0	0.0889016	0.843902	0.8624	17.0	-0.114664	0.989662	0.472906	18.0	-0.0231821	0.679194	0.223082	19.0	-0.039112	0.805351	0.180842	20.0	-0.00881734	0.891759	1.39337	21.0	-0.342168	0.802392	0.751596	22.0	-0.389602	0.822316	0.821123	23.0	0.267201	0.824258	0.727229	24.0	0.266083	0.871016	0.802854
54.44	0.0	0.0323531	0.835546	0.855964	1.0	0.00621442	0.888659	1.15949	2.0	-0.0281297	0.954301	1.453	3.0	0.0211156	0.990308	1.59489	4.0	-0.178679	0.926864	1.33257	5.0	-0.301634	0.834746	1.12221	6.0	-0.352147	0.848214	0.887957	7.0	-0.357492	0.843373	0.809197	8.0	0.157176	0.924592	1.34117	9.0	0.241033	0.832997	1.07435	10.0	0.268038	0.861602	0.855982	11.0	0.269511	0.866713	0.791582	12.0	-0.0626928	0.859455	0.85813	13.0	-0.126382	1.01184	0.547496	14.0	-0.105955	1.18786	0.158797	15.0	-0.12404	1.31825	0.0997914	16.0	0.08137	0.875506	0.857727	17.0	-0.111349	1.02464	0.479056	18.0	-0.0263699	0.705655	0.237252	19.0	-0.0443564	0.830991	0.193608	20.0	-0.0180834	0.935799	1.38102	21.0	-0.353874	0.819692	0.740549	22.0	-0.403349	0.850926	0.816433	23.0	0.26948	0.855006	0.72265	24.0	0.276568	0.892759	0.749507
54.475	0.0	0.0269959	0.880463	0.84934	1.0	-0.000727784	0.928329	1.15269	2.0	-0.0362448	0.986484	1.44709	3.0	0.00390389	1.03889	1.58691	4.0	-0.185003	0.960588	1.32416	5.0	-0.302652	0.862923	1.10861	6.0	-0.357367	0.876392	0.872028	7.0	-0.360417	0.865119	0.79489	8.0	0.15463	0.965589	1.3314	9.0	0.24017	0.87365	1.06518	10.0	0.271129	0.899177	0.847182	11.0	0.271628	0.899641	0.779389	12.0	-0.06753	0.89541	0.852581	13.0	-0.139097	1.06204	0.548968	14.0	-0.118468	1.23452	0.158731	15.0	-0.14078	1.3576	0.119065	16.0	0.0752775	0.92724	0.850593	17.0	-0.112739	1.05866	0.4894	18.0	-0.0290502	0.73454	0.254096	19.0	-0.0493257	0.86039	0.211183	20.0	-0.0259365	0.969976	1.37481	21.0	-0.348784	0.841984	0.725706	22.0	-0.401075	0.867949	0.7971	23.0	0.272961	0.885615	0.715518	24.0	0.273294	0.953308	0.775555
54.508	0.0	0.0342742	0.881965	0.84761	1.0	0.00222745	0.939852	1.14906	2.0	-0.0431124	1.02575	1.43795	3.0	-0.000701381	1.06246	1.58344	4.0	-0.190284	0.995396	1.31655	5.0	-0.303818	0.892815	1.09736	6.0	-0.358239	0.900358	0.860353	7.0	-0.360339	0.890801	0.78055	8.0	0.146763	1.00778	1.32861	9.0	0.237061	0.910075	1.06651	10.0	0.268395	0.940185	0.848851	11.0	0.269023	0.941639	0.784029	12.0	-0.0602703	0.898715	0.848	13.0	-0.145716	1.09462	0.561824	14.0	-0.125987	1.26978	0.17242	15.0	-0.101621	1.28753	0.0700676	16.0	0.0832779	0.927653	0.851261	17.0	-0.112715	1.10511	0.495796	18.0	-0.0339488	0.77302	0.269889	19.0	-0.0561526	0.896984	0.223735	20.0	-0.0292024	1.00043	1.36733	21.0	-0.357517	0.870826	0.710023	22.0	-0.396211	0.883684	0.792649	23.0	0.266626	0.928363	0.705872	24.0	0.270545	0.979702	0.785319
54.541	0.0	0.0480849	0.891967	0.840187	1.0	0.00628841	0.967883	1.14177	2.0	-0.0494314	1.05853	1.43544	3.0	-0.0158839	1.10356	1.57948	4.0	-0.195268	1.02197	1.31801	5.0	-0.301712	0.936038	1.08695	6.0	-0.355471	0.927917	0.828861	7.0	-0.357178	0.921883	0.77232	8.0	0.128241	1.05473	1.315	9.0	0.23593	0.962472	1.05824	10.0	0.267459	0.984694	0.840067	11.0	0.266308	0.984076	0.793124	12.0	-0.0444235	0.905832	0.834558	13.0	-0.135576	1.17665	0.609334	14.0	-0.120243	1.32782	0.210072	15.0	-0.111184	1.30795	0.111684	16.0	0.0954084	0.941173	0.849038	17.0	-0.107003	1.15541	0.562773	18.0	-0.0426604	0.831044	0.319889	19.0	-0.071847	0.953184	0.271055	20.0	-0.0337985	1.0348	1.36318	21.0	-0.355658	0.904864	0.703518	22.0	-0.391687	0.909543	0.781674	23.0	0.265935	0.967934	0.714972	24.0	0.26771	1.02107	0.792004
54.574	0.0	0.0499593	0.93623	0.824366	1.0	0.000879334	1.00753	1.13713	2.0	-0.0564081	1.08939	1.4393	3.0	-0.0248396	1.13602	1.58232	4.0	-0.202358	1.0607	1.32059	5.0	-0.29894	0.967742	1.07899	6.0	-0.351384	0.96733	0.822242	7.0	-0.352224	0.961056	0.76936	8.0	0.121448	1.08699	1.31998	9.0	0.224416	1.00357	1.05727	10.0	0.265762	1.02581	0.841131	11.0	0.264855	1.02546	0.792276	12.0	-0.0402076	0.941777	0.8244	13.0	-0.150108	1.20754	0.600687	14.0	-0.123259	1.25956	0.180678	15.0	-0.152137	1.38006	0.136822	16.0	0.0919205	0.990825	0.829647	17.0	-0.110368	1.17425	0.574943	18.0	-0.0394896	0.853474	0.329145	19.0	-0.0669028	0.976482	0.281618	20.0	-0.0404059	1.06622	1.36522	21.0	-0.347156	0.941858	0.702014	22.0	-0.385729	0.950131	0.784477	23.0	0.268932	0.999886	0.720681	24.0	0.268211	1.05257	0.761884
54.608	0.0	0.0515595	0.947404	0.825686	1.0	-0.000290968	1.02771	1.14054	2.0	-0.0626984	1.12265	1.4469	3.0	-0.0297468	1.166	1.58991	4.0	-0.202654	1.06115	1.32084	5.0	-0.303193	1.01234	1.09015	6.0	-0.344833	1.01863	0.825011	7.0	-0.344922	1.0081	0.77279	8.0	0.120912	1.09768	1.3224	9.0	0.229186	1.03161	1.05638	10.0	0.261855	1.064	0.839164	11.0	0.258933	1.06867	0.803168	12.0	-0.0383981	0.957448	0.825499	13.0	-0.158747	1.22881	0.612438	14.0	-0.127738	1.26363	0.191404	15.0	-0.159341	1.38272	0.145566	16.0	0.0934919	0.999751	0.831047	17.0	-0.113662	1.19155	0.573564	18.0	-0.0397544	0.869683	0.330163	19.0	-0.0699774	0.991162	0.280811	20.0	-0.0454048	1.09704	1.3717	21.0	-0.33895	0.982566	0.705155	22.0	-0.380597	1.00466	0.77607	23.0	0.263341	1.05822	0.735263	24.0	0.269893	1.09727	0.785929
54.641	0.0	0.0435137	0.995063	0.832612	1.0	-0.00746882	1.06931	1.15023	2.0	-0.0671256	1.1525	1.45702	3.0	-0.0380805	1.20059	1.60056	4.0	-0.216017	1.12935	1.33594	5.0	-0.300117	1.04268	1.09288	6.0	-0.334201	1.07192	0.830203	7.0	-0.333309	1.06671	0.77295	8.0	0.110052	1.15741	1.33608	9.0	0.216672	1.07387	1.07471	10.0	0.252681	1.11467	0.8591	11.0	0.251996	1.11575	0.812895	12.0	-0.0464489	1.00755	0.831288	13.0	-0.175214	1.26692	0.60913	14.0	-0.132977	1.26879	0.1889	15.0	-0.162203	1.38907	0.144727	16.0	0.0852738	1.0432	0.838599	17.0	-0.117269	1.21619	0.494008	18.0	-0.0260463	0.873688	0.289929	19.0	0.0140672	0.838586	0.212541	20.0	-0.0505757	1.12956	1.3818	21.0	-0.31956	1.05497	0.701436	22.0	-0.368134	1.0568	0.779376	23.0	0.24816	1.11115	0.74653	24.0	0.258234	1.15284	0.82534
54.674	0.0	0.0406968	1.00224	0.836383	1.0	-0.0112556	1.08358	1.15563	2.0	-0.0723981	1.17924	1.46552	3.0	-0.0404525	1.22904	1.60969	4.0	-0.217161	1.1498	1.33876	5.0	-0.30407	1.08391	1.08838	6.0	-0.32856	1.12274	0.859811	7.0	-0.322383	1.12443	0.783005	8.0	0.107986	1.17242	1.34119	9.0	0.215768	1.10036	1.07611	10.0	0.243205	1.15583	0.861505	11.0	0.243627	1.15925	0.822241	12.0	-0.0493373	1.01354	0.835722	13.0	-0.165153	1.24127	0.579713	14.0	-0.121592	1.24884	0.159709	15.0	-0.14897	1.3683	0.114446	16.0	0.0822167	1.05254	0.841827	17.0	-0.116921	1.21684	0.491752	18.0	-0.0256806	0.874272	0.287651	19.0	0.0144373	0.839167	0.21029	20.0	-0.0555454	1.15312	1.3895	21.0	-0.310669	1.11966	0.716521	22.0	-0.357481	1.11424	0.780318	23.0	0.238914	1.15052	0.752515	24.0	0.267131	1.18985	0.819398
54.708	0.0	0.0417495	1.03198	0.853131	1.0	-0.0129306	1.11562	1.16803	2.0	-0.0763807	1.20869	1.47272	3.0	-0.0442756	1.25607	1.6166	4.0	-0.219658	1.1802	1.34502	5.0	-0.305054	1.11532	1.09962	6.0	-0.326863	1.17597	0.871376	7.0	-0.305868	1.18293	0.793044	8.0	0.104444	1.20381	1.35097	9.0	0.21174	1.13227	1.08516	10.0	0.238675	1.19576	0.872195	11.0	0.24003	1.2008	0.834948	12.0	-0.0518215	1.04604	0.851934	13.0	-0.170873	1.25822	0.585531	14.0	-0.13178	1.26102	0.164961	15.0	-0.15922	1.38036	0.119531	16.0	0.0861468	1.07947	0.858712	17.0	-0.107603	1.22643	0.452956	18.0	-0.00619572	0.890762	0.242597	19.0	0.0389195	0.870144	0.160021	20.0	-0.0589922	1.18363	1.39801	21.0	-0.295491	1.18519	0.722773	22.0	-0.355709	1.19339	0.811455	23.0	0.236545	1.19618	0.76991	24.0	0.251112	1.23528	0.835717
54.741	0.0	0.0496397	1.07333	0.859144	1.0	-0.0103068	1.14478	1.1733	2.0	-0.0776388	1.22973	1.47759	3.0	-0.044011	1.27823	1.62008	4.0	-0.221786	1.20573	1.34885	5.0	-0.308658	1.15391	1.12452	6.0	-0.326094	1.23093	0.895482	7.0	-0.301016	1.24199	0.811201	8.0	0.100595	1.22432	1.35713	9.0	0.210158	1.15149	1.09264	10.0	0.235924	1.2214	0.881128	11.0	0.235288	1.23673	0.842534	12.0	-0.0431701	1.085	0.855802	13.0	-0.143064	1.2388	0.552414	14.0	-0.107685	1.22785	0.132275	15.0	-0.0967254	1.28825	0.0635524	16.0	0.0925969	1.122	0.866692	17.0	-0.119377	1.22967	0.484475	18.0	-0.0154909	0.91824	0.239619	19.0	0.0316155	0.906686	0.154223	20.0	-0.0593634	1.20641	1.403	21.0	-0.291562	1.24814	0.743179	22.0	-0.354372	1.26187	0.806681	23.0	0.233117	1.24575	0.779852	24.0	0.236321	1.27403	0.865789
54.774	0.0	0.0515215	1.09682	0.861575	1.0	-0.00973407	1.16892	1.17811	2.0	-0.0793866	1.25115	1.48425	3.0	-0.0432658	1.3017	1.62697	4.0	-0.222777	1.22923	1.35485	5.0	-0.315378	1.18406	1.13671	6.0	-0.316593	1.27716	0.92094	7.0	-0.298963	1.30325	0.83127	8.0	0.101362	1.24167	1.36669	9.0	0.210487	1.17582	1.09951	10.0	0.236422	1.25127	0.889636	11.0	0.235048	1.26744	0.849769	12.0	-0.0411098	1.11168	0.858622	13.0	-0.153984	1.24737	0.55191	14.0	-0.115254	1.23196	0.132378	15.0	-0.0969165	1.28871	0.0638927	16.0	0.0940156	1.14237	0.868686	17.0	-0.119968	1.23058	0.486961	18.0	-0.00947775	0.957274	0.201258	19.0	0.0358825	0.953083	0.112469	20.0	-0.0604745	1.22872	1.40926	21.0	-0.283401	1.31955	0.765095	22.0	-0.364216	1.33248	0.810251	23.0	0.232849	1.27196	0.782825	24.0	0.238796	1.30766	0.857144
54.808	0.0	0.0674173	1.10257	0.868838	1.0	-0.00305597	1.17952	1.18281	2.0	-0.0800442	1.27261	1.48868	3.0	-0.0425966	1.32048	1.62949	4.0	-0.22172	1.2542	1.35664	5.0	-0.323375	1.22549	1.14349	6.0	-0.315984	1.32768	0.930877	7.0	-0.295176	1.36431	0.843957	8.0	0.101476	1.25955	1.37748	9.0	0.207186	1.19619	1.10775	10.0	0.235198	1.27558	0.899434	11.0	0.23562	1.29228	0.857285	12.0	-0.0274053	1.11825	0.865446	13.0	-0.149517	1.24469	0.558403	14.0	-0.107	1.22746	0.139358	15.0	-0.0969362	1.28912	0.0637406	16.0	0.111948	1.14674	0.876158	17.0	-0.0470935	1.22504	0.526347	18.0	0.00920319	0.984585	0.194591	19.0	0.0850415	1.01916	0.128418	20.0	-0.0589008	1.24662	1.41368	21.0	-0.271025	1.3801	0.781158	22.0	-0.323437	1.39248	0.824242	23.0	0.231014	1.29602	0.79595	24.0	0.239001	1.32939	0.872509
54.841	0.0	0.0645126	1.12138	0.868281	1.0	-0.00438678	1.20136	1.18474	2.0	-0.0811526	1.29086	1.49151	3.0	-0.04155	1.34153	1.63268	4.0	-0.22101	1.27838	1.35882	5.0	-0.327232	1.26289	1.14785	6.0	-0.310692	1.37079	0.948121	7.0	-0.29326	1.42185	0.858985	8.0	0.0975097	1.28061	1.38601	9.0	0.203424	1.22094	1.11508	10.0	0.235847	1.28642	0.903273	11.0	0.235761	1.3128	0.863347	12.0	-0.030042	1.14253	0.860021	13.0	-0.147521	1.24583	0.545436	14.0	-0.105376	1.2234	0.126704	15.0	-0.0965546	1.28985	0.0622298	16.0	0.108436	1.16139	0.87941	17.0	0.0979449	1.1988	0.545408	18.0	0.0602008	1.11587	0.255905	19.0	0.0964452	1.1189	0.159759	20.0	-0.0602948	1.26682	1.41643	21.0	-0.26768	1.44598	0.796395	22.0	-0.31377	1.42351	0.819316	23.0	0.233186	1.31688	0.800057	24.0	0.239747	1.35054	0.875458
54.874	0.0	0.0621207	1.13824	0.86481	1.0	-0.00591583	1.22111	1.18419	2.0	-0.0826527	1.31576	1.49398	3.0	-0.0411281	1.36108	1.63409	4.0	-0.220146	1.30019	1.36102	5.0	-0.321892	1.30365	1.1425	6.0	-0.306249	1.43519	0.939586	7.0	-0.288224	1.48002	0.864559	8.0	0.0908148	1.30527	1.37356	9.0	0.204051	1.23804	1.10833	10.0	0.23705	1.30641	0.897405	11.0	0.235475	1.33152	0.861679	12.0	-0.0337087	1.15584	0.859889	13.0	-0.143259	1.24894	0.540974	14.0	-0.101265	1.22029	0.122848	15.0	-0.095799	1.29144	0.0596247	16.0	0.107355	1.18061	0.872853	17.0	0.0949363	1.21527	0.538831	18.0	0.0883501	1.13222	0.126414	19.0	0.126026	1.17364	0.0712369	20.0	-0.0618412	1.2901	1.41804	21.0	-0.26473	1.50466	0.809755	22.0	-0.319497	1.49026	0.845161	23.0	0.235513	1.33834	0.80172	24.0	0.233447	1.37056	0.880151
54.908	0.0	0.025185	1.22706	0.873907	1.0	-0.0225718	1.28008	1.19106	2.0	-0.0808955	1.33116	1.49587	3.0	-0.037413	1.37747	1.6366	4.0	-0.220022	1.32482	1.35999	5.0	-0.320481	1.32359	1.15178	6.0	-0.307036	1.46584	0.960829	7.0	-0.286593	1.52986	0.878978	8.0	0.101241	1.31481	1.38466	9.0	0.212743	1.24734	1.11884	10.0	0.235757	1.31747	0.906641	11.0	0.237211	1.34402	0.861258	12.0	-0.0702511	1.25274	0.87487	13.0	-0.101628	1.23735	0.459504	14.0	-0.0841604	1.20969	0.136436	15.0	-0.0980167	1.28998	0.0636246	16.0	0.0688807	1.26012	0.876828	17.0	0.090866	1.24421	0.469737	18.0	0.0836996	1.17416	0.106062	19.0	0.110844	1.24068	0.0528586	20.0	-0.0631326	1.31551	1.42114	21.0	-0.259522	1.55593	0.82236	22.0	-0.305154	1.52707	0.844448	23.0	0.235002	1.35259	0.801903	24.0	0.237028	1.38217	0.87981
54.94	0.0	0.0242938	1.23159	0.874107	1.0	-0.022623	1.28574	1.1912	2.0	-0.0784513	1.35053	1.49689	3.0	-0.0339671	1.39571	1.63817	4.0	-0.217798	1.34526	1.36026	5.0	-0.316012	1.36274	1.15058	6.0	-0.303258	1.51497	0.965401	7.0	-0.28047	1.57425	0.887312	8.0	0.106644	1.32902	1.38969	9.0	0.211548	1.25544	1.12245	10.0	0.236696	1.32297	0.909847	11.0	0.237365	1.35388	0.860274	12.0	-0.070896	1.25782	0.8751	13.0	-0.102697	1.24008	0.460479	14.0	-0.0850245	1.21032	0.134662	15.0	-0.0982844	1.29034	0.0638821	16.0	0.0677199	1.2641	0.877	17.0	0.0844415	1.26978	0.464917	18.0	0.0858979	1.22323	0.115363	19.0	0.0999935	1.29704	0.058869	20.0	-0.0623665	1.33179	1.42197	21.0	-0.25289	1.60476	0.830888	22.0	-0.296422	1.5745	0.843933	23.0	0.231979	1.36418	0.797364	24.0	0.23845	1.39376	0.871601
54.974	0.0	0.0204438	1.24261	0.874595	1.0	-0.022374	1.29896	1.19206	2.0	-0.0735303	1.36724	1.49851	3.0	-0.0284607	1.41388	1.63814	4.0	-0.212295	1.36824	1.35944	5.0	-0.315095	1.39176	1.15193	6.0	-0.293238	1.56518	0.957682	7.0	-0.271499	1.61837	0.888438	8.0	0.112263	1.34463	1.39273	9.0	0.212654	1.27261	1.1229	10.0	0.237639	1.33031	0.907784	11.0	0.238735	1.36467	0.840439	12.0	-0.0743852	1.27231	0.876738	13.0	-0.107796	1.24742	0.46755	14.0	-0.0849603	1.21035	0.134757	15.0	-0.0986285	1.29017	0.0648372	16.0	0.0635333	1.27216	0.876586	17.0	0.0896181	1.31265	0.467425	18.0	0.0890114	1.26216	0.125541	19.0	0.090442	1.34198	0.0654298	20.0	-0.0589525	1.34827	1.42347	21.0	-0.247898	1.64938	0.838961	22.0	-0.290409	1.61807	0.852436	23.0	0.232588	1.36981	0.787582	24.0	0.238657	1.40551	0.859071
55.008	0.0	0.0270632	1.26759	0.875192	1.0	-0.0164402	1.32104	1.19319	2.0	-0.0692094	1.38448	1.5	3.0	-0.0214286	1.43432	1.63778	4.0	-0.208678	1.38754	1.35756	5.0	-0.3135	1.42502	1.15218	6.0	-0.289643	1.58222	0.964034	7.0	-0.265211	1.65185	0.89834	8.0	0.117298	1.36419	1.39343	9.0	0.213967	1.29377	1.1214	10.0	0.238189	1.34194	0.904206	11.0	0.241283	1.37005	0.834471	12.0	-0.0677897	1.29752	0.87822	13.0	-0.11094	1.2583	0.479541	14.0	-0.084842	1.21067	0.135604	15.0	-0.0956101	1.29057	0.0658074	16.0	0.0694295	1.29552	0.876157	17.0	0.0929934	1.35313	0.489784	18.0	0.0991782	1.32206	0.123266	19.0	0.105497	1.39198	0.0618446	20.0	-0.0543299	1.36679	1.42491	21.0	-0.237208	1.68754	0.846273	22.0	-0.28022	1.65131	0.856725	23.0	0.233669	1.37899	0.783341	24.0	0.239195	1.40799	0.858958
55.04	0.0	0.028525	1.293	0.872876	1.0	-0.0124392	1.34368	1.19155	2.0	-0.0630039	1.40507	1.49897	3.0	-0.0191709	1.44519	1.63811	4.0	-0.203426	1.41375	1.35702	5.0	-0.307663	1.44924	1.151	6.0	-0.2778	1.62525	0.966665	7.0	-0.256555	1.68487	0.901273	8.0	0.11979	1.37947	1.39439	9.0	0.215803	1.30485	1.1234	10.0	0.239797	1.35707	0.906904	11.0	0.240169	1.3789	0.845472	12.0	-0.0635668	1.32531	0.876119	13.0	-0.113159	1.27101	0.488753	14.0	-0.0842465	1.21208	0.136334	15.0	-0.0956404	1.29124	0.0662239	16.0	0.0679996	1.31882	0.873649	17.0	0.0927903	1.37669	0.490263	18.0	0.100114	1.35061	0.125463	19.0	0.10432	1.42491	0.063244	20.0	-0.0486842	1.38792	1.42374	21.0	-0.231272	1.72125	0.853615	22.0	-0.276608	1.68276	0.867186	23.0	0.234422	1.37936	0.779692	24.0	0.240271	1.41098	0.804022
55.074	0.0	0.0297688	1.31585	0.870621	1.0	-0.00808836	1.3643	1.191	2.0	-0.0557713	1.42349	1.49995	3.0	-0.00838927	1.46505	1.63695	4.0	-0.197174	1.43399	1.35536	5.0	-0.301491	1.47409	1.14988	6.0	-0.272168	1.64265	0.968027	7.0	-0.245525	1.70858	0.904945	8.0	0.127393	1.397	1.3957	9.0	0.216192	1.32742	1.12008	10.0	0.241568	1.36134	0.900907	11.0	0.242387	1.38853	0.84476	12.0	-0.0625727	1.34737	0.874985	13.0	-0.113958	1.28999	0.496009	14.0	-0.0825854	1.21304	0.135498	15.0	-0.0957524	1.29282	0.0664807	16.0	0.068913	1.34147	0.870376	17.0	0.0948459	1.40986	0.486376	18.0	0.101954	1.38112	0.131448	19.0	0.109632	1.44496	0.0623696	20.0	-0.0421768	1.40687	1.42436	21.0	-0.215944	1.74769	0.856124	22.0	-0.262263	1.70978	0.863909	23.0	0.237807	1.38585	0.769461	24.0	0.248082	1.42548	0.837077
55.108	0.0	0.028726	1.35098	0.867193	1.0	-0.0036952	1.39002	1.1891	2.0	-0.0472714	1.44165	1.49915	3.0	-0.000721856	1.4785	1.63683	4.0	-0.194526	1.4522	1.35564	5.0	-0.292746	1.5004	1.146	6.0	-0.264666	1.66493	0.966276	7.0	-0.237655	1.72881	0.90407	8.0	0.136144	1.41515	1.39504	9.0	0.221678	1.3447	1.11836	10.0	0.244044	1.36997	0.897878	11.0	0.247924	1.401	0.850932	12.0	-0.0615749	1.38474	0.872744	13.0	-0.112364	1.31349	0.492349	14.0	-0.0820618	1.21473	0.134427	15.0	-0.0955519	1.29585	0.0667753	16.0	0.0653254	1.37426	0.865958	17.0	0.0971396	1.43775	0.485324	18.0	0.102326	1.39406	0.123989	19.0	0.106038	1.4642	0.0626619	20.0	-0.0346177	1.42675	1.42332	21.0	-0.210254	1.76644	0.856138	22.0	-0.268523	1.73989	0.881632	23.0	0.244414	1.41054	0.777693	24.0	0.250832	1.4318	0.846812
55.179	0.0	0.0549067	1.39984	0.860601	1.0	0.0188983	1.43232	1.18589	2.0	-0.0263709	1.47631	1.49906	3.0	0.0237798	1.51576	1.63491	4.0	-0.176536	1.49377	1.35266	5.0	-0.28206	1.52471	1.14445	6.0	-0.25114	1.68571	0.962599	7.0	-0.224011	1.74666	0.89564	8.0	0.157025	1.44965	1.395	9.0	0.241107	1.37962	1.11747	10.0	0.253711	1.40772	0.89594	11.0	0.263208	1.43015	0.853658	12.0	-0.0358961	1.43116	0.864368	13.0	-0.101614	1.37378	0.471578	14.0	-0.0822722	1.22754	0.129175	15.0	-0.0694036	1.33102	0.0660287	16.0	0.0906413	1.42408	0.86143	17.0	0.101361	1.46958	0.472399	18.0	0.0989689	1.41154	0.119078	19.0	0.11062	1.47521	0.0580013	20.0	-0.0133969	1.46347	1.42249	21.0	-0.194444	1.78316	0.844779	22.0	-0.242181	1.7442	0.858286	23.0	0.262638	1.44558	0.785024	24.0	0.263265	1.44687	0.831446
55.207	0.0	0.05898	1.43626	0.862954	1.0	0.0276581	1.46104	1.18802	2.0	-0.0144091	1.49721	1.50113	3.0	0.0345819	1.53179	1.63505	4.0	-0.165444	1.51275	1.35484	5.0	-0.275197	1.53894	1.14388	6.0	-0.246446	1.69061	0.959505	7.0	-0.219542	1.7478	0.888191	8.0	0.168916	1.47048	1.39705	9.0	0.252781	1.40037	1.11935	10.0	0.267364	1.44456	0.884602	11.0	0.273768	1.45829	0.818013	12.0	-0.0358985	1.46513	0.866884	13.0	-0.0985781	1.43283	0.478585	14.0	-0.0825476	1.24782	0.130378	15.0	-0.0802584	1.3266	0.0661402	16.0	0.0982705	1.46235	0.863524	17.0	0.104416	1.48187	0.469944	18.0	0.10021	1.41703	0.115725	19.0	0.112554	1.47721	0.0534682	20.0	-0.0021319	1.48629	1.42456	21.0	-0.190148	1.78266	0.834416	22.0	-0.234136	1.73398	0.854868	23.0	0.261854	1.47074	0.790457	24.0	0.269012	1.47033	0.812492
55.241	0.0	0.0612897	1.47132	0.864701	1.0	0.0344792	1.48819	1.19151	2.0	-0.00342358	1.51696	1.50591	3.0	0.0517738	1.55739	1.63586	4.0	-0.155382	1.53177	1.35895	5.0	-0.268314	1.54809	1.14651	6.0	-0.241388	1.69697	0.953055	7.0	-0.21803	1.74537	0.879152	8.0	0.179836	1.49017	1.40179	9.0	0.263568	1.4199	1.12393	10.0	0.188546	1.52703	0.846207	11.0	0.136635	1.57296	0.669735	12.0	-0.0345438	1.49722	0.868741	13.0	-0.111913	1.4919	0.485061	14.0	-0.0848522	1.27771	0.13199	15.0	-0.0846346	1.33437	0.0615618	16.0	0.100669	1.4993	0.865116	17.0	0.107451	1.49282	0.466116	18.0	0.100477	1.42094	0.114135	19.0	0.109663	1.48327	0.051469	20.0	0.00783473	1.50785	1.42903	21.0	-0.191132	1.77577	0.824298	22.0	-0.239252	1.73856	0.846966	23.0	0.149722	1.58218	0.584409	24.0	0.152646	1.58182	0.648694
55.274	0.0	0.0658256	1.4944	0.865059	1.0	0.0425108	1.51283	1.19173	2.0	0.00882309	1.54098	1.50609	3.0	0.0747049	1.59023	1.63584	4.0	-0.145558	1.55285	1.36102	5.0	-0.260898	1.55745	1.1466	6.0	-0.240221	1.69662	0.951948	7.0	-0.219984	1.7395	0.871346	8.0	0.191993	1.51412	1.40195	9.0	0.275599	1.44366	1.12397	10.0	0.195984	1.54287	0.844555	11.0	0.139223	1.5886	0.668967	12.0	-0.0292791	1.52286	0.869433	13.0	-0.120481	1.5435	0.496597	14.0	-0.08693	1.3248	0.147099	15.0	-0.108805	1.36907	0.0703738	16.0	0.104044	1.51957	0.865204	17.0	0.120745	1.52136	0.472062	18.0	0.1003	1.42115	0.113603	19.0	0.112024	1.48753	0.0543179	20.0	0.0190073	1.53229	1.42922	21.0	-0.193117	1.7658	0.812472	22.0	-0.243039	1.73168	0.842024	23.0	0.153632	1.59532	0.570297	24.0	0.154783	1.59904	0.66414
55.308	0.0	0.0769405	1.52972	0.86544	1.0	0.0539437	1.54248	1.19231	2.0	0.0205689	1.5655	1.50681	3.0	0.0855377	1.60938	1.63331	4.0	-0.138016	1.57431	1.36212	5.0	-0.253421	1.56743	1.14612	6.0	-0.238761	1.69471	0.943878	7.0	-0.22319	1.73266	0.861844	8.0	0.20365	1.53858	1.40265	9.0	0.287134	1.4679	1.12455	10.0	0.167432	1.59971	0.87238	11.0	0.133115	1.61237	0.799172	12.0	-0.0184412	1.55319	0.869992	13.0	-0.122344	1.59956	0.517699	14.0	-0.0941868	1.3854	0.161974	15.0	-0.0977567	1.41709	0.0834914	16.0	0.114385	1.55902	0.865377	17.0	0.131939	1.5409	0.482236	18.0	0.0997199	1.42527	0.110042	19.0	0.114703	1.48743	0.0503055	20.0	0.030676	1.55804	1.42992	21.0	-0.194537	1.75288	0.798763	22.0	-0.248109	1.72289	0.834809	23.0	0.119157	1.61808	0.759719	24.0	0.154286	1.61833	0.762826
55.341	0.0	0.0971626	1.55885	0.869786	1.0	0.0680103	1.57176	1.19464	2.0	0.0291155	1.59474	1.50737	3.0	0.0976954	1.63811	1.63345	4.0	-0.133336	1.59522	1.36321	5.0	-0.247808	1.57745	1.14467	6.0	-0.239215	1.69394	0.938351	7.0	-0.229209	1.72456	0.85301	8.0	0.21211	1.56775	1.40316	9.0	0.295475	1.49685	1.12492	10.0	0.163299	1.56532	0.855402	11.0	0.114339	1.608	0.636853	12.0	0.000251163	1.58291	0.871117	13.0	-0.120864	1.64358	0.52489	14.0	-0.0847385	1.44389	0.161212	15.0	-0.102356	1.4824	0.0821208	16.0	0.135541	1.58665	0.872862	17.0	0.152918	1.58403	0.543541	18.0	0.104487	1.4436	0.149069	19.0	0.112975	1.48654	0.0567453	20.0	0.0405692	1.58733	1.43091	21.0	-0.202354	1.74111	0.78848	22.0	-0.214817	1.66667	0.857404	23.0	0.0771966	1.61537	0.533941	24.0	0.127332	1.62169	0.617643
55.375	0.0	0.0973817	1.58848	0.87338	1.0	0.0715551	1.60137	1.19668	2.0	0.0354743	1.62376	1.50764	3.0	0.106717	1.66693	1.63175	4.0	-0.12694	1.62791	1.36322	5.0	-0.241891	1.5962	1.13624	6.0	-0.244257	1.69708	0.917875	7.0	-0.228742	1.71447	0.845767	8.0	0.218388	1.5967	1.40339	9.0	0.301652	1.52557	1.12499	10.0	0.16734	1.58702	0.854764	11.0	0.125808	1.62544	0.642563	12.0	-0.00107689	1.6074	0.874306	13.0	-0.118267	1.6929	0.508516	14.0	-0.0739609	1.5171	0.1332	15.0	-0.0921196	1.57469	0.06196	16.0	0.136875	1.62088	0.876723	17.0	0.173113	1.59626	0.554018	18.0	0.130644	1.4773	0.151403	19.0	0.137964	1.50796	0.0564027	20.0	0.0462674	1.61656	1.43164	21.0	-0.214286	1.72977	0.777112	22.0	-0.156284	1.69295	0.868622	23.0	0.111639	1.62763	0.583502	24.0	0.134936	1.63984	0.641322
55.408	0.0	0.0985789	1.60962	0.870159	1.0	0.074672	1.62922	1.1934	2.0	0.0405981	1.65886	1.50433	3.0	0.107655	1.67844	1.63012	4.0	-0.124047	1.65148	1.36074	5.0	-0.241074	1.60938	1.13667	6.0	-0.249536	1.69815	0.912671	7.0	-0.226252	1.70841	0.836614	8.0	0.223417	1.63172	1.40003	9.0	0.306551	1.56033	1.12149	10.0	0.295425	1.58998	0.866245	11.0	0.305625	1.58539	0.797597	12.0	0.00127471	1.62661	0.870617	13.0	-0.111754	1.74349	0.51422	14.0	-0.0716136	1.61152	0.1204	15.0	-0.107283	1.68597	0.0590336	16.0	0.136259	1.64324	0.874167	17.0	0.0796765	1.48548	0.461086	18.0	0.127645	1.52088	0.0682388	19.0	0.0520324	1.56042	0.00684094	20.0	0.0508954	1.64981	1.42834	21.0	-0.235196	1.71711	0.766169	22.0	-0.163029	1.71853	0.849601	23.0	0.30159	1.58041	0.739271	24.0	0.302914	1.59051	0.769317
55.44	0.0	0.0968805	1.62975	0.863434	1.0	0.0749508	1.65626	1.18619	2.0	0.0427119	1.69234	1.49674	3.0	0.104676	1.73426	1.62138	4.0	-0.123957	1.68324	1.35577	5.0	-0.242398	1.63082	1.12945	6.0	-0.261369	1.69937	0.905313	7.0	-0.238113	1.70547	0.829247	8.0	0.22544	1.66514	1.39242	9.0	0.308409	1.59355	1.11387	10.0	0.2978	1.60061	0.870149	11.0	0.305283	1.6141	0.791103	12.0	0.000768288	1.64615	0.864519	13.0	-0.105715	1.78392	0.494891	14.0	-0.0639245	1.71325	0.10237	15.0	-0.0930525	1.78778	0.0420644	16.0	0.133017	1.66349	0.867034	17.0	0.0821078	1.49945	0.456698	18.0	0.0860909	1.41879	0.0789136	19.0	0.051644	1.49249	0.0157489	20.0	0.0525862	1.68177	1.42084	21.0	-0.244712	1.71113	0.751027	22.0	-0.174239	1.72867	0.831313	23.0	0.298572	1.60513	0.72632	24.0	0.303549	1.61833	0.760516
55.474	0.0	0.0882303	1.6534	0.850942	1.0	0.0700914	1.68709	1.17535	2.0	0.0414137	1.73106	1.48748	3.0	0.101723	1.75817	1.61317	4.0	-0.12414	1.71549	1.34797	5.0	-0.245044	1.65213	1.1185	6.0	-0.277243	1.70929	0.890946	7.0	-0.285779	1.71788	0.8199	8.0	0.201092	1.72903	1.35189	9.0	0.283769	1.65721	1.07347	10.0	0.307114	1.64335	0.853247	11.0	0.30751	1.64349	0.773615	12.0	-0.00878496	1.6659	0.854906	13.0	-0.0994207	1.82788	0.527178	14.0	-0.057257	1.80444	0.121536	15.0	-0.0818594	1.86842	0.0555928	16.0	0.125204	1.69105	0.851837	17.0	0.0866966	1.51533	0.447298	18.0	0.0893667	1.41968	0.0836348	19.0	0.0978601	1.50963	0.0422648	20.0	0.050414	1.71846	1.41119	21.0	-0.269335	1.72211	0.748663	22.0	-0.279872	1.75435	0.833235	23.0	0.301292	1.62756	0.714039	24.0	0.294819	1.6196	0.714106
55.508	0.0	0.0694781	1.67804	0.83424	1.0	0.0589928	1.71976	1.16124	2.0	0.0371303	1.77215	1.47525	3.0	0.095006	1.80992	1.59607	4.0	-0.125085	1.75063	1.33646	5.0	-0.247392	1.67255	1.10821	6.0	-0.289546	1.72068	0.883455	7.0	-0.298522	1.72846	0.811076	8.0	0.197344	1.76144	1.34195	9.0	0.281074	1.69237	1.06309	10.0	0.30799	1.68936	0.802278	11.0	0.311447	1.67588	0.760808	12.0	-0.0267867	1.68987	0.851359	13.0	-0.0956801	1.84257	0.539026	14.0	-0.0690827	1.89626	0.147439	15.0	-0.0981628	2.01195	0.111005	16.0	0.103713	1.71774	0.818638	17.0	0.0900155	1.52466	0.424994	18.0	0.0917815	1.42402	0.0916756	19.0	0.117073	1.51493	0.060082	20.0	0.044463	1.75746	1.39853	21.0	-0.286935	1.72663	0.739473	22.0	-0.25589	1.74478	0.815635	23.0	0.306457	1.6599	0.710212	24.0	0.307727	1.6495	0.75837
55.54	0.0	0.0621116	1.69833	0.829621	1.0	0.0516665	1.75006	1.15287	2.0	0.0300065	1.8104	1.46302	3.0	0.0904315	1.86383	1.57738	4.0	-0.130126	1.78308	1.32583	5.0	-0.253564	1.69539	1.09964	6.0	-0.297697	1.73282	0.874717	7.0	-0.310085	1.74291	0.803408	8.0	0.189104	1.80634	1.32754	9.0	0.277333	1.72555	1.05421	10.0	0.310214	1.69343	0.757418	11.0	0.316671	1.69762	0.72135	12.0	-0.0344215	1.70835	0.850492	13.0	-0.0918674	1.88399	0.549771	14.0	-0.0846029	1.99468	0.137658	15.0	-0.0573313	2.06449	0.100627	16.0	0.098071	1.73645	0.813675	17.0	0.0921357	1.54077	0.422274	18.0	0.0923861	1.42959	0.0980233	19.0	0.117191	1.51487	0.0600303	20.0	0.0373635	1.79395	1.3873	21.0	-0.298017	1.73902	0.729161	22.0	-0.261028	1.75297	0.812495	23.0	0.309822	1.70334	0.7017	24.0	0.307423	1.6776	0.733011
55.575	0.0	0.0821707	1.7492	0.821893	1.0	0.0573371	1.79458	1.14303	2.0	0.0219848	1.84966	1.4517	3.0	0.0768175	1.88383	1.57136	4.0	-0.135946	1.8212	1.31317	5.0	-0.260089	1.72379	1.08875	6.0	-0.312965	1.75616	0.859588	7.0	-0.322319	1.76067	0.797365	8.0	0.175009	1.84568	1.32981	9.0	0.275282	1.7601	1.06315	10.0	0.307579	1.76085	0.843548	11.0	0.311986	1.75544	0.761453	12.0	-0.0134292	1.75385	0.836496	13.0	-0.107322	1.90179	0.529328	14.0	-0.0899991	2.04477	0.126999	15.0	-0.0999226	2.15231	0.091402	16.0	0.115892	1.79189	0.813846	17.0	0.0833265	1.5731	0.462663	18.0	0.0919886	1.43379	0.10039	19.0	0.118047	1.51387	0.0596361	20.0	0.0327764	1.83412	1.37641	21.0	-0.311299	1.75567	0.719173	22.0	-0.29599	1.78741	0.786206	23.0	0.324685	1.73181	0.692708	24.0	0.318225	1.71627	0.741272
55.608	0.0	0.0709433	1.78032	0.815854	1.0	0.0460995	1.83198	1.13358	2.0	0.00941315	1.89152	1.43862	3.0	0.0607135	1.94668	1.55195	4.0	-0.14353	1.85284	1.30363	5.0	-0.271313	1.75712	1.07989	6.0	-0.324924	1.77832	0.850918	7.0	-0.332173	1.78322	0.78448	8.0	0.161928	1.88703	1.31809	9.0	0.263586	1.80609	1.05034	10.0	0.307601	1.79536	0.834164	11.0	0.310584	1.80167	0.752799	12.0	-0.0257574	1.78011	0.832452	13.0	-0.11067	1.9597	0.538042	14.0	-0.0873917	2.0625	0.125014	15.0	-0.101249	2.15259	0.0861823	16.0	0.105535	1.82811	0.805827	17.0	0.0812082	1.60921	0.463632	18.0	0.0930151	1.43895	0.101636	19.0	0.121906	1.51312	0.0585273	20.0	0.0205307	1.87556	1.3641	21.0	-0.327791	1.77308	0.712183	22.0	-0.288777	1.79615	0.815992	23.0	0.298456	1.79356	0.697848	24.0	0.313246	1.75614	0.731215
55.641	0.0	0.0523451	1.82834	0.807951	1.0	0.0308048	1.87507	1.12405	2.0	-0.00320386	1.92926	1.42798	3.0	0.0420173	1.97008	1.54572	4.0	-0.152829	1.89238	1.29316	5.0	-0.282532	1.78938	1.07112	6.0	-0.341779	1.81205	0.840105	7.0	-0.341918	1.81025	0.774226	8.0	0.149046	1.92525	1.3073	9.0	0.260958	1.84787	1.04324	10.0	0.306471	1.84723	0.826859	11.0	0.308233	1.84839	0.754153	12.0	-0.0483132	1.82547	0.82516	13.0	-0.10173	2.01499	0.532209	14.0	-0.0847672	2.10998	0.117046	15.0	-0.108841	2.19715	0.0742569	16.0	0.0901742	1.87722	0.798043	17.0	0.100981	1.64596	0.430342	18.0	0.0943773	1.44592	0.104568	19.0	0.123043	1.51289	0.0573783	20.0	0.00745573	1.91414	1.35384	21.0	-0.335859	1.79988	0.700692	22.0	-0.299426	1.82807	0.777	23.0	0.297988	1.8406	0.695065	24.0	0.30654	1.81433	0.72681
55.675	0.0	0.0303152	1.8642	0.803802	1.0	0.0142268	1.91017	1.1197	2.0	-0.0151702	1.96437	1.42285	3.0	0.031253	2.02607	1.53343	4.0	-0.162495	1.92476	1.28619	5.0	-0.289289	1.82562	1.06239	6.0	-0.347773	1.83861	0.832625	7.0	-0.347314	1.84056	0.763206	8.0	0.137163	1.9599	1.30218	9.0	0.250027	1.87985	1.03947	10.0	0.300709	1.89673	0.824595	11.0	0.306037	1.89766	0.746943	12.0	-0.0710619	1.85887	0.822932	13.0	-0.0980112	2.04797	0.529088	14.0	-0.0902399	2.10254	0.107227	15.0	-0.126802	2.19512	0.0716797	16.0	0.0684843	1.91514	0.792213	17.0	0.103066	1.68997	0.4347	18.0	0.0993956	1.46417	0.110235	19.0	0.127675	1.51608	0.0548577	20.0	-0.00577307	1.94969	1.34887	21.0	-0.339638	1.8277	0.689281	22.0	-0.306304	1.85746	0.771666	23.0	0.30526	1.88257	0.69191	24.0	0.296389	1.86872	0.729794
55.707	0.0	0.0187271	1.89724	0.804508	1.0	0.00378679	1.94268	1.11916	2.0	-0.0239642	1.99515	1.42095	3.0	0.0171827	2.05313	1.53467	4.0	-0.171456	1.9592	1.28447	5.0	-0.29335	1.86788	1.05317	6.0	-0.353655	1.87882	0.821132	7.0	-0.351878	1.87555	0.755695	8.0	0.128237	1.9909	1.30018	9.0	0.240763	1.91228	1.03669	10.0	0.292754	1.94471	0.823473	11.0	0.299343	1.9417	0.74651	12.0	-0.0849811	1.8903	0.821127	13.0	-0.099288	2.07601	0.52611	14.0	-0.0858556	2.28542	0.1517	15.0	-0.123745	2.39603	0.113274	16.0	0.0587296	1.94918	0.795612	17.0	0.101665	1.72722	0.440213	18.0	0.100462	1.47542	0.111129	19.0	0.128612	1.51824	0.0528027	20.0	-0.0148929	1.98069	1.34734	21.0	-0.34353	1.86391	0.680991	22.0	-0.313989	1.89327	0.772167	23.0	0.299114	1.93629	0.694738	24.0	0.290828	1.9105	0.730894
55.741	0.0	0.000506721	1.93318	0.810065	1.0	-0.00870383	1.97439	1.12394	2.0	-0.0317705	2.02358	1.42477	3.0	0.00191323	2.0702	1.53683	4.0	-0.180198	1.98772	1.28704	5.0	-0.293176	1.89927	1.05095	6.0	-0.349629	1.91501	0.817224	7.0	-0.351299	1.91559	0.75758	8.0	0.120444	2.01909	1.3039	9.0	0.232994	1.93933	1.04067	10.0	0.284185	1.97516	0.827611	11.0	0.294689	1.96296	0.742002	12.0	-0.10695	1.92893	0.825877	13.0	-0.101342	2.11414	0.532671	14.0	-0.0624177	2.32298	0.160681	15.0	-0.10051	2.43309	0.122663	16.0	0.0436283	1.98159	0.801745	17.0	0.102986	1.78136	0.438523	18.0	0.103275	1.52265	0.134357	19.0	0.127399	1.53003	0.0556734	20.0	-0.0238468	2.01007	1.35143	21.0	-0.351607	1.90777	0.689822	22.0	-0.315838	1.93438	0.762397	23.0	0.296929	1.96483	0.703445	24.0	0.297117	1.97165	0.75925
55.774	0.0	-0.00898784	1.94139	0.809734	1.0	-0.0193186	1.9914	1.12725	2.0	-0.0428042	2.0522	1.43302	3.0	-0.0121103	2.09315	1.54773	4.0	-0.188638	2.0189	1.29184	5.0	-0.297127	1.94299	1.05017	6.0	-0.345796	1.96784	0.819697	7.0	-0.34888	1.96426	0.764406	8.0	0.109377	2.04771	1.31205	9.0	0.221843	1.96817	1.04846	10.0	0.274927	1.99689	0.835083	11.0	0.29719	1.99002	0.740125	12.0	-0.113592	1.93188	0.82472	13.0	-0.10402	2.12183	0.534646	14.0	-0.0601385	2.33664	0.16645	15.0	-0.0972415	2.44577	0.126965	16.0	0.0305171	1.99758	0.802995	17.0	0.0772902	1.84077	0.50286	18.0	0.0993431	1.57674	0.180553	19.0	0.128175	1.59675	0.0824018	20.0	-0.0348352	2.03547	1.35833	21.0	-0.351909	1.95884	0.692964	22.0	-0.31689	1.98206	0.783227	23.0	0.299369	1.99177	0.701583	24.0	0.299482	1.99844	0.75741
55.807	0.0	0.00476264	1.98661	0.800391	1.0	-0.0178307	2.02587	1.12652	2.0	-0.0504742	2.07576	1.43717	3.0	-0.0143789	2.10907	1.55829	4.0	-0.189131	2.0495	1.29485	5.0	-0.300181	1.97661	1.05376	6.0	-0.340194	2.01805	0.833292	7.0	-0.341606	2.01802	0.773195	8.0	0.101706	2.07117	1.31611	9.0	0.214139	1.99122	1.05248	10.0	0.266338	2.02253	0.839086	11.0	0.289155	2.01413	0.744436	12.0	-0.100107	1.95983	0.812106	13.0	-0.107622	2.1351	0.512944	14.0	-0.0848128	2.33206	0.13297	15.0	-0.119728	2.44205	0.095554	16.0	0.042465	2.05357	0.799007	17.0	0.076296	1.84899	0.505861	18.0	0.0996317	1.60749	0.165778	19.0	0.140595	1.63255	0.0749759	20.0	-0.0404342	2.0617	1.36156	21.0	-0.340068	2.01516	0.700027	22.0	-0.306511	2.03078	0.7971	23.0	0.291289	2.0158	0.705881	24.0	0.291345	2.02237	0.761696
55.841	0.0	-0.0234977	2.03378	0.770345	1.0	-0.0381648	2.06484	1.11578	2.0	-0.0642255	2.09989	1.44297	3.0	-0.0265954	2.13714	1.56253	4.0	-0.193411	2.08089	1.3011	5.0	-0.306228	2.01725	1.05217	6.0	-0.331934	2.07214	0.832589	7.0	-0.330514	2.07355	0.781742	8.0	0.0879557	2.09526	1.32179	9.0	0.200332	2.01524	1.05795	10.0	0.252933	2.04523	0.844474	11.0	0.275475	2.03769	0.74973	12.0	-0.137908	2.01144	0.774713	13.0	-0.0906876	2.15088	0.471681	14.0	0.00251235	2.30205	0.0860052	15.0	-0.0300449	2.41249	0.0501532	16.0	0.0252317	2.09753	0.7756	17.0	0.0209791	1.87929	0.548142	18.0	0.0849736	1.67643	0.188899	19.0	0.111967	1.69713	0.0904469	20.0	-0.055326	2.08917	1.36395	21.0	-0.327996	2.07728	0.711345	22.0	-0.297077	2.08789	0.802052	23.0	0.277571	2.0393	0.711159	24.0	0.277578	2.04577	0.76696
