6.698	0.0	-0.0868728	-0.472125	0.979106	1.0	-0.115776	-0.454136	1.28497	2.0	-0.149011	-0.424361	1.58513	3.0	-0.111681	-0.390956	1.73255	4.0	-0.315571	-0.39967	1.46884	5.0	-0.403915	-0.35536	1.19411	6.0	-0.411058	-0.274472	0.945462	7.0	-0.409487	-0.264331	0.866089	8.0	0.0382478	-0.42949	1.43112	9.0	0.150293	-0.494175	1.18911	10.0	0.251805	-0.408602	0.998878	11.0	0.258649	-0.390798	0.957139	12.0	-0.178262	-0.429636	0.974669	13.0	-0.191145	-0.507723	0.547489	14.0	-0.168388	-0.564642	0.181717	15.0	-0.177351	-0.48162	0.0934369	16.0	-0.0219799	-0.446618	0.984436	17.0	0.108013	-0.448362	0.602502	18.0	0.219929	-0.365873	0.223581	19.0	0.266376	-0.263294	0.151559	20.0	-0.139893	-0.434005	1.51091	21.0	-0.40703	-0.257142	0.785823	22.0	-0.314119	-0.332923	0.902475	23.0	0.271627	-0.35672	0.888419	24.0	0.268437	-0.349067	0.960679
6.731	0.0	-0.0761728	-0.441247	0.981029	1.0	-0.109751	-0.430754	1.28683	2.0	-0.146474	-0.407531	1.58685	3.0	-0.104079	-0.37157	1.73257	4.0	-0.309267	-0.372832	1.46614	5.0	-0.395368	-0.332627	1.20232	6.0	-0.395568	-0.240128	0.952526	7.0	-0.376382	-0.237196	0.879254	8.0	0.0378352	-0.414773	1.43165	9.0	0.149409	-0.485427	1.18473	10.0	0.256326	-0.419026	0.958275	11.0	0.269033	-0.410422	0.919542	12.0	-0.167869	-0.399338	0.975798	13.0	-0.189792	-0.502065	0.544377	14.0	-0.167237	-0.564141	0.182206	15.0	-0.177066	-0.48196	0.09344	16.0	-0.0114453	-0.415285	0.987389	17.0	0.0965876	-0.395178	0.598888	18.0	0.199635	-0.302213	0.215396	19.0	0.236725	-0.168908	0.156819	20.0	-0.136587	-0.41562	1.51267	21.0	-0.394233	-0.211447	0.795338	22.0	-0.298421	-0.298966	0.894263	23.0	0.266042	-0.38112	0.860696	24.0	0.28323	-0.395077	0.912602
6.765	0.0	-0.0698873	-0.417319	0.980139	1.0	-0.104227	-0.403932	1.28454	2.0	-0.142659	-0.379397	1.58318	3.0	-0.101316	-0.358494	1.73142	4.0	-0.308993	-0.362884	1.46886	5.0	-0.389908	-0.307609	1.20722	6.0	-0.373043	-0.194753	0.956404	7.0	-0.350222	-0.200187	0.887399	8.0	0.0426558	-0.399365	1.43336	9.0	0.163538	-0.476199	1.17194	10.0	0.259356	-0.46337	0.96356	11.0	0.268502	-0.450684	0.922463	12.0	-0.162654	-0.377622	0.973689	13.0	-0.184663	-0.492888	0.543457	14.0	-0.16756	-0.561023	0.183433	15.0	-0.176789	-0.482224	0.0934853	16.0	-0.0042754	-0.389002	0.987899	17.0	0.0877535	-0.346354	0.596424	18.0	0.171034	-0.22022	0.212678	19.0	0.19547	-0.113871	0.147535	20.0	-0.132263	-0.387655	1.50934	21.0	-0.369501	-0.172956	0.814467	22.0	-0.27214	-0.238133	0.894753	23.0	0.283177	-0.426182	0.84753	24.0	0.296953	-0.433968	0.894638
6.799	0.0	-0.0629185	-0.394324	0.982743	1.0	-0.0991975	-0.391062	1.28639	2.0	-0.139263	-0.373362	1.5844	3.0	-0.0894481	-0.335012	1.72802	4.0	-0.300495	-0.34796	1.46975	5.0	-0.38392	-0.28664	1.22069	6.0	-0.361307	-0.176776	0.961238	7.0	-0.333882	-0.159506	0.89443	8.0	0.0451896	-0.382992	1.43699	9.0	0.164951	-0.464587	1.16624	10.0	0.259879	-0.46689	0.957208	11.0	0.262873	-0.481139	0.918593	12.0	-0.157452	-0.353291	0.975554	13.0	-0.185075	-0.485366	0.539304	14.0	-0.167525	-0.56051	0.183479	15.0	-0.17614	-0.482418	0.0939882	16.0	0.00407215	-0.367477	0.9911	17.0	0.102534	-0.301491	0.499831	18.0	0.149262	-0.162577	0.203278	19.0	0.150082	-0.052199	0.15531	20.0	-0.128488	-0.3802	1.51071	21.0	-0.332146	-0.14174	0.817458	22.0	-0.255679	-0.210402	0.915995	23.0	0.28764	-0.500422	0.836873	24.0	0.297744	-0.490277	0.850476
6.832	0.0	-0.0610305	-0.364443	0.980257	1.0	-0.0934608	-0.358134	1.28411	2.0	-0.130125	-0.341569	1.58235	3.0	-0.0847175	-0.309214	1.72507	4.0	-0.288986	-0.321591	1.46947	5.0	-0.373647	-0.260793	1.23155	6.0	-0.340537	-0.136578	0.967664	7.0	-0.308957	-0.131733	0.902975	8.0	0.0448463	-0.34613	1.43353	9.0	0.125588	-0.38393	1.142	10.0	0.249757	-0.476893	0.980053	11.0	0.26026	-0.50456	0.917748	12.0	-0.155292	-0.328363	0.972324	13.0	-0.179657	-0.470726	0.542422	14.0	-0.166909	-0.55812	0.18369	15.0	-0.175891	-0.481536	0.0942731	16.0	0.00538156	-0.332374	0.989577	17.0	0.0740164	-0.255419	0.523118	18.0	0.12163	-0.103811	0.204951	19.0	0.13062	0.0068746	0.149349	20.0	-0.120121	-0.34777	1.5086	21.0	-0.303008	-0.112638	0.821192	22.0	-0.2371	-0.17893	0.927087	23.0	0.289094	-0.5298	0.845413	24.0	0.250719	-0.494842	0.91695
6.865	0.0	-0.0610733	-0.340042	0.979016	1.0	-0.0935395	-0.338217	1.28122	2.0	-0.130187	-0.323999	1.57783	3.0	-0.0803381	-0.295652	1.72297	4.0	-0.283125	-0.304376	1.46715	5.0	-0.364526	-0.24227	1.22823	6.0	-0.325414	-0.114079	0.976842	7.0	-0.301188	-0.0894458	0.904049	8.0	0.0478302	-0.322704	1.43424	9.0	0.130601	-0.374346	1.14206	10.0	0.250849	-0.474199	0.981221	11.0	0.238707	-0.501447	0.99812	12.0	-0.155894	-0.305736	0.970189	13.0	-0.180137	-0.456471	0.54215	14.0	-0.165813	-0.551439	0.184552	15.0	-0.176136	-0.481322	0.0943405	16.0	0.00583977	-0.30676	0.989203	17.0	0.0606436	-0.222409	0.544206	18.0	0.0990038	-0.0658993	0.2109	19.0	0.0923561	0.0587497	0.157554	20.0	-0.120207	-0.329774	1.5045	21.0	-0.278295	-0.0776251	0.830775	22.0	-0.274695	-0.185899	0.931996	23.0	0.243909	-0.499122	0.998077	24.0	0.22925	-0.491671	0.996878
6.899	0.0	-0.0689793	-0.319577	0.978541	1.0	-0.0915641	-0.321437	1.27872	2.0	-0.118185	-0.307323	1.57263	3.0	-0.0718867	-0.277847	1.71969	4.0	-0.277463	-0.286672	1.46236	5.0	-0.359895	-0.221415	1.24609	6.0	-0.307996	-0.0945372	0.996242	7.0	-0.281097	-0.0692234	0.909778	8.0	0.0571945	-0.30251	1.43271	9.0	0.148558	-0.330523	1.13514	10.0	0.26554	-0.434364	0.975042	11.0	0.287311	-0.429078	0.89144	12.0	-0.162498	-0.286123	0.970832	13.0	-0.179579	-0.441014	0.547926	14.0	-0.165294	-0.550983	0.185046	15.0	-0.175995	-0.481751	0.0940477	16.0	-0.00349467	-0.285255	0.987467	17.0	0.0496084	-0.190034	0.531812	18.0	0.0775227	-0.028107	0.199883	19.0	0.0778442	0.105617	0.134533	20.0	-0.111086	-0.313355	1.50011	21.0	-0.24594	-0.0500412	0.838672	22.0	-0.300178	-0.180013	0.911227	23.0	0.292352	-0.426841	0.891659	24.0	0.277484	-0.419503	0.890799
6.932	0.0	-0.07127	-0.288844	0.972897	1.0	-0.0885051	-0.290687	1.27397	2.0	-0.110768	-0.282366	1.56941	3.0	-0.0584721	-0.240135	1.70492	4.0	-0.272911	-0.26867	1.46129	5.0	-0.356991	-0.202236	1.24636	6.0	-0.292822	-0.0666892	1.00199	7.0	-0.259738	-0.0289406	0.918077	8.0	0.0644848	-0.26129	1.42424	9.0	0.147384	-0.299343	1.12632	10.0	0.266492	-0.400747	0.966792	11.0	0.288396	-0.394499	0.883228	12.0	-0.165989	-0.257572	0.967096	13.0	-0.180398	-0.427923	0.54214	14.0	-0.164891	-0.545928	0.183794	15.0	-0.175976	-0.481733	0.0939243	16.0	-0.00455912	-0.252422	0.979931	17.0	0.0374523	-0.152628	0.528951	18.0	0.060019	0.00998979	0.183669	19.0	0.0594176	0.127133	0.132195	20.0	-0.104327	-0.286526	1.4964	21.0	-0.230266	-0.00778134	0.849067	22.0	-0.271898	-0.145051	0.913614	23.0	0.293402	-0.392279	0.88347	24.0	0.278488	-0.384966	0.88264
6.964	0.0	-0.0661997	-0.269851	0.969122	1.0	-0.0799501	-0.269403	1.26696	2.0	-0.0970928	-0.256379	1.55796	3.0	-0.0534263	-0.226875	1.70248	4.0	-0.264554	-0.242231	1.45708	5.0	-0.347297	-0.181086	1.24084	6.0	-0.269988	-0.0283251	1.00094	7.0	-0.238135	0.00450913	0.923135	8.0	0.0652502	-0.244963	1.43372	9.0	0.132979	-0.245547	1.12752	10.0	0.0711199	-0.104308	0.880383	11.0	0.0536345	-0.108478	0.818025	12.0	-0.159174	-0.239138	0.963462	13.0	-0.177371	-0.411038	0.542165	14.0	-0.160247	-0.542742	0.184495	15.0	-0.175159	-0.481811	0.0936002	16.0	-0.00144922	-0.232979	0.976159	17.0	0.0340038	-0.129459	0.520834	18.0	0.0566229	0.0127941	0.184357	19.0	0.0464246	0.141996	0.128292	20.0	-0.0920731	-0.261879	1.48615	21.0	-0.201492	0.018591	0.859593	22.0	-0.239882	-0.0163743	0.876848	23.0	0.0564368	-0.0733402	0.720125	24.0	0.0760405	-0.0868535	0.827512
6.999	0.0	-0.0791505	-0.260531	0.95928	1.0	-0.0809366	-0.260535	1.26284	2.0	-0.0885143	-0.243298	1.55714	3.0	-0.0415905	-0.208377	1.70129	4.0	-0.25516	-0.227962	1.45334	5.0	-0.339315	-0.157454	1.24053	6.0	-0.260897	-0.0117709	1.00045	7.0	-0.221318	0.0384084	0.930323	8.0	0.0853166	-0.212762	1.42149	9.0	0.139224	-0.233353	1.12559	10.0	0.0756034	-0.0917415	0.885472	11.0	0.0569554	-0.0779726	0.820151	12.0	-0.165801	-0.229487	0.958701	13.0	-0.178899	-0.399592	0.537081	14.0	-0.156115	-0.541345	0.183102	15.0	-0.173864	-0.479761	0.0951101	16.0	-0.0236702	-0.224301	0.959031	17.0	0.0276298	-0.0919536	0.487676	18.0	0.0436439	0.0292235	0.171636	19.0	0.0338295	0.154987	0.111931	20.0	-0.0864158	-0.250355	1.48436	21.0	-0.184704	0.0450187	0.86576	22.0	-0.204921	0.0342908	0.858439	23.0	0.0593562	-0.0623382	0.721312	24.0	0.0881232	-0.0652631	0.833212
7.032	0.0	-0.079074	-0.21875	0.940185	1.0	-0.073181	-0.213527	1.24559	2.0	-0.0727917	-0.200603	1.54638	3.0	-0.0267551	-0.173881	1.69344	4.0	-0.240995	-0.193257	1.44123	5.0	-0.321966	-0.116248	1.22947	6.0	-0.258555	0.0152877	1.01875	7.0	-0.209218	0.0622962	0.941444	8.0	0.0973009	-0.170805	1.40132	9.0	0.15148	-0.177307	1.10791	10.0	0.0877629	-0.0357264	0.867824	11.0	0.0618683	-0.0461009	0.824776	12.0	-0.163575	-0.189313	0.940935	13.0	-0.173509	-0.37077	0.532979	14.0	-0.154475	-0.536866	0.184969	15.0	-0.171198	-0.476937	0.0969372	16.0	-0.0231643	-0.181365	0.941608	17.0	0.025343	-0.0840378	0.488214	18.0	0.039531	0.0261031	0.175866	19.0	0.0213899	0.162719	0.106305	20.0	-0.0717555	-0.205448	1.47191	21.0	-0.17037	0.079127	0.876412	22.0	-0.193322	0.0510419	0.895566	23.0	0.0523235	-0.0290245	0.759141	24.0	0.0682729	-0.0253741	0.771743
7.064	0.0	-0.0793743	-0.195527	0.935378	1.0	-0.069601	-0.190986	1.24166	2.0	-0.064062	-0.172921	1.54183	3.0	-0.0183937	-0.137531	1.68969	4.0	-0.234976	-0.171459	1.43634	5.0	-0.31712	-0.103452	1.22322	6.0	-0.2474	0.0431575	1.0212	7.0	-0.202119	0.092463	0.948286	8.0	0.107692	-0.135751	1.39578	9.0	0.161533	-0.146535	1.11812	10.0	0.0977574	-0.00498134	0.878	11.0	0.0671236	-0.00600529	0.835505	12.0	-0.163582	-0.16746	0.936718	13.0	-0.169929	-0.356898	0.51599	14.0	-0.149803	-0.525657	0.188227	15.0	-0.16775	-0.472203	0.0972911	16.0	-0.0238307	-0.155892	0.936081	17.0	0.025856	-0.0492209	0.489144	18.0	0.041298	0.0320883	0.173378	19.0	0.0204151	0.166913	0.101511	20.0	-0.0646781	-0.179916	1.46767	21.0	-0.154537	0.107609	0.882735	22.0	-0.142658	0.0492476	0.950362	23.0	0.0741447	0.00608364	0.729835	24.0	0.101882	-0.00760143	0.87053
7.098	0.0	-0.0667187	-0.149822	0.939231	1.0	-0.056363	-0.157894	1.24335	2.0	-0.0520991	-0.152948	1.54195	3.0	-0.000884585	-0.111782	1.68638	4.0	-0.225038	-0.139467	1.43957	5.0	-0.313707	-0.0875217	1.22615	6.0	-0.239737	0.0703254	1.01465	7.0	-0.194769	0.12169	0.943772	8.0	0.124243	-0.115267	1.40217	9.0	0.173355	-0.129714	1.12425	10.0	0.109533	0.0118192	0.8841	11.0	0.0726347	0.0252626	0.83245	12.0	-0.152292	-0.118792	0.941661	13.0	-0.170913	-0.331672	0.509911	14.0	-0.148395	-0.514064	0.188699	15.0	-0.166497	-0.46662	0.0979049	16.0	-0.0103958	-0.113694	0.938909	17.0	0.0332712	-0.0294094	0.496093	18.0	0.0403406	0.0452843	0.17485	19.0	0.0180715	0.16643	0.0968203	20.0	-0.0521126	-0.156518	1.4681	21.0	-0.159318	0.144531	0.883622	22.0	-0.153623	0.0889617	0.917623	23.0	0.0750038	0.0381241	0.731994	24.0	0.0770265	0.0472932	0.783923
7.132	0.0	-0.0639796	-0.131776	0.940338	1.0	-0.0476194	-0.130165	1.24801	2.0	-0.0345036	-0.115524	1.55089	3.0	0.0141865	-0.0807929	1.69448	4.0	-0.211616	-0.104021	1.44305	5.0	-0.305643	-0.0495871	1.23218	6.0	-0.232669	0.0900686	1.00991	7.0	-0.190891	0.139057	0.943164	8.0	0.134662	-0.0763474	1.40048	9.0	0.205721	-0.104948	1.14216	10.0	0.141799	0.0365263	0.901962	11.0	0.0930216	0.0476805	0.86582	12.0	-0.150647	-0.104322	0.942905	13.0	-0.16908	-0.267998	0.533179	14.0	-0.14719	-0.492071	0.195561	15.0	-0.16639	-0.457127	0.102091	16.0	-0.00646023	-0.0916633	0.93978	17.0	0.0374788	-0.00530702	0.512831	18.0	0.0413587	0.0471842	0.174804	19.0	0.0178671	0.165207	0.094776	20.0	-0.0369983	-0.121383	1.47593	21.0	-0.151088	0.158923	0.883588	22.0	-0.152982	0.109222	0.928443	23.0	0.0863547	0.0721838	0.808879	24.0	0.0885914	0.0787133	0.809127
7.164	0.0	-0.0529925	-0.0893949	0.945548	1.0	-0.0359952	-0.0955281	1.25252	2.0	-0.0247495	-0.0908613	1.55351	3.0	0.0271057	-0.0519925	1.69742	4.0	-0.204358	-0.0718577	1.44564	5.0	-0.298916	-0.0320492	1.23269	6.0	-0.233916	0.107836	1.01141	7.0	-0.18778	0.147131	0.942448	8.0	0.148683	-0.0547931	1.39721	9.0	0.219078	-0.0905841	1.14679	10.0	0.25434	-0.121162	0.915017	11.0	0.256301	-0.138983	0.862044	12.0	-0.141151	-0.0539044	0.949695	13.0	-0.169766	-0.221849	0.532609	14.0	-0.148322	-0.469113	0.210829	15.0	-0.166777	-0.444664	0.104973	16.0	0.00471723	-0.058494	0.943395	17.0	0.0403526	0.0138748	0.519711	18.0	0.0406198	0.052109	0.17288	19.0	0.0173913	0.164635	0.0935454	20.0	-0.0265905	-0.0941991	1.47907	21.0	-0.165558	0.185391	0.882349	22.0	-0.115494	0.0728337	0.981537	23.0	0.252049	-0.135054	0.839689	24.0	0.24328	-0.121779	0.869
7.199	0.0	-0.0414511	-0.0700927	0.942684	1.0	-0.0228877	-0.0636979	1.25227	2.0	-0.00992491	-0.0422796	1.55694	3.0	0.0407134	-0.0104404	1.70121	4.0	-0.192651	-0.0403958	1.44901	5.0	-0.281411	0.00753416	1.23439	6.0	-0.235161	0.135616	1.00692	7.0	-0.202779	0.171473	0.935473	8.0	0.163872	-0.0152175	1.40113	9.0	0.238363	-0.0576339	1.10501	10.0	0.256488	-0.0520508	0.876638	11.0	0.259152	-0.0675475	0.837987	12.0	-0.129409	-0.0385426	0.945811	13.0	-0.176391	-0.179459	0.504788	14.0	-0.154248	-0.420747	0.176528	15.0	-0.178092	-0.409553	0.0907977	16.0	0.0164721	-0.0337943	0.94171	17.0	0.0411948	0.0240915	0.528584	18.0	0.040896	0.0595204	0.169951	19.0	0.0171246	0.165234	0.0928646	20.0	-0.0120052	-0.0496633	1.48155	21.0	-0.179932	0.19335	0.870696	22.0	-0.12291	0.0992592	0.96089	23.0	0.259722	-0.094063	0.750565	24.0	0.255291	-0.0739558	0.797829
7.232	0.0	-0.027157	-0.0150669	0.947145	1.0	-0.0141952	-0.02621	1.2574	2.0	-0.0067425	-0.0275757	1.56015	3.0	0.0480338	0.0181749	1.69951	4.0	-0.18617	-0.0134937	1.45205	5.0	-0.28609	0.0299596	1.24138	6.0	-0.240843	0.148738	1.00227	7.0	-0.213128	0.175131	0.929046	8.0	0.169541	0.0200707	1.39641	9.0	0.248939	-0.00728361	1.09907	10.0	0.266852	0.0323028	0.872471	11.0	0.273707	0.031692	0.821449	12.0	-0.117237	0.0120767	0.951731	13.0	-0.179155	-0.116927	0.520231	14.0	-0.157434	-0.379052	0.209159	15.0	-0.176217	-0.376409	0.0943739	16.0	0.0321836	0.024269	0.944528	17.0	0.0452507	0.035778	0.529014	18.0	0.0416928	0.0613663	0.168889	19.0	0.0173318	0.166067	0.0922389	20.0	-0.00781217	-0.0303316	1.48529	21.0	-0.18775	0.199711	0.857404	22.0	-0.131113	0.110441	0.953747	23.0	0.275186	0.0411762	0.758118	24.0	0.253504	0.0258506	0.824472
7.265	0.0	-0.0203484	0.00044245	0.949842	1.0	-0.00701801	-0.00877933	1.25978	2.0	0.00123108	-0.00631669	1.56301	3.0	0.0522979	0.0380673	1.69765	4.0	-0.180099	0.0054542	1.45488	5.0	-0.280725	0.0417273	1.24349	6.0	-0.251981	0.16861	0.996705	7.0	-0.220621	0.177465	0.920652	8.0	0.174798	0.0288251	1.40797	9.0	0.258255	0.00897263	1.11061	10.0	0.291309	0.0930238	0.896384	11.0	0.300433	0.107813	0.871835	12.0	-0.110012	0.0296185	0.954826	13.0	-0.177682	-0.0471862	0.538673	14.0	-0.164496	-0.305614	0.223608	15.0	-0.182084	-0.170144	0.184403	16.0	0.0383621	0.0377774	0.946811	17.0	0.052877	0.0451049	0.531258	18.0	0.0421547	0.0624996	0.168143	19.0	0.0174134	0.16672	0.091427	20.0	0.000339044	-0.00876002	1.48815	21.0	-0.212234	0.21434	0.846	22.0	-0.142679	0.13449	0.950001	23.0	0.321144	0.130916	0.794369	24.0	0.300006	0.10582	0.82529
7.299	0.0	0.00964466	0.0536344	0.955973	1.0	0.0123317	0.0385507	1.26385	2.0	0.00830867	0.0277469	1.56494	3.0	0.0585782	0.0721616	1.70072	4.0	-0.175987	0.0339811	1.45662	5.0	-0.277197	0.0725699	1.24568	6.0	-0.261233	0.193731	0.984688	7.0	-0.232054	0.193955	0.909906	8.0	0.189428	0.0515648	1.41167	9.0	0.265103	0.0597585	1.15136	10.0	0.295988	0.162696	0.944132	11.0	0.304621	0.190902	0.922951	12.0	-0.0851928	0.0819666	0.960985	13.0	-0.183246	0.0114285	0.548179	14.0	-0.157697	-0.242338	0.230087	15.0	-0.173439	-0.10658	0.19163	16.0	0.0726068	0.0912533	0.95278	17.0	0.0577271	0.0520686	0.535021	18.0	0.0424003	0.063123	0.168116	19.0	0.0172587	0.166708	0.0912213	20.0	0.00992206	0.027943	1.4905	21.0	-0.233639	0.223605	0.834402	22.0	-0.151098	0.151633	0.927294	23.0	0.329684	0.226695	0.852153	24.0	0.285221	0.133775	0.929231
7.331	0.0	0.0129217	0.0644285	0.957637	1.0	0.0145092	0.0529921	1.26575	2.0	0.0102222	0.0560009	1.56784	3.0	0.0601159	0.0942432	1.70585	4.0	-0.173347	0.0599283	1.45927	5.0	-0.269434	0.111244	1.2185	6.0	-0.271442	0.207758	0.975873	7.0	-0.239312	0.202613	0.907591	8.0	0.195954	0.0845498	1.42079	9.0	0.269672	0.0897608	1.15803	10.0	0.302032	0.232575	0.974386	11.0	0.309739	0.25746	0.958228	12.0	-0.0809874	0.0929129	0.962833	13.0	-0.179877	0.0511826	0.527614	14.0	-0.159851	-0.193503	0.201668	15.0	-0.167154	-0.166121	0.0867197	16.0	0.0748716	0.101893	0.954247	17.0	0.0622272	0.0590636	0.539087	18.0	0.0429373	0.0640286	0.167552	19.0	0.0173176	0.166848	0.0908502	20.0	0.0122623	0.0529107	1.49322	21.0	-0.250583	0.227957	0.824205	22.0	-0.157505	0.176783	0.903542	23.0	0.316112	0.324437	0.906484	24.0	0.297023	0.223096	0.944134
7.364	0.0	0.0171815	0.0767924	0.957833	1.0	0.0180644	0.0710674	1.26745	2.0	0.0127143	0.0767549	1.57092	3.0	0.0645377	0.119285	1.71118	4.0	-0.169569	0.0856407	1.46187	5.0	-0.268769	0.114885	1.22001	6.0	-0.275453	0.210607	0.971484	7.0	-0.252196	0.211087	0.899787	8.0	0.1952	0.100843	1.42569	9.0	0.274255	0.122026	1.17334	10.0	0.310208	0.276834	1.00016	11.0	0.313312	0.302848	1.00098	12.0	-0.0747014	0.107146	0.96395	13.0	-0.179956	0.10848	0.538003	14.0	-0.156966	-0.121605	0.199275	15.0	-0.155148	-0.0780608	0.104888	16.0	0.0772365	0.112524	0.953664	17.0	0.0648983	0.0610697	0.537742	18.0	0.0437998	0.0643545	0.167654	19.0	0.0177668	0.16511	0.0904673	20.0	0.0150822	0.0732945	1.49597	21.0	-0.275711	0.23	0.817584	22.0	-0.179078	0.186795	0.87315	23.0	0.320238	0.373965	0.948164	24.0	0.316044	0.287351	0.968435
7.398	0.0	0.0138731	0.11013	0.958753	1.0	0.0184617	0.105316	1.26751	2.0	0.01753	0.111891	1.56978	3.0	0.0666625	0.152257	1.70807	4.0	-0.167554	0.118637	1.46167	5.0	-0.264979	0.155598	1.19375	6.0	-0.29053	0.225561	0.959587	7.0	-0.266111	0.223948	0.887172	8.0	0.194006	0.147395	1.43063	9.0	0.267324	0.162521	1.18126	10.0	0.319938	0.33217	1.02702	11.0	0.31647	0.381599	1.01969	12.0	-0.0770044	0.136138	0.967318	13.0	-0.173395	0.151229	0.537304	14.0	-0.15345	-0.0479512	0.176841	15.0	-0.160595	0.0226882	0.0981261	16.0	0.0722757	0.150202	0.951644	17.0	0.0694989	0.0744592	0.534007	18.0	0.0449596	0.0636632	0.166982	19.0	0.0180429	0.164532	0.0900963	20.0	0.0187672	0.108097	1.49513	21.0	-0.298302	0.237364	0.810546	22.0	-0.194202	0.218679	0.851096	23.0	0.300152	0.456929	0.98809	24.0	0.299221	0.413833	0.975497
7.431	0.0	0.0154304	0.122621	0.956469	1.0	0.0188797	0.120826	1.26591	2.0	0.016552	0.130528	1.56901	3.0	0.0666862	0.183848	1.70501	4.0	-0.167277	0.137507	1.46126	5.0	-0.268516	0.162963	1.19359	6.0	-0.298043	0.233154	0.953097	7.0	-0.27758	0.231179	0.878662	8.0	0.195036	0.158749	1.43062	9.0	0.263677	0.188665	1.1872	10.0	0.328249	0.352773	1.03233	11.0	0.315686	0.427739	1.04077	12.0	-0.0745166	0.151125	0.966822	13.0	-0.162556	0.189592	0.535124	14.0	-0.153764	0.0466171	0.179553	15.0	-0.166036	0.128015	0.0933832	16.0	0.0729659	0.160281	0.948077	17.0	0.0723916	0.0884005	0.533713	18.0	0.0452544	0.0641292	0.166634	19.0	0.0181972	0.164107	0.090074	20.0	0.0181763	0.126012	1.49414	21.0	-0.280656	0.219573	0.781362	22.0	-0.210036	0.242001	0.871429	23.0	0.303416	0.498714	1.02318	24.0	0.297319	0.456418	0.994894
7.464	0.0	0.016797	0.144372	0.955776	1.0	0.0205807	0.147341	1.26577	2.0	0.0187299	0.161564	1.56933	3.0	0.0662598	0.214072	1.70606	4.0	-0.168033	0.171593	1.45901	5.0	-0.279047	0.184115	1.20204	6.0	-0.30372	0.239559	0.95122	7.0	-0.28533	0.242744	0.876682	8.0	0.202728	0.176645	1.43174	9.0	0.263914	0.211233	1.18795	10.0	0.325845	0.392846	1.05184	11.0	0.309965	0.480367	1.05445	12.0	-0.0729026	0.175616	0.967156	13.0	-0.175338	0.252454	0.532602	14.0	-0.153615	0.134648	0.17572	15.0	-0.163625	0.208185	0.0915693	16.0	0.0738396	0.178762	0.946455	17.0	0.0740617	0.102831	0.53085	18.0	0.0437362	0.0674567	0.163586	19.0	0.0182458	0.164585	0.0880712	20.0	0.0202326	0.15593	1.49436	21.0	-0.244221	0.255261	0.771635	22.0	-0.218357	0.248134	0.921397	23.0	0.2994	0.54389	1.03103	24.0	0.29011	0.52243	1.02034
7.499	0.0	0.0146589	0.171223	0.95213	1.0	0.0178261	0.177019	1.26287	2.0	0.0153008	0.193856	1.5671	3.0	0.0660813	0.240667	1.70357	4.0	-0.166022	0.198876	1.45567	5.0	-0.284099	0.199376	1.20015	6.0	-0.311456	0.252341	0.950987	7.0	-0.287563	0.24918	0.872669	8.0	0.208384	0.200505	1.42774	9.0	0.267938	0.239526	1.19154	10.0	0.314615	0.4396	1.07532	11.0	0.30901	0.467192	1.07989	12.0	-0.075935	0.203921	0.962496	13.0	-0.173281	0.297631	0.537627	14.0	-0.158024	0.23163	0.162198	15.0	-0.188955	0.319387	0.0882099	16.0	0.0723245	0.204013	0.943717	17.0	0.0810291	0.122189	0.525151	18.0	0.0437539	0.0726048	0.159738	19.0	0.0158714	0.166384	0.0871408	20.0	0.0169845	0.187592	1.49197	21.0	-0.247768	0.248043	0.773487	22.0	-0.224823	0.26564	0.914545	23.0	0.293184	0.572357	1.0372	24.0	0.30465	0.481554	1.04203
7.531	0.0	0.0160758	0.188222	0.949589	1.0	0.0203446	0.195086	1.26001	2.0	0.018964	0.213027	1.56382	3.0	0.0657416	0.274671	1.69727	4.0	-0.16548	0.226516	1.45606	5.0	-0.285579	0.211483	1.19594	6.0	-0.31804	0.260029	0.949906	7.0	-0.31027	0.259833	0.878374	8.0	0.211608	0.225322	1.42182	9.0	0.270943	0.260433	1.18878	10.0	0.316161	0.458807	1.06953	11.0	0.307344	0.497697	1.07872	12.0	-0.0742146	0.221233	0.961061	13.0	-0.168451	0.327796	0.544969	14.0	-0.163219	0.327735	0.162964	15.0	-0.187451	0.431505	0.0800336	16.0	0.0732971	0.220634	0.940139	17.0	0.0944926	0.108376	0.42726	18.0	0.028255	0.0869085	0.124996	19.0	0.0233953	0.192837	0.0764403	20.0	0.0203618	0.206483	1.4888	21.0	-0.313477	0.24948	0.790925	22.0	-0.25648	0.260054	0.89774	23.0	0.298386	0.586786	1.03586	24.0	0.310853	0.489198	1.04527
7.565	0.0	0.0135489	0.215706	0.942878	1.0	0.0183988	0.22632	1.25293	2.0	0.0175483	0.248106	1.55635	3.0	0.0600574	0.313103	1.69266	4.0	-0.170084	0.261274	1.44743	5.0	-0.289174	0.232484	1.18518	6.0	-0.320951	0.268869	0.946122	7.0	-0.305706	0.270456	0.871017	8.0	0.210601	0.255327	1.41592	9.0	0.270508	0.285085	1.18975	10.0	0.309961	0.482332	1.06685	11.0	0.301397	0.528441	1.06714	12.0	-0.0761683	0.247172	0.955663	13.0	-0.16768	0.381442	0.554929	14.0	-0.166311	0.418254	0.163128	15.0	-0.18919	0.548037	0.0908348	16.0	0.0699761	0.249534	0.932201	17.0	0.108538	0.175743	0.556835	18.0	0.0644082	0.118481	0.256863	19.0	0.041722	0.199966	0.146597	20.0	0.0188251	0.240598	1.48143	21.0	-0.3105	0.265236	0.782804	22.0	-0.255783	0.28086	0.882592	23.0	0.290018	0.629322	1.03602	24.0	0.291246	0.58713	1.00303
7.599	0.0	0.0106227	0.237374	0.942141	1.0	0.0149448	0.25349	1.2508	2.0	0.0133942	0.281092	1.55253	3.0	0.0539091	0.340463	1.68785	4.0	-0.178557	0.285782	1.445	5.0	-0.292925	0.253986	1.18133	6.0	-0.323011	0.281838	0.936393	7.0	-0.312559	0.281965	0.867161	8.0	0.205526	0.27885	1.41704	9.0	0.26561	0.308516	1.18908	10.0	0.312166	0.495585	1.0546	11.0	0.287361	0.593739	1.04568	12.0	-0.0831465	0.278709	0.954006	13.0	-0.151635	0.414189	0.527591	14.0	-0.157023	0.504637	0.176857	15.0	-0.188945	0.63674	0.109148	16.0	0.0697803	0.263269	0.932168	17.0	0.130419	0.204203	0.556799	18.0	0.0743924	0.124265	0.274955	19.0	0.00406151	0.263833	0.24046	20.0	0.014868	0.272104	1.47807	21.0	-0.302991	0.263201	0.772919	22.0	-0.257066	0.288823	0.889204	23.0	0.280597	0.644829	1.01704	24.0	0.290444	0.573882	1.01571
7.631	0.0	0.0127799	0.267592	0.938195	1.0	0.0129568	0.285521	1.24538	2.0	0.00696914	0.3146	1.54576	3.0	0.0483313	0.37893	1.68044	4.0	-0.186241	0.324354	1.43809	5.0	-0.297647	0.281199	1.17367	6.0	-0.327709	0.29621	0.927712	7.0	-0.316823	0.299038	0.862327	8.0	0.198001	0.313303	1.41316	9.0	0.259232	0.338827	1.17719	10.0	0.290212	0.539795	1.0578	11.0	0.272638	0.59985	1.03734	12.0	-0.0825585	0.302777	0.95017	13.0	-0.145713	0.468929	0.4789	14.0	-0.159591	0.579225	0.179766	15.0	-0.188729	0.721725	0.12782	16.0	0.0743134	0.296959	0.928711	17.0	0.127944	0.212966	0.559333	18.0	0.0937586	0.137715	0.263225	19.0	0.0233998	0.280112	0.237174	20.0	0.00958078	0.305274	1.47162	21.0	-0.314903	0.28652	0.766981	22.0	-0.263484	0.308176	0.879717	23.0	0.271543	0.662929	1.00689	24.0	0.265994	0.63406	0.977916
7.665	0.0	0.012307	0.297667	0.936372	1.0	0.00792752	0.316642	1.24357	2.0	-0.0026875	0.346982	1.54404	3.0	0.0390838	0.41033	1.6757	4.0	-0.190124	0.348082	1.4348	5.0	-0.297976	0.30418	1.16465	6.0	-0.326242	0.317046	0.915008	7.0	-0.321887	0.314895	0.853639	8.0	0.194444	0.336857	1.41233	9.0	0.253861	0.361181	1.17501	10.0	0.28831	0.558098	1.0504	11.0	0.251965	0.64746	1.02006	12.0	-0.0806975	0.334147	0.944378	13.0	-0.138267	0.488681	0.476456	14.0	-0.159502	0.629032	0.195541	15.0	-0.187376	0.774044	0.148236	16.0	0.0713531	0.327081	0.930605	17.0	0.13483	0.236134	0.565742	18.0	0.100316	0.148721	0.27347	19.0	0.0322792	0.293223	0.250818	20.0	0.00109158	0.337324	1.46987	21.0	-0.324555	0.302415	0.767915	22.0	-0.264023	0.317865	0.885646	23.0	0.24919	0.681748	0.988802	24.0	0.238544	0.660567	0.970979
7.699	0.0	0.00912102	0.313139	0.931018	1.0	0.00130098	0.340615	1.23734	2.0	-0.0134368	0.380775	1.53717	3.0	0.0257513	0.444051	1.6695	4.0	-0.198104	0.395547	1.4265	5.0	-0.30617	0.344431	1.15387	6.0	-0.32982	0.341051	0.90593	7.0	-0.322682	0.335211	0.838717	8.0	0.188504	0.361448	1.40725	9.0	0.247025	0.388458	1.17637	10.0	0.251767	0.592036	1.05626	11.0	0.231795	0.667772	1.01807	12.0	-0.0831908	0.351115	0.938557	13.0	-0.134219	0.514458	0.488188	14.0	-0.15517	0.664513	0.20441	15.0	-0.1844	0.804444	0.148234	16.0	0.0675591	0.340197	0.926015	17.0	0.14219	0.258621	0.560744	18.0	0.0503118	0.116747	0.179594	19.0	-0.00536557	0.269232	0.176341	20.0	-0.00857726	0.368552	1.46315	21.0	-0.316625	0.305305	0.75407	22.0	-0.266052	0.352767	0.869307	23.0	0.222466	0.708366	0.975193	24.0	0.228724	0.674917	0.962665
7.731	0.0	0.00299853	0.351835	0.924863	1.0	-0.00952251	0.384459	1.23019	2.0	-0.0280404	0.426845	1.52901	3.0	0.00983862	0.490422	1.66356	4.0	-0.21062	0.430917	1.41828	5.0	-0.309833	0.380557	1.13943	6.0	-0.331892	0.371827	0.899218	7.0	-0.327542	0.364235	0.831576	8.0	0.167879	0.417274	1.40805	9.0	0.233906	0.439292	1.17441	10.0	0.243949	0.633922	1.04128	11.0	0.202415	0.708794	1.00479	12.0	-0.0914589	0.391	0.932146	13.0	-0.134548	0.56833	0.480946	14.0	-0.147955	0.706975	0.17371	15.0	-0.180461	0.849499	0.123683	16.0	0.0630949	0.377513	0.920217	17.0	0.143158	0.277427	0.563192	18.0	0.0499971	0.121759	0.188173	19.0	-0.00255	0.274703	0.180101	20.0	-0.0223332	0.414328	1.45524	21.0	-0.319432	0.327547	0.743196	22.0	-0.268554	0.375515	0.851263	23.0	0.196378	0.75181	0.97892	24.0	0.197545	0.713065	0.943575
7.765	0.0	-0.00379695	0.401288	0.90825	1.0	-0.0184437	0.419976	1.22085	2.0	-0.0380356	0.451572	1.52516	3.0	0.00217169	0.511484	1.66124	4.0	-0.222636	0.468933	1.40781	5.0	-0.318148	0.411358	1.13191	6.0	-0.341395	0.411774	0.890111	7.0	-0.337239	0.395778	0.822621	8.0	0.161528	0.445575	1.40076	9.0	0.220576	0.475595	1.17377	10.0	0.207278	0.681707	1.05785	11.0	0.173879	0.750923	1.00522	12.0	-0.102368	0.442054	0.925298	13.0	-0.131704	0.578812	0.484208	14.0	-0.148427	0.706537	0.178692	15.0	-0.170871	0.847165	0.123425	16.0	0.0601335	0.425131	0.894251	17.0	0.147127	0.291512	0.554765	18.0	0.0561573	0.128488	0.182645	19.0	0.00237446	0.281121	0.175374	20.0	-0.0320802	0.441313	1.45021	21.0	-0.315654	0.351815	0.735703	22.0	-0.302069	0.418661	0.837434	23.0	0.160609	0.788383	0.970509	24.0	0.155463	0.761356	0.953396
7.799	0.0	-0.00746058	0.428652	0.908363	1.0	-0.0305577	0.458976	1.22126	2.0	-0.0607606	0.499248	1.52724	3.0	-0.0178629	0.561304	1.65821	4.0	-0.233822	0.503079	1.4057	5.0	-0.330036	0.458359	1.1227	6.0	-0.34436	0.443635	0.881063	7.0	-0.341242	0.430977	0.812173	8.0	0.143498	0.492058	1.40199	9.0	0.210257	0.51337	1.17794	10.0	0.184482	0.718949	1.06275	11.0	0.147488	0.792553	1.00712	12.0	-0.108559	0.472331	0.92552	13.0	-0.136829	0.611906	0.488598	14.0	-0.148168	0.710711	0.179298	15.0	-0.168251	0.848349	0.119074	16.0	0.0585495	0.449748	0.894287	17.0	0.151863	0.317593	0.556148	18.0	0.0623485	0.147208	0.187216	19.0	0.00815084	0.29912	0.175999	20.0	-0.0524591	0.488172	1.45175	21.0	-0.328921	0.399006	0.730881	22.0	-0.297899	0.43477	0.788629	23.0	0.131123	0.829604	0.976009	24.0	0.152983	0.801658	0.947403
7.832	0.0	-0.0239221	0.485848	0.924853	1.0	-0.0474604	0.506198	1.23025	2.0	-0.0740601	0.531216	1.52844	3.0	-0.0359274	0.602516	1.66134	4.0	-0.250898	0.550491	1.40601	5.0	-0.333441	0.497471	1.127	6.0	-0.34993	0.493951	0.880497	7.0	-0.345202	0.473348	0.81187	8.0	0.131571	0.534474	1.40521	9.0	0.189209	0.563335	1.18459	10.0	0.15836	0.767194	1.06773	11.0	0.123165	0.83171	1.0119	12.0	-0.120769	0.519855	0.926913	13.0	-0.145643	0.649021	0.515895	14.0	-0.150844	0.721185	0.181496	15.0	-0.167976	0.854304	0.114742	16.0	0.0379628	0.515756	0.925523	17.0	0.147839	0.378087	0.595977	18.0	0.070473	0.185759	0.235957	19.0	0.0134726	0.334904	0.215005	20.0	-0.0660408	0.521994	1.45458	21.0	-0.320519	0.436381	0.718458	22.0	-0.302791	0.480165	0.79454	23.0	0.100061	0.8724	0.98502	24.0	0.131024	0.826518	0.947794
7.865	0.0	-0.0343402	0.526033	0.931502	1.0	-0.0604064	0.545742	1.23684	2.0	-0.0935813	0.580052	1.53568	3.0	-0.0533309	0.64133	1.66989	4.0	-0.265874	0.581471	1.41239	5.0	-0.347349	0.535148	1.1212	6.0	-0.357917	0.540718	0.886461	7.0	-0.351658	0.525785	0.826591	8.0	0.118468	0.574278	1.41782	9.0	0.177166	0.602982	1.1975	10.0	0.135262	0.804926	1.08056	11.0	0.101112	0.869716	1.02345	12.0	-0.13077	0.557989	0.93294	13.0	-0.154128	0.666186	0.52841	14.0	-0.15571	0.742349	0.164985	15.0	-0.167527	0.87415	0.09699	16.0	0.0266801	0.558822	0.932784	17.0	0.139906	0.40959	0.611034	18.0	0.0712463	0.206769	0.255507	19.0	0.0127065	0.353908	0.228925	20.0	-0.0845131	0.570322	1.46213	21.0	-0.337216	0.494587	0.735513	22.0	-0.308662	0.540875	0.817522	23.0	0.0809539	0.911352	0.993521	24.0	0.113744	0.859281	0.951721
7.899	0.0	-0.0577662	0.562488	0.938908	1.0	-0.0757716	0.577988	1.24512	2.0	-0.1005	0.603683	1.54334	3.0	-0.0673791	0.676187	1.67871	4.0	-0.276844	0.618016	1.41963	5.0	-0.356202	0.576261	1.141	6.0	-0.361869	0.58566	0.895536	7.0	-0.354454	0.575018	0.829849	8.0	0.0989354	0.617174	1.42745	9.0	0.162385	0.643934	1.20846	10.0	0.1191	0.838701	1.08069	11.0	0.0866973	0.899633	1.04069	12.0	-0.158151	0.59766	0.941388	13.0	-0.154951	0.68515	0.540933	14.0	-0.155139	0.744812	0.166973	15.0	-0.166594	0.874725	0.0959131	16.0	0.00726977	0.59151	0.938945	17.0	0.142155	0.439199	0.629047	18.0	0.0784852	0.232075	0.275221	19.0	0.0174634	0.377435	0.244276	20.0	-0.0928557	0.594616	1.46966	21.0	-0.349767	0.557309	0.745345	22.0	-0.313972	0.590912	0.801424	23.0	0.0653232	0.933778	0.998753	24.0	0.0893609	0.906776	0.972753
7.931	0.0	-0.0607554	0.580273	0.941837	1.0	-0.084227	0.604831	1.2518	2.0	-0.115888	0.643226	1.55583	3.0	-0.0785231	0.706537	1.69031	4.0	-0.288186	0.648193	1.43264	5.0	-0.362888	0.607476	1.15245	6.0	-0.366282	0.632618	0.909247	7.0	-0.356913	0.626309	0.835678	8.0	0.0893886	0.644065	1.43724	9.0	0.154985	0.669896	1.21885	10.0	0.115205	0.871116	1.1	11.0	0.0793356	0.931016	1.05491	12.0	-0.160649	0.61439	0.945875	13.0	-0.155897	0.695092	0.542866	14.0	-0.155049	0.745324	0.173883	15.0	-0.166037	0.871815	0.098086	16.0	0.00367057	0.610631	0.940191	17.0	0.139432	0.459923	0.629731	18.0	0.0779796	0.241556	0.282767	19.0	0.0165378	0.386562	0.249808	20.0	-0.106892	0.631865	1.48088	21.0	-0.3362	0.610684	0.749746	22.0	-0.321897	0.653182	0.83316	23.0	0.0543759	0.969003	1.01415	24.0	0.0936833	0.924655	0.977829
7.964	0.0	-0.063296	0.611041	0.9509	1.0	-0.0924737	0.634451	1.2612	2.0	-0.127112	0.667831	1.56374	3.0	-0.087346	0.733137	1.70312	4.0	-0.298271	0.6738	1.44215	5.0	-0.375006	0.652107	1.16369	6.0	-0.371156	0.674641	0.914754	7.0	-0.364212	0.674775	0.845456	8.0	0.0713656	0.682807	1.4496	9.0	0.149716	0.696021	1.23593	10.0	0.112694	0.892146	1.10873	11.0	0.0732252	0.965316	1.06063	12.0	-0.162382	0.644311	0.953488	13.0	-0.158748	0.704302	0.546612	14.0	-0.155169	0.748305	0.167987	15.0	-0.165296	0.875384	0.09241	16.0	0.000111016	0.641868	0.950562	17.0	0.130938	0.4915	0.637273	18.0	0.0742375	0.264385	0.29553	19.0	0.0121573	0.408019	0.258269	20.0	-0.117338	0.657259	1.4891	21.0	-0.345395	0.659668	0.761118	22.0	-0.3224	0.697347	0.839536	23.0	0.0522229	0.994314	1.0232	24.0	0.0766359	0.973768	0.99672
7.999	0.0	-0.0680408	0.636237	0.954532	1.0	-0.097134	0.659728	1.26483	2.0	-0.132088	0.694869	1.56761	3.0	-0.0977154	0.765648	1.7075	4.0	-0.30652	0.707988	1.44458	5.0	-0.385543	0.685088	1.16871	6.0	-0.377091	0.722069	0.921663	7.0	-0.371764	0.727067	0.8528	8.0	0.0620513	0.701635	1.45495	9.0	0.144188	0.721234	1.24105	10.0	0.116026	0.927566	1.12871	11.0	0.0819273	0.986376	1.07389	12.0	-0.16712	0.672597	0.954476	13.0	-0.160659	0.719551	0.54453	14.0	-0.154891	0.750036	0.166756	15.0	-0.165178	0.876664	0.0901039	16.0	-0.00482698	0.664434	0.956566	17.0	0.140803	0.544378	0.633956	18.0	0.106335	0.311673	0.293718	19.0	0.0350837	0.450764	0.254563	20.0	-0.122289	0.684142	1.493	21.0	-0.344331	0.714353	0.768095	22.0	-0.351997	0.759159	0.857583	23.0	0.0589404	1.0226	1.03062	24.0	0.0420603	0.999709	1.0255
8.032	0.0	-0.0588105	0.652731	0.95395	1.0	-0.0965544	0.681813	1.26757	2.0	-0.143237	0.727382	1.57517	3.0	-0.101621	0.786632	1.7105	4.0	-0.310726	0.73119	1.44819	5.0	-0.391664	0.717569	1.17	6.0	-0.388346	0.767419	0.930063	7.0	-0.343545	0.756075	0.864275	8.0	0.0618846	0.718278	1.45612	9.0	0.146952	0.739491	1.24578	10.0	0.120633	0.940206	1.12403	11.0	0.100156	1.0039	1.082	12.0	-0.156259	0.690715	0.956729	13.0	-0.166668	0.731209	0.550001	14.0	-0.15524	0.752276	0.168469	15.0	-0.165065	0.877311	0.0895726	16.0	0.00267573	0.679047	0.953605	17.0	0.139142	0.55403	0.628908	18.0	0.179566	0.402381	0.245151	19.0	0.0864138	0.530864	0.213073	20.0	-0.129948	0.71342	1.49914	21.0	-0.348644	0.761709	0.778765	22.0	-0.276031	0.744973	0.884808	23.0	0.0812727	1.0466	1.04163	24.0	0.0927406	1.01569	1.01067
8.065	0.0	-0.0722678	0.704303	0.954989	1.0	-0.107903	0.721271	1.2723	2.0	-0.148553	0.746556	1.57994	3.0	-0.106035	0.813483	1.71458	4.0	-0.318522	0.764761	1.45277	5.0	-0.402836	0.758783	1.17221	6.0	-0.398174	0.818092	0.928866	7.0	-0.367574	0.809485	0.865724	8.0	0.058551	0.746138	1.45676	9.0	0.147157	0.759171	1.24819	10.0	0.138855	0.9535	1.11544	11.0	0.122304	1.02768	1.07319	12.0	-0.174667	0.745898	0.961604	13.0	-0.168308	0.742002	0.552087	14.0	-0.155144	0.753339	0.167462	15.0	-0.164388	0.877364	0.0870043	16.0	-0.00598692	0.724685	0.950702	17.0	0.147942	0.579779	0.646565	18.0	0.203083	0.417277	0.269741	19.0	0.105024	0.539903	0.231803	20.0	-0.13708	0.737803	1.5043	21.0	-0.362345	0.814896	0.779961	22.0	-0.282451	0.775395	0.904236	23.0	0.111763	1.0627	1.03296	24.0	0.0983888	1.03189	1.01696
8.099	0.0	-0.0671034	0.717971	0.958242	1.0	-0.10645	0.739009	1.27468	2.0	-0.15257	0.774408	1.58273	3.0	-0.110617	0.838996	1.71885	4.0	-0.323287	0.787465	1.45292	5.0	-0.406831	0.795189	1.17515	6.0	-0.40437	0.857781	0.935474	7.0	-0.394394	0.867093	0.868286	8.0	0.0506799	0.769137	1.45765	9.0	0.14843	0.766528	1.24818	10.0	0.160486	0.956307	1.11055	11.0	0.153884	1.03168	1.07132	12.0	-0.16864	0.758153	0.961897	13.0	-0.169693	0.758821	0.559493	14.0	-0.155159	0.755073	0.167388	15.0	-0.164301	0.878139	0.0854567	16.0	-0.00185973	0.742178	0.957613	17.0	0.143594	0.594784	0.614569	18.0	0.227036	0.45848	0.232461	19.0	0.119611	0.575831	0.201223	20.0	-0.139699	0.763388	1.50692	21.0	-0.379214	0.862484	0.789498	22.0	-0.293338	0.814689	0.893486	23.0	0.147126	1.07731	1.03475	24.0	0.148851	1.03175	1.00225
8.132	0.0	-0.060806	0.737908	0.96123	1.0	-0.106134	0.761484	1.27777	2.0	-0.157834	0.796777	1.5861	3.0	-0.112776	0.862643	1.72056	4.0	-0.325866	0.81709	1.46319	5.0	-0.410776	0.828763	1.18358	6.0	-0.409397	0.898817	0.938521	7.0	-0.40681	0.914934	0.870468	8.0	0.0474464	0.784029	1.4597	9.0	0.149707	0.77552	1.2474	10.0	0.186204	0.954735	1.10187	11.0	0.18563	1.03319	1.05973	12.0	-0.160019	0.783181	0.962584	13.0	-0.173398	0.773008	0.56381	14.0	-0.154117	0.758342	0.167044	15.0	-0.163965	0.879487	0.0832135	16.0	0.00188384	0.756733	0.961691	17.0	0.13915	0.655172	0.626386	18.0	0.256801	0.547749	0.243738	19.0	0.284018	0.624672	0.139152	20.0	-0.143746	0.785881	1.51019	21.0	-0.389656	0.917635	0.793807	22.0	-0.354484	0.916508	0.860472	23.0	0.18351	1.08072	1.02044	24.0	0.174945	1.02795	1.01597
8.165	0.0	-0.0617653	0.759374	0.961987	1.0	-0.10771	0.783825	1.27878	2.0	-0.159589	0.819269	1.58744	3.0	-0.112627	0.888053	1.72186	4.0	-0.327375	0.837876	1.46427	5.0	-0.416604	0.856875	1.18784	6.0	-0.417037	0.933033	0.948997	7.0	-0.413761	0.954805	0.878492	8.0	0.0441858	0.803767	1.45941	9.0	0.152896	0.785068	1.24224	10.0	0.214756	0.947132	1.08753	11.0	0.2232	1.01731	1.046	12.0	-0.16177	0.80634	0.964508	13.0	-0.175694	0.783726	0.559834	14.0	-0.15259	0.760443	0.167147	15.0	-0.163958	0.879895	0.0816864	16.0	0.00116124	0.775664	0.961536	17.0	0.200643	0.626374	0.510021	18.0	0.304377	0.615617	0.1876	19.0	0.317606	0.721464	0.148392	20.0	-0.145521	0.808399	1.51144	21.0	-0.403706	0.961485	0.801062	22.0	-0.371792	0.968108	0.870649	23.0	0.23719	1.05734	1.00396	24.0	0.214508	0.957652	1.03596
8.199	0.0	-0.0530116	0.790728	0.965776	1.0	-0.104962	0.811044	1.28111	2.0	-0.161831	0.843759	1.58858	3.0	-0.111719	0.909943	1.72153	4.0	-0.329835	0.866271	1.46735	5.0	-0.419888	0.888587	1.1911	6.0	-0.421249	0.970062	0.953819	7.0	-0.413895	0.989874	0.884825	8.0	0.0397337	0.8215	1.4649	9.0	0.154992	0.792652	1.23933	10.0	0.233056	0.936149	1.07549	11.0	0.250265	0.984571	1.03945	12.0	-0.152622	0.839914	0.965801	13.0	-0.177615	0.796317	0.564271	14.0	-0.15285	0.761981	0.168552	15.0	-0.16398	0.879713	0.0818814	16.0	0.00898404	0.804785	0.967608	17.0	0.212616	0.682852	0.512084	18.0	0.335406	0.708922	0.202116	19.0	0.344354	0.814617	0.161544	20.0	-0.146585	0.833447	1.51287	21.0	-0.410533	1.0015	0.810895	22.0	-0.321646	0.921814	0.914304	23.0	0.262107	1.05431	0.984983	24.0	0.258002	0.977657	0.991651
8.232	0.0	-0.053346	0.810054	0.967121	1.0	-0.10516	0.831222	1.28248	2.0	-0.162381	0.863313	1.58974	3.0	-0.109528	0.928677	1.72119	4.0	-0.328449	0.886513	1.46757	5.0	-0.421733	0.913331	1.19913	6.0	-0.419973	0.99184	0.958974	7.0	-0.40347	1.01292	0.891783	8.0	0.0373582	0.838345	1.46316	9.0	0.160663	0.801033	1.23083	10.0	0.251142	0.91828	1.0548	11.0	0.281574	0.973234	1.00483	12.0	-0.152583	0.85999	0.96395	13.0	-0.176691	0.807698	0.56854	14.0	-0.153246	0.76416	0.171718	15.0	-0.163848	0.878895	0.0824295	16.0	0.00801014	0.823452	0.972157	17.0	0.225646	0.742536	0.505848	18.0	0.362457	0.801099	0.236432	19.0	0.36769	0.900222	0.185757	20.0	-0.147024	0.853289	1.5141	21.0	-0.40782	1.03354	0.8151	22.0	-0.310861	0.960623	0.910404	23.0	0.302383	1.00098	0.951838	24.0	0.27009	0.922982	0.998829
8.265	0.0	-0.0540417	0.834679	0.968581	1.0	-0.105408	0.8572	1.28424	2.0	-0.162435	0.891082	1.59172	3.0	-0.10697	0.955164	1.71957	4.0	-0.32852	0.913001	1.46781	5.0	-0.42453	0.941966	1.20007	6.0	-0.419673	1.02491	0.961403	7.0	-0.409996	1.0474	0.89112	8.0	0.030126	0.859993	1.46878	9.0	0.167092	0.808195	1.21425	10.0	0.270779	0.898614	1.03185	11.0	0.292045	0.927173	1.00082	12.0	-0.152697	0.885572	0.963936	13.0	-0.172364	0.818059	0.566143	14.0	-0.152691	0.766421	0.171688	15.0	-0.163273	0.879083	0.0817956	16.0	0.00648587	0.846454	0.975052	17.0	0.235875	0.810187	0.504999	18.0	0.367397	0.879148	0.235444	19.0	0.378188	0.987638	0.197084	20.0	-0.147107	0.880576	1.51603	21.0	-0.410745	1.06698	0.819965	22.0	-0.318506	0.984328	0.924895	23.0	0.328959	0.953945	0.927467	24.0	0.277323	0.890581	0.989081
8.298	0.0	-0.0581051	0.85945	0.967323	1.0	-0.107695	0.879794	1.28322	2.0	-0.163226	0.911439	1.59083	3.0	-0.102634	0.974942	1.71652	4.0	-0.325996	0.935062	1.46743	5.0	-0.424228	0.970275	1.20266	6.0	-0.419872	1.05284	0.963547	7.0	-0.412291	1.07853	0.892528	8.0	0.0242309	0.877931	1.4685	9.0	0.169901	0.818555	1.21007	10.0	0.280789	0.882338	1.02249	11.0	0.303093	0.894754	0.982795	12.0	-0.156057	0.908635	0.962272	13.0	-0.172662	0.829928	0.563998	14.0	-0.152048	0.767801	0.173619	15.0	-0.162938	0.879329	0.0818669	16.0	0.00141976	0.87294	0.974364	17.0	0.233853	0.869858	0.511398	18.0	0.381451	0.979979	0.245775	19.0	0.376478	1.10733	0.205079	20.0	-0.148247	0.901501	1.51512	21.0	-0.404212	1.09303	0.821059	22.0	-0.318836	1.00889	0.92553	23.0	0.339625	0.912354	0.906567	24.0	0.295655	0.864418	0.96023
8.332	0.0	-0.0582728	0.882494	0.966034	1.0	-0.10609	0.902671	1.28203	2.0	-0.159843	0.934077	1.58969	3.0	-0.0997111	1.00346	1.72253	4.0	-0.324239	0.95659	1.46688	5.0	-0.424971	0.993478	1.20683	6.0	-0.417274	1.0774	0.962191	7.0	-0.404802	1.10331	0.891924	8.0	0.0191522	0.902147	1.46887	9.0	0.164474	0.828949	1.21477	10.0	0.275492	0.837561	1.0198	11.0	0.311343	0.858658	0.956639	12.0	-0.155452	0.932064	0.958198	13.0	-0.173215	0.841511	0.560287	14.0	-0.151515	0.771794	0.174327	15.0	-0.162805	0.880138	0.0813109	16.0	0.000268219	0.895649	0.975831	17.0	0.242193	0.941998	0.521353	18.0	0.375794	1.0548	0.257648	19.0	0.380321	1.15249	0.207554	20.0	-0.145305	0.924209	1.51398	21.0	-0.393059	1.11633	0.818195	22.0	-0.365813	1.1268	0.857831	23.0	0.339817	0.861548	0.886974	24.0	0.334292	0.825844	0.901277
8.365	0.0	-0.0573965	0.905293	0.964406	1.0	-0.105402	0.925269	1.28139	2.0	-0.159363	0.95635	1.58994	3.0	-0.0966611	1.01825	1.7221	4.0	-0.317082	0.979772	1.46614	5.0	-0.419359	1.01771	1.20572	6.0	-0.407248	1.10278	0.963212	7.0	-0.396497	1.1278	0.891684	8.0	0.0195625	0.915607	1.47048	9.0	0.158941	0.838665	1.21411	10.0	0.271421	0.829737	1.02104	11.0	0.307598	0.821354	0.949248	12.0	-0.153772	0.95667	0.951729	13.0	-0.175265	0.851358	0.556285	14.0	-0.150725	0.771994	0.17428	15.0	-0.162764	0.879986	0.0812453	16.0	0.000159319	0.916975	0.978711	17.0	0.232111	0.995671	0.525645	18.0	0.360464	1.11199	0.269684	19.0	0.365126	1.22286	0.241749	20.0	-0.144768	0.946579	1.51401	21.0	-0.383098	1.1356	0.817164	22.0	-0.327216	1.09939	0.889403	23.0	0.333229	0.807943	0.871565	24.0	0.25105	0.811459	0.990277
8.399	0.0	-0.0524392	0.949499	0.96526	1.0	-0.10254	0.959014	1.28161	2.0	-0.158167	0.981088	1.58962	3.0	-0.0896206	1.04629	1.71314	4.0	-0.315022	1.00207	1.46437	5.0	-0.415939	1.04222	1.20921	6.0	-0.399204	1.13344	0.964685	7.0	-0.386894	1.15694	0.888216	8.0	0.0185985	0.942696	1.47026	9.0	0.1516	0.863461	1.21102	10.0	0.280081	0.816341	0.99731	11.0	0.294121	0.815883	0.948556	12.0	-0.1522	0.99358	0.950404	13.0	-0.176884	0.86074	0.542344	14.0	-0.149695	0.774255	0.175016	15.0	-0.162853	0.880014	0.0811747	16.0	0.00817563	0.967145	0.982539	17.0	0.214975	1.04478	0.533208	18.0	0.343087	1.19113	0.272646	19.0	0.338647	1.31779	0.233439	20.0	-0.143193	0.973437	1.51382	21.0	-0.368318	1.15958	0.812049	22.0	-0.321391	1.13483	0.888416	23.0	0.325787	0.798987	0.899418	24.0	0.267979	0.837874	0.934253
8.431	0.0	-0.0565586	0.95961	0.96247	1.0	-0.102319	0.972101	1.27794	2.0	-0.152823	0.997568	1.58457	3.0	-0.0853979	1.06043	1.70934	4.0	-0.312599	1.0196	1.46071	5.0	-0.40645	1.06246	1.20382	6.0	-0.389325	1.1605	0.962664	7.0	-0.372375	1.18227	0.888411	8.0	0.016346	0.968408	1.46877	9.0	0.147856	0.886872	1.20956	10.0	0.280003	0.827051	0.992959	11.0	0.331128	0.825499	0.903683	12.0	-0.155001	1.00491	0.947843	13.0	-0.178822	0.88107	0.558831	14.0	-0.149441	0.774859	0.174434	15.0	-0.162682	0.879939	0.0811434	16.0	0.00239014	0.976475	0.979337	17.0	0.199674	1.09315	0.526093	18.0	0.318753	1.24771	0.264796	19.0	0.321693	1.35716	0.234532	20.0	-0.139229	0.989072	1.50916	21.0	-0.357941	1.19161	0.813108	22.0	-0.281501	1.11683	0.918307	23.0	0.3627	0.808531	0.854693	24.0	0.304781	0.84732	0.889713
8.465	0.0	-0.0620384	1.00299	0.958601	1.0	-0.102024	1.00901	1.27352	2.0	-0.148914	1.02618	1.58004	3.0	-0.0822638	1.08433	1.70521	4.0	-0.309545	1.04375	1.45556	5.0	-0.398436	1.08492	1.20724	6.0	-0.377816	1.19229	0.959582	7.0	-0.346522	1.2083	0.887914	8.0	0.0189815	0.991594	1.46673	9.0	0.150098	0.911199	1.20686	10.0	0.283271	0.8527	0.987776	11.0	0.334715	0.850612	0.897768	12.0	-0.161867	1.04339	0.944541	13.0	-0.179651	0.88631	0.559483	14.0	-0.150228	0.776922	0.174072	15.0	-0.162622	0.87996	0.0811275	16.0	-0.00200488	1.02422	0.974942	17.0	0.147753	1.12255	0.615587	18.0	0.281197	1.29108	0.263881	19.0	0.277677	1.3938	0.219571	20.0	-0.135993	1.01984	1.50462	21.0	-0.330953	1.2146	0.809081	22.0	-0.245021	1.18093	0.895653	23.0	0.36624	0.833607	0.848799	24.0	0.308261	0.872349	0.883848
8.499	0.0	-0.0606254	1.01582	0.95737	1.0	-0.0999663	1.02335	1.27196	2.0	-0.145754	1.04208	1.57797	3.0	-0.0770459	1.1068	1.70114	4.0	-0.305771	1.06151	1.45395	5.0	-0.390089	1.10642	1.20664	6.0	-0.366265	1.21481	0.963131	7.0	-0.314946	1.23089	0.89332	8.0	0.0209718	1.01909	1.46707	9.0	0.15174	0.938247	1.20715	10.0	0.285114	0.878577	0.987325	11.0	0.336668	0.876524	0.897076	12.0	-0.161238	1.05624	0.943959	13.0	-0.180831	0.896112	0.562291	14.0	-0.148925	0.77885	0.17558	15.0	-0.162522	0.879528	0.081269	16.0	-8.00378e-05	1.03691	0.973107	17.0	0.132132	1.15064	0.606658	18.0	0.240827	1.32785	0.268849	19.0	0.235898	1.43816	0.213207	20.0	-0.133141	1.0354	1.50269	21.0	-0.317697	1.25593	0.81224	22.0	-0.235403	1.20469	0.91419	23.0	0.368147	0.859484	0.848112	24.0	0.310111	0.89818	0.883169
8.532	0.0	-0.0663244	1.02912	0.950609	1.0	-0.100801	1.04086	1.26586	2.0	-0.140573	1.0659	1.57216	3.0	-0.0728684	1.13026	1.6959	4.0	-0.299915	1.08896	1.44581	5.0	-0.383637	1.13093	1.2032	6.0	-0.345705	1.25317	0.956858	7.0	-0.301179	1.26413	0.893333	8.0	0.024049	1.05103	1.4603	9.0	0.154705	0.970433	1.20027	10.0	0.288092	0.911199	0.980255	11.0	0.339678	0.909137	0.889926	12.0	-0.165433	1.0681	0.940057	13.0	-0.178017	0.907086	0.555101	14.0	-0.149023	0.779668	0.176321	15.0	-0.162434	0.878938	0.0819832	16.0	-0.00770451	1.05183	0.963112	17.0	0.133165	1.21106	0.513112	18.0	0.200829	1.37749	0.237383	19.0	0.190296	1.5041	0.198731	20.0	-0.129633	1.05745	1.49682	21.0	-0.29467	1.28766	0.811807	22.0	-0.227123	1.23332	0.93254	23.0	0.371098	0.892051	0.840988	24.0	0.312988	0.930686	0.876081
8.565	0.0	-0.0676839	1.05596	0.941315	1.0	-0.0968587	1.07001	1.2562	2.0	-0.132256	1.09444	1.56266	3.0	-0.067789	1.15348	1.69125	4.0	-0.29623	1.10484	1.44306	5.0	-0.374603	1.15635	1.19924	6.0	-0.337514	1.26903	0.959447	7.0	-0.294802	1.29215	0.893016	8.0	0.0312566	1.07593	1.45521	9.0	0.161753	0.995095	1.19521	10.0	0.295028	0.935531	0.975237	11.0	0.346616	0.933466	0.884894	12.0	-0.167436	1.09079	0.93423	13.0	-0.174465	0.921018	0.540423	14.0	-0.148938	0.784061	0.177792	15.0	-0.162276	0.878751	0.0820614	16.0	-0.00836833	1.08252	0.950692	17.0	0.111456	1.23774	0.510241	18.0	0.155104	1.40013	0.213075	19.0	0.142841	1.51181	0.182564	20.0	-0.122216	1.08646	1.48724	21.0	-0.27859	1.32402	0.813748	22.0	-0.304176	1.1789	0.884515	23.0	0.377982	0.916336	0.835975	24.0	0.319804	0.954914	0.871094
8.598	0.0	-0.0684322	1.09142	0.933161	1.0	-0.0932161	1.1003	1.24935	2.0	-0.125041	1.12118	1.55651	3.0	-0.061186	1.18269	1.68489	4.0	-0.289184	1.13952	1.43555	5.0	-0.367121	1.17844	1.20156	6.0	-0.313215	1.31216	0.959681	7.0	-0.284734	1.33372	0.88863	8.0	0.0371798	1.11571	1.45125	9.0	0.167546	1.03486	1.1912	10.0	0.300758	0.975371	0.971199	11.0	0.352346	0.973307	0.880846	12.0	-0.168722	1.1228	0.928101	13.0	-0.175097	0.933066	0.531997	14.0	-0.147683	0.786772	0.177148	15.0	-0.16227	0.879017	0.0822758	16.0	-0.00902314	1.12093	0.941114	17.0	0.0732239	1.25767	0.549064	18.0	0.109861	1.43057	0.17055	19.0	0.101175	1.53613	0.131172	20.0	-0.115859	1.11391	1.48098	21.0	-0.25406	1.35555	0.814455	22.0	-0.283461	1.22403	0.876194	23.0	0.383634	0.956115	0.831944	24.0	0.325359	0.994612	0.867088
8.631	0.0	-0.0685392	1.1236	0.924755	1.0	-0.088575	1.13215	1.24264	2.0	-0.115639	1.15158	1.55157	3.0	-0.0515234	1.21288	1.68179	4.0	-0.279914	1.15991	1.43211	5.0	-0.355249	1.20991	1.1953	6.0	-0.301542	1.33262	0.954692	7.0	-0.269887	1.35953	0.885209	8.0	0.0509577	1.15932	1.42508	9.0	0.181077	1.07832	1.16515	10.0	0.314138	1.01869	0.945245	11.0	0.365719	1.01663	0.85489	12.0	-0.170323	1.15169	0.922374	13.0	-0.170736	0.960885	0.53441	14.0	-0.146484	0.791725	0.17557	15.0	-0.162232	0.879277	0.082467	16.0	-0.00792553	1.15643	0.930148	17.0	0.0597162	1.2643	0.549884	18.0	0.0611962	1.42653	0.1584	19.0	0.044298	1.5316	0.116893	20.0	-0.107617	1.14478	1.4756	21.0	-0.235246	1.38743	0.814907	22.0	-0.272465	1.25503	0.874846	23.0	0.396909	0.999354	0.80608	24.0	0.338513	1.03774	0.841344
8.664	0.0	-0.055364	1.17331	0.91613	1.0	-0.0770125	1.175	1.23495	2.0	-0.105729	1.18729	1.54485	3.0	-0.0429685	1.24085	1.67843	4.0	-0.268205	1.19928	1.42368	5.0	-0.34862	1.23677	1.19402	6.0	-0.290212	1.36585	0.95553	7.0	-0.255998	1.38621	0.883151	8.0	0.0608257	1.18711	1.41923	9.0	0.1908	1.10602	1.15931	10.0	0.323768	1.04632	0.939419	11.0	0.375346	1.04427	0.849061	12.0	-0.159164	1.20154	0.914061	13.0	-0.171291	0.97728	0.533322	14.0	-0.145748	0.799306	0.178474	15.0	-0.162719	0.879955	0.0828412	16.0	0.00622072	1.20509	0.921799	17.0	0.0287485	1.30517	0.491381	18.0	0.0308688	1.42923	0.153419	19.0	0.00415241	1.53203	0.108786	20.0	-0.097294	1.18225	1.46864	21.0	-0.222021	1.42134	0.814277	22.0	-0.257382	1.28341	0.870799	23.0	0.406469	1.02693	0.800274	24.0	0.347991	1.06524	0.835568
8.698	0.0	-0.0523087	1.19356	0.912392	1.0	-0.0696983	1.20001	1.2301	2.0	-0.0931341	1.21813	1.53852	3.0	-0.0280994	1.27702	1.67297	4.0	-0.261062	1.22227	1.41794	5.0	-0.336789	1.27515	1.18014	6.0	-0.276794	1.39823	0.949649	7.0	-0.243732	1.4179	0.879462	8.0	0.0735266	1.22002	1.42856	9.0	0.148885	1.21644	1.14311	10.0	0.26484	1.17219	0.959833	11.0	0.299716	1.1774	0.894167	12.0	-0.154678	1.22089	0.911246	13.0	-0.171673	1.00544	0.533498	14.0	-0.14599	0.804019	0.180679	15.0	-0.162784	0.880032	0.0830764	16.0	0.00748754	1.2262	0.917201	17.0	0.019967	1.31667	0.484947	18.0	0.0183333	1.43331	0.154089	19.0	-0.0110079	1.53237	0.0992299	20.0	-0.0860833	1.21164	1.4627	21.0	-0.207726	1.45893	0.815994	22.0	-0.241083	1.3149	0.865516	23.0	0.330759	1.16	0.845241	24.0	0.272171	1.19824	0.880384
8.731	0.0	-0.0541026	1.23095	0.904817	1.0	-0.0639328	1.24081	1.22527	2.0	-0.0804489	1.26171	1.53673	3.0	-0.0147364	1.31285	1.67145	4.0	-0.249013	1.26601	1.41366	5.0	-0.325243	1.29995	1.17617	6.0	-0.267334	1.43427	0.944251	7.0	-0.238605	1.45905	0.88047	8.0	0.0903434	1.26805	1.40902	9.0	0.150083	1.2652	1.15118	10.0	0.265925	1.22086	0.967839	11.0	0.300801	1.22606	0.902165	12.0	-0.156531	1.25764	0.907535	13.0	-0.172544	1.02659	0.520287	14.0	-0.147577	0.812159	0.178371	15.0	-0.16345	0.882118	0.0847429	16.0	0.00532274	1.26387	0.905936	17.0	0.0162928	1.34309	0.478508	18.0	0.0159022	1.43926	0.1531	19.0	-0.0188937	1.54707	0.0913643	20.0	-0.0750568	1.25458	1.46012	21.0	-0.201039	1.48944	0.813113	22.0	-0.237753	1.3407	0.879187	23.0	0.331751	1.20859	0.853214	24.0	0.273049	1.24672	0.888332
8.764	0.0	-0.0553541	1.24688	0.904072	1.0	-0.0590047	1.26443	1.22537	2.0	-0.0675565	1.29478	1.53781	3.0	0.00115405	1.35716	1.67544	4.0	-0.241615	1.29856	1.41673	5.0	-0.309938	1.34164	1.17086	6.0	-0.264335	1.451	0.946692	7.0	-0.23502	1.47918	0.878036	8.0	0.0982932	1.30536	1.40691	9.0	0.203788	1.27154	1.1685	10.0	0.0472263	1.41096	0.933279	11.0	0.0287616	1.4143	0.826443	12.0	-0.155802	1.27535	0.907651	13.0	-0.171386	1.0754	0.512987	14.0	-0.152065	0.833603	0.179285	15.0	-0.16349	0.88714	0.0872476	16.0	0.00208719	1.27809	0.904522	17.0	0.0257736	1.37821	0.49473	18.0	0.0158706	1.44559	0.153536	19.0	-0.0172718	1.55492	0.0853606	20.0	-0.0642996	1.28517	1.46096	21.0	-0.199098	1.51783	0.809619	22.0	-0.232438	1.36684	0.871436	23.0	0.0244157	1.43244	0.725009	24.0	-0.0157712	1.45362	0.874515
8.798	0.0	-0.0439808	1.29623	0.914367	1.0	-0.0464919	1.31185	1.23402	2.0	-0.0575708	1.33486	1.54392	3.0	0.00994283	1.38777	1.67647	4.0	-0.229453	1.33993	1.42264	5.0	-0.301931	1.3693	1.17743	6.0	-0.265401	1.4758	0.951728	7.0	-0.236288	1.49837	0.877444	8.0	0.110453	1.33522	1.42938	9.0	0.213725	1.2939	1.18889	10.0	0.0571902	1.43319	0.953704	11.0	0.0397826	1.44342	0.833682	12.0	-0.143458	1.32605	0.918173	13.0	-0.177601	1.13642	0.522912	14.0	-0.157221	0.878414	0.202206	15.0	-0.165508	0.899321	0.0922134	16.0	0.0110516	1.3231	0.913941	17.0	0.030243	1.39736	0.507038	18.0	0.0156818	1.45121	0.156874	19.0	-0.0179721	1.55659	0.0845816	20.0	-0.0533893	1.32745	1.46776	21.0	-0.208885	1.54077	0.810039	22.0	-0.233993	1.39443	0.867852	23.0	0.0334467	1.46243	0.727666	24.0	-0.0218253	1.45017	0.864404
8.831	0.0	-0.0372252	1.31947	0.919428	1.0	-0.0392821	1.33417	1.24077	2.0	-0.048824	1.3601	1.5532	3.0	0.0199193	1.42245	1.68471	4.0	-0.222563	1.36693	1.42723	5.0	-0.292467	1.40186	1.17782	6.0	-0.265573	1.50119	0.953402	7.0	-0.239695	1.51541	0.881278	8.0	0.123197	1.36677	1.43447	9.0	0.227802	1.32852	1.19611	10.0	0.0712454	1.46766	0.960982	11.0	0.0542333	1.47181	0.853259	12.0	-0.137502	1.3496	0.922629	13.0	-0.179593	1.19755	0.525397	14.0	-0.160445	0.922491	0.219677	15.0	-0.165487	0.926982	0.103951	16.0	0.0188514	1.34846	0.920101	17.0	0.0328836	1.41462	0.509596	18.0	0.0152464	1.45579	0.159822	19.0	-0.0180067	1.55827	0.0835694	20.0	-0.0450737	1.35174	1.47636	21.0	-0.213618	1.55657	0.807468	22.0	-0.25197	1.41333	0.884139	23.0	0.0434191	1.48937	0.75309	24.0	-0.00668161	1.4824	0.872009
8.864	0.0	-0.0291508	1.35979	0.924823	1.0	-0.0296001	1.37376	1.24725	2.0	-0.0383897	1.39683	1.55985	3.0	0.028918	1.44948	1.69076	4.0	-0.213225	1.40058	1.43536	5.0	-0.286968	1.43465	1.18466	6.0	-0.265654	1.52346	0.952346	7.0	-0.246587	1.53759	0.881118	8.0	0.134383	1.40877	1.43108	9.0	0.22282	1.38777	1.17167	10.0	0.304247	1.36228	0.927482	11.0	0.319308	1.35134	0.848127	12.0	-0.129972	1.38919	0.928269	13.0	-0.183632	1.25521	0.523142	14.0	-0.163018	0.96879	0.228596	15.0	-0.163811	0.95757	0.117739	16.0	0.026336	1.3875	0.924849	17.0	0.0339407	1.43045	0.510696	18.0	0.0156983	1.45774	0.161242	19.0	-0.0179291	1.55939	0.0830785	20.0	-0.0347407	1.38934	1.48306	21.0	-0.222736	1.56895	0.802815	22.0	-0.260989	1.43331	0.891529	23.0	0.333268	1.33383	0.773492	24.0	0.311858	1.38949	0.821896
8.899	0.0	-0.0239579	1.38626	0.927315	1.0	-0.0235418	1.39831	1.25053	2.0	-0.031237	1.42075	1.56396	3.0	0.0398023	1.48107	1.69793	4.0	-0.203917	1.42315	1.44208	5.0	-0.284534	1.45045	1.19822	6.0	-0.269227	1.54583	0.955278	7.0	-0.24926	1.55584	0.884165	8.0	0.146499	1.4375	1.4211	9.0	0.267464	1.41585	1.14202	10.0	0.321343	1.43688	0.923301	11.0	0.339687	1.44583	0.88391	12.0	-0.125276	1.41886	0.934447	13.0	-0.17747	1.33946	0.546166	14.0	-0.161078	1.04352	0.260802	15.0	-0.182251	1.17353	0.221995	16.0	0.0317312	1.41187	0.924095	17.0	0.0375334	1.44187	0.511739	18.0	0.0163316	1.46079	0.161272	19.0	-0.0179795	1.56159	0.0824236	20.0	-0.0278777	1.41335	1.48697	21.0	-0.237519	1.589	0.802529	22.0	-0.249332	1.4559	0.87238	23.0	0.365247	1.45154	0.794997	24.0	0.321479	1.50676	0.882731
8.932	0.0	-0.00373418	1.43489	0.93221	1.0	-0.0101157	1.43714	1.25762	2.0	-0.023755	1.44988	1.57225	3.0	0.0450304	1.50557	1.70234	4.0	-0.195689	1.44883	1.44863	5.0	-0.28001	1.47054	1.20475	6.0	-0.275833	1.57298	0.955422	7.0	-0.249447	1.5797	0.887306	8.0	0.157514	1.46669	1.42195	9.0	0.28462	1.45513	1.1448	10.0	0.340966	1.53224	0.937449	11.0	0.361074	1.55479	0.908667	12.0	-0.106934	1.46246	0.939144	13.0	-0.155106	1.39789	0.537319	14.0	-0.15724	1.10168	0.250884	15.0	-0.179461	1.23168	0.213475	16.0	0.0519666	1.46211	0.928483	17.0	0.0413232	1.45559	0.514926	18.0	0.0172295	1.4635	0.159362	19.0	-0.017578	1.56277	0.0822669	20.0	-0.0190249	1.44479	1.49504	21.0	-0.245523	1.60764	0.804992	22.0	-0.165587	1.56003	0.920652	23.0	0.391667	1.57936	0.832702	24.0	0.342578	1.61956	0.906832
8.964	0.0	-0.00340873	1.44776	0.935892	1.0	-0.00642796	1.45542	1.26101	2.0	-0.0163478	1.47416	1.57553	3.0	0.053144	1.5347	1.70725	4.0	-0.190579	1.47093	1.45243	5.0	-0.278175	1.49364	1.20735	6.0	-0.282537	1.59452	0.954638	7.0	-0.249313	1.60162	0.890576	8.0	0.164834	1.49347	1.43168	9.0	0.286952	1.50547	1.15404	10.0	0.352698	1.62073	0.966859	11.0	0.371333	1.65399	0.947384	12.0	-0.106506	1.4773	0.944607	13.0	-0.169102	1.4469	0.53733	14.0	-0.16208	1.15532	0.246363	15.0	-0.163194	1.16515	0.131053	16.0	0.0523967	1.47477	0.930799	17.0	0.0426246	1.46645	0.513723	18.0	0.0178894	1.46574	0.158721	19.0	-0.0171743	1.56334	0.0821039	20.0	-0.0125079	1.46769	1.49835	21.0	-0.260683	1.62694	0.807789	22.0	-0.260259	1.49919	0.878779	23.0	0.395338	1.70452	0.889625	24.0	0.347337	1.70273	0.970828
8.999	0.0	0.0117066	1.49764	0.941126	1.0	0.00513163	1.49511	1.26694	2.0	-0.00934019	1.50242	1.58182	3.0	0.0612749	1.56023	1.71046	4.0	-0.182485	1.49882	1.45673	5.0	-0.278341	1.51275	1.20961	6.0	-0.286499	1.60659	0.95715	7.0	-0.252555	1.62242	0.893188	8.0	0.174457	1.51563	1.4341	9.0	0.296231	1.53163	1.17246	10.0	0.356139	1.68944	1.01454	11.0	0.375453	1.73492	0.992491	12.0	-0.091105	1.52352	0.950057	13.0	-0.175996	1.49038	0.53372	14.0	-0.155751	1.22733	0.215661	15.0	-0.160692	1.27058	0.114161	16.0	0.0661949	1.52623	0.935251	17.0	0.0470962	1.48476	0.516155	18.0	0.0185508	1.46685	0.158257	19.0	-0.0170863	1.56364	0.0816829	20.0	-0.00436395	1.49871	1.50458	21.0	-0.268332	1.64428	0.809303	22.0	-0.169905	1.62082	0.921381	23.0	0.395703	1.79516	0.947201	24.0	0.347944	1.78279	1.01676
9.032	0.0	0.0268642	1.53053	0.943965	1.0	0.0166206	1.52287	1.26964	2.0	-0.00130403	1.52549	1.58474	3.0	0.0703295	1.58497	1.71305	4.0	-0.177782	1.523	1.45987	5.0	-0.279074	1.53639	1.20767	6.0	-0.293071	1.62662	0.957185	7.0	-0.261697	1.64118	0.897813	8.0	0.1825	1.54682	1.43467	9.0	0.299604	1.5766	1.18943	10.0	0.352629	1.75117	1.04632	11.0	0.369498	1.79888	1.03539	12.0	-0.0779286	1.55756	0.951381	13.0	-0.180538	1.53953	0.52436	14.0	-0.157639	1.30528	0.183014	15.0	-0.144812	1.38723	0.103375	16.0	0.083372	1.55925	0.939752	17.0	0.053348	1.50844	0.517522	18.0	0.018666	1.4683	0.158205	19.0	-0.0169452	1.56371	0.0815716	20.0	0.00460234	1.52313	1.50743	21.0	-0.283226	1.66659	0.815109	22.0	-0.179594	1.63445	0.915483	23.0	0.378774	1.87918	0.999885	24.0	0.333561	1.84153	1.0673
9.064	0.0	0.0296739	1.54901	0.945053	1.0	0.0214705	1.54732	1.27118	2.0	0.00539636	1.55595	1.58687	3.0	0.0784677	1.6123	1.71454	4.0	-0.171604	1.55133	1.46174	5.0	-0.280898	1.56392	1.2079	6.0	-0.297903	1.64104	0.959934	7.0	-0.263037	1.65675	0.895788	8.0	0.197789	1.57326	1.42353	9.0	0.301256	1.60481	1.19779	10.0	0.34719	1.79878	1.07804	11.0	0.358937	1.86027	1.06657	12.0	-0.0748498	1.57768	0.952581	13.0	-0.172994	1.59741	0.5346	14.0	-0.157442	1.40635	0.164292	15.0	-0.139109	1.48586	0.0939597	16.0	0.0853034	1.5749	0.940638	17.0	0.0667724	1.53637	0.521187	18.0	0.0188098	1.47022	0.157564	19.0	-0.0200075	1.56024	0.0787784	20.0	0.0108541	1.55201	1.5094	21.0	-0.276546	1.67269	0.809844	22.0	-0.19488	1.64008	0.882391	23.0	0.360199	1.93917	1.03665	24.0	0.326473	1.9048	1.09811
9.098	0.0	0.0367392	1.58541	0.946642	1.0	0.0288521	1.57636	1.27306	2.0	0.012375	1.57765	1.58879	3.0	0.0849849	1.63921	1.7164	4.0	-0.166711	1.57649	1.46333	5.0	-0.27999	1.5817	1.20446	6.0	-0.301392	1.66162	0.95598	7.0	-0.265427	1.67235	0.894402	8.0	0.201893	1.59869	1.42576	9.0	0.29744	1.64549	1.20046	10.0	0.337057	1.85279	1.10185	11.0	0.345447	1.90874	1.0917	12.0	-0.0691013	1.61295	0.955037	13.0	-0.167756	1.64945	0.533863	14.0	-0.156604	1.50549	0.146788	15.0	-0.136268	1.5782	0.0781509	16.0	0.0929134	1.61192	0.941307	17.0	0.0768846	1.55365	0.517621	18.0	0.0160582	1.47401	0.154645	19.0	-0.0214259	1.57281	0.0788183	20.0	0.0179981	1.57555	1.51133	21.0	-0.287291	1.6896	0.813247	22.0	-0.188578	1.67412	0.910505	23.0	0.341846	1.99072	1.06758	24.0	0.311428	1.94898	1.12681
9.131	0.0	0.0364435	1.60487	0.94853	1.0	0.0315652	1.60008	1.27456	2.0	0.0186832	1.6054	1.5898	3.0	0.0928036	1.66705	1.71705	4.0	-0.165483	1.60155	1.46587	5.0	-0.279098	1.60683	1.2016	6.0	-0.304149	1.67436	0.955437	7.0	-0.30519	1.69495	0.889826	8.0	0.20936	1.62317	1.42498	9.0	0.293894	1.67969	1.20286	10.0	0.324591	1.89659	1.12248	11.0	0.327442	1.95207	1.1202	12.0	-0.068895	1.63271	0.955888	13.0	-0.162134	1.69915	0.542315	14.0	-0.145852	1.60516	0.143258	15.0	-0.154883	1.68432	0.0785166	16.0	0.0917969	1.63081	0.94419	17.0	0.104202	1.61366	0.554082	18.0	0.0337961	1.53766	0.143351	19.0	-0.0543547	1.61856	0.0744761	20.0	0.0233628	1.60236	1.51247	21.0	-0.296705	1.70007	0.811927	22.0	-0.245388	1.69742	0.884166	23.0	0.317902	2.03895	1.10262	24.0	0.290662	1.98621	1.15445
9.164	0.0	0.0386361	1.62727	0.947574	1.0	0.034983	1.6254	1.27414	2.0	0.0228624	1.63288	1.59001	3.0	0.0980666	1.69252	1.71685	4.0	-0.160092	1.63348	1.46506	5.0	-0.279482	1.63159	1.19957	6.0	-0.307835	1.69385	0.956067	7.0	-0.307803	1.70843	0.891269	8.0	0.212091	1.65223	1.42376	9.0	0.290548	1.71525	1.2066	10.0	0.309355	1.9395	1.14345	11.0	0.302592	1.99041	1.15147	12.0	-0.0659506	1.65457	0.954367	13.0	-0.152846	1.74574	0.553727	14.0	-0.138959	1.70476	0.139274	15.0	-0.159816	1.78775	0.0783408	16.0	0.0928283	1.65335	0.943867	17.0	0.109617	1.61755	0.557082	18.0	0.0391886	1.54152	0.146331	19.0	0.0133299	1.66731	0.111651	20.0	0.0274047	1.62937	1.51252	21.0	-0.304233	1.70946	0.812256	22.0	-0.251327	1.71125	0.898392	23.0	0.286755	2.07408	1.14423	24.0	0.269965	2.05238	1.1751
9.199	0.0	0.036507	1.65869	0.948185	1.0	0.0367782	1.65413	1.27487	2.0	0.028057	1.65956	1.59072	3.0	0.105929	1.72647	1.71047	4.0	-0.158077	1.66028	1.46418	5.0	-0.279795	1.65403	1.197	6.0	-0.309028	1.70917	0.95693	7.0	-0.309345	1.72378	0.890244	8.0	0.213214	1.67683	1.42293	9.0	0.285886	1.73694	1.20872	10.0	0.287776	1.9685	1.17336	11.0	0.269509	2.02348	1.18789	12.0	-0.0678694	1.68628	0.955035	13.0	-0.142352	1.79724	0.554861	14.0	-0.127862	1.80677	0.146142	15.0	-0.158093	1.90534	0.0798007	16.0	0.0900429	1.68401	0.944435	17.0	0.143711	1.64092	0.565503	18.0	0.0514461	1.52243	0.169725	19.0	0.0261978	1.64848	0.134882	20.0	0.031787	1.65651	1.51325	21.0	-0.294799	1.7228	0.803879	22.0	-0.251226	1.72715	0.90355	23.0	0.246923	2.10248	1.1888	24.0	0.235224	2.03242	1.22173
9.232	0.0	0.0412151	1.68641	0.951464	1.0	0.0413797	1.68444	1.27475	2.0	0.032566	1.69184	1.5869	3.0	0.109699	1.75236	1.70959	4.0	-0.155227	1.68826	1.46202	5.0	-0.280657	1.67996	1.19342	6.0	-0.31068	1.73326	0.954903	7.0	-0.307928	1.7404	0.887024	8.0	0.217398	1.70441	1.42292	9.0	0.28138	1.74087	1.20337	10.0	0.262571	1.97483	1.20586	11.0	0.229286	2.05233	1.23055	12.0	-0.065989	1.71711	0.954615	13.0	-0.135398	1.82547	0.544601	14.0	-0.12141	1.88271	0.15131	15.0	-0.15438	2.00457	0.0884968	16.0	0.0969778	1.70906	0.951142	17.0	0.155376	1.64294	0.578544	18.0	0.0557115	1.52186	0.185092	19.0	-0.0219323	1.57809	0.085803	20.0	0.0363365	1.68837	1.51038	21.0	-0.295732	1.73628	0.798479	22.0	-0.251225	1.7418	0.925799	23.0	0.201541	2.12124	1.24321	24.0	0.191036	2.06336	1.26138
9.264	0.0	0.0611147	1.71182	0.93822	1.0	0.0523186	1.70923	1.2678	2.0	0.0363448	1.71786	1.58511	3.0	0.115474	1.79332	1.70183	4.0	-0.153922	1.724	1.45895	5.0	-0.277769	1.70921	1.18969	6.0	-0.311417	1.74985	0.953315	7.0	-0.309171	1.7593	0.885763	8.0	0.223303	1.73257	1.4173	9.0	0.28094	1.75908	1.19095	10.0	0.237393	1.98482	1.23981	11.0	0.196942	2.06326	1.27236	12.0	-0.0486742	1.74207	0.951824	13.0	-0.110439	1.88218	0.493773	14.0	-0.10602	1.97513	0.147631	15.0	-0.142496	2.09602	0.106716	16.0	0.120272	1.73468	0.925433	17.0	0.0210571	1.52457	0.452218	18.0	0.00032712	1.48093	0.118289	19.0	-0.0180398	1.58735	0.069565	20.0	0.0418361	1.71386	1.50735	21.0	-0.294335	1.7528	0.795575	22.0	-0.253961	1.76498	0.920633	23.0	0.157286	2.13109	1.29413	24.0	0.193463	2.02096	1.30554
9.298	0.0	0.0550006	1.74091	0.932157	1.0	0.0502343	1.74286	1.26204	2.0	0.0370051	1.75346	1.58084	3.0	0.115346	1.82053	1.695	4.0	-0.153288	1.75539	1.45441	5.0	-0.282594	1.73394	1.18327	6.0	-0.312351	1.77792	0.948973	7.0	-0.310627	1.78345	0.886117	8.0	0.221996	1.77273	1.40609	9.0	0.2659	1.85138	1.19276	10.0	0.191976	2.04803	1.29809	11.0	0.159915	2.08294	1.32122	12.0	-0.0553731	1.77355	0.94945	13.0	-0.108351	1.89369	0.49749	14.0	-0.0986126	2.05194	0.147847	15.0	-0.12731	2.17351	0.119309	16.0	0.113485	1.75933	0.918346	17.0	0.0229445	1.53212	0.453147	18.0	0.000951121	1.47983	0.119967	19.0	-0.0171475	1.58706	0.0689574	20.0	0.0418844	1.74934	1.50265	21.0	-0.303292	1.77386	0.798068	22.0	-0.25497	1.7883	0.913359	23.0	0.11765	2.13603	1.35159	24.0	0.143513	2.04687	1.34555
9.331	0.0	0.0429303	1.76703	0.922674	1.0	0.0438164	1.77065	1.25691	2.0	0.0351064	1.78517	1.57955	3.0	0.116934	1.85419	1.6903	4.0	-0.152836	1.79322	1.44782	5.0	-0.285951	1.77116	1.18041	6.0	-0.313375	1.80455	0.945555	7.0	-0.310109	1.80913	0.878122	8.0	0.22362	1.80648	1.38601	9.0	0.281175	1.88282	1.1763	10.0	0.181431	2.04272	1.31638	11.0	0.136472	2.08896	1.36193	12.0	-0.064275	1.79791	0.944332	13.0	-0.106289	1.92055	0.500763	14.0	-0.0936634	2.07956	0.155593	15.0	-0.120159	2.22191	0.129742	16.0	0.0968257	1.78786	0.904191	17.0	0.0253131	1.54536	0.445475	18.0	0.000764748	1.48067	0.121094	19.0	-0.0153743	1.58536	0.0673861	20.0	0.0388853	1.77976	1.50043	21.0	-0.298464	1.80076	0.788615	22.0	-0.254791	1.81482	0.89996	23.0	0.0868431	2.13475	1.39901	24.0	0.144764	2.02666	1.37436
9.365	0.0	0.0420076	1.80862	0.922473	1.0	0.0417995	1.81009	1.25446	2.0	0.0322275	1.81941	1.57528	3.0	0.113938	1.89056	1.68475	4.0	-0.155861	1.82586	1.44417	5.0	-0.29142	1.80556	1.17087	6.0	-0.316833	1.84043	0.941857	7.0	-0.315508	1.84023	0.872169	8.0	0.224248	1.84297	1.37666	9.0	0.280484	1.94615	1.17702	10.0	0.163237	2.05723	1.35214	11.0	0.114338	2.09775	1.40036	12.0	-0.070421	1.84744	0.945345	13.0	-0.12639	1.95356	0.556776	14.0	-0.0971804	2.12134	0.165604	15.0	-0.109881	2.25809	0.128346	16.0	0.100093	1.82093	0.903776	17.0	0.0307175	1.57189	0.451867	18.0	0.000309101	1.48461	0.123412	19.0	-0.0143769	1.58451	0.0669726	20.0	0.0362299	1.81563	1.4966	21.0	-0.304507	1.82775	0.781863	22.0	-0.26195	1.84753	0.890719	23.0	0.0568645	2.12913	1.44314	24.0	0.0768507	2.06404	1.41813
9.399	0.0	0.0161183	1.85536	0.915581	1.0	0.0267298	1.85191	1.24932	2.0	0.0266131	1.85665	1.57131	3.0	0.105419	1.92236	1.68047	4.0	-0.160384	1.86854	1.43617	5.0	-0.297648	1.84412	1.16139	6.0	-0.320709	1.87759	0.932138	7.0	-0.317759	1.87537	0.862469	8.0	0.221001	1.88963	1.36697	9.0	0.290522	1.98784	1.17038	10.0	0.160473	2.06456	1.35809	11.0	0.102932	2.10441	1.4257	12.0	-0.0964373	1.89043	0.941038	13.0	-0.115634	1.97188	0.547661	14.0	-0.078032	2.10427	0.14515	15.0	-0.0971319	2.24644	0.120603	16.0	0.0749859	1.87024	0.89458	17.0	0.031987	1.59511	0.459965	18.0	-0.00158889	1.49006	0.1255	19.0	-0.0139679	1.58295	0.0674855	20.0	0.0284852	1.8537	1.49244	21.0	-0.296261	1.86082	0.77103	22.0	-0.265972	1.88491	0.889799	23.0	0.0415308	2.13153	1.47269	24.0	0.0821889	2.06453	1.43114
9.432	0.0	0.00955926	1.88918	0.916411	1.0	0.020463	1.89041	1.24705	2.0	0.0214321	1.90131	1.56539	3.0	0.0923975	1.96372	1.67782	4.0	-0.166355	1.90457	1.43037	5.0	-0.303091	1.88708	1.15058	6.0	-0.325989	1.91803	0.919783	7.0	-0.323207	1.91385	0.850558	8.0	0.218369	1.92337	1.36693	9.0	0.268576	2.06649	1.18949	10.0	0.145002	2.079	1.38532	11.0	0.0770128	2.11883	1.46076	12.0	-0.104482	1.92432	0.941851	13.0	-0.131402	1.95337	0.544961	14.0	-0.0842206	2.08241	0.142686	15.0	-0.0901513	2.22194	0.113609	16.0	0.0694128	1.90349	0.895457	17.0	0.0338594	1.6195	0.466855	18.0	-0.00198204	1.49274	0.126302	19.0	-0.0130395	1.58306	0.0676693	20.0	0.0228354	1.89725	1.48744	21.0	-0.306247	1.90219	0.759787	22.0	-0.270088	1.92351	0.892699	23.0	0.0242604	2.13397	1.50192	24.0	0.0433873	2.0228	1.53883
9.465	0.0	0.00950116	1.91418	0.91971	1.0	0.0184557	1.9243	1.2505	2.0	0.0168797	1.94349	1.56915	3.0	0.0839228	2.00501	1.68465	4.0	-0.173552	1.94473	1.42778	5.0	-0.305839	1.9259	1.14455	6.0	-0.325556	1.95654	0.912396	7.0	-0.326075	1.95547	0.848305	8.0	0.216986	1.96667	1.36175	9.0	0.285408	2.08057	1.1727	10.0	0.104043	2.13201	1.42286	11.0	0.0653936	2.13679	1.47763	12.0	-0.105748	1.94836	0.944725	13.0	-0.138783	1.95679	0.548301	14.0	-0.0887054	2.0858	0.1464	15.0	-0.0909908	2.22268	0.112243	16.0	0.0701814	1.92901	0.899115	17.0	0.03707	1.64199	0.46767	18.0	-0.00158484	1.49878	0.12515	19.0	-0.00849248	1.59051	0.0682174	20.0	0.0190377	1.93702	1.49111	21.0	-0.319414	1.94871	0.760413	22.0	-0.273609	1.96684	0.865117	23.0	0.00823549	2.1509	1.51998	24.0	0.0435157	2.05544	1.53705
9.499	0.0	-0.00307713	1.96862	0.927305	1.0	0.0100339	1.97665	1.25365	2.0	0.0129869	1.99172	1.56796	3.0	0.0711026	2.05752	1.68238	4.0	-0.182983	1.98562	1.4302	5.0	-0.307223	1.97242	1.14445	6.0	-0.3276	2.00415	0.911707	7.0	-0.32586	1.99969	0.846959	8.0	0.207489	2.02206	1.37214	9.0	0.229775	2.20789	1.22811	10.0	0.0830937	2.15879	1.45775	11.0	0.0467851	2.15843	1.50204	12.0	-0.119887	2.00119	0.953447	13.0	-0.0944498	2.08875	0.502274	14.0	-0.0618373	2.18231	0.117095	15.0	-0.0785469	2.27565	0.0742855	16.0	0.0583813	1.98418	0.905409	17.0	0.0415411	1.68132	0.485953	18.0	-0.000668671	1.50382	0.122607	19.0	-0.00662112	1.59771	0.0687564	20.0	0.0139356	1.9872	1.491	21.0	-0.315	1.9929	0.760608	22.0	-0.273215	2.01148	0.861819	23.0	-0.0203254	2.1348	1.61831	24.0	0.0339112	2.06773	1.52516
9.531	0.0	-0.0150899	2.00133	0.929161	1.0	0.0010762	2.00956	1.25673	2.0	0.0065815	2.02683	1.5721	3.0	0.0620526	2.09199	1.6885	4.0	-0.190753	2.01902	1.4363	5.0	-0.308881	2.00626	1.14908	6.0	-0.324167	2.03953	0.913726	7.0	-0.322569	2.04333	0.84899	8.0	0.203879	2.05737	1.36477	9.0	0.071274	2.21168	1.49183	10.0	-0.0752466	2.14272	1.65451	11.0	-0.0531238	2.12031	1.7053	12.0	-0.129646	2.02745	0.955503	13.0	-0.0980632	2.10143	0.505299	14.0	-0.0625751	2.18275	0.117108	15.0	-0.0801128	2.27714	0.0755226	16.0	0.0434435	2.02355	0.906975	17.0	0.0483109	1.71265	0.495459	18.0	0.00263255	1.51138	0.120966	19.0	-0.00317575	1.60354	0.0688453	20.0	0.00704952	2.02068	1.49486	21.0	-0.311758	2.04027	0.762909	22.0	-0.273158	2.05758	0.868671	23.0	-0.0637931	2.0896	1.76072	24.0	-0.0914282	2.05718	1.66185
9.564	0.0	-0.0215448	2.03413	0.940321	1.0	-0.00784677	2.04407	1.2643	2.0	-0.00457981	2.06175	1.5757	3.0	0.0490475	2.13408	1.68583	4.0	-0.198021	2.05686	1.44097	5.0	-0.313069	2.04698	1.15407	6.0	-0.320084	2.09004	0.917573	7.0	-0.31523	2.08746	0.855203	8.0	0.193274	2.10363	1.3843	9.0	0.0497537	2.24513	1.51432	10.0	-0.0646404	2.13233	1.67445	11.0	-0.0703035	2.14768	1.70791	12.0	-0.138912	2.0648	0.963811	13.0	-0.106641	2.12536	0.571765	14.0	-0.0672865	2.17922	0.152791	15.0	-0.0810619	2.27039	0.0804695	16.0	0.0392655	2.05104	0.920298	17.0	0.0538466	1.7394	0.509225	18.0	0.0146121	1.53783	0.134944	19.0	0.0123893	1.62049	0.0706987	20.0	-0.00372311	2.05623	1.49957	21.0	-0.304434	2.0846	0.76619	22.0	-0.266347	2.10264	0.828868	23.0	-0.0750159	2.12107	1.76753	24.0	-0.0944008	2.07706	1.67184
9.598	0.0	-0.00662058	2.06089	0.946603	1.0	-0.00183564	2.07589	1.27027	2.0	-0.00853813	2.10248	1.58196	3.0	0.0402676	2.172	1.69678	4.0	-0.203594	2.08917	1.44599	5.0	-0.31556	2.07874	1.16077	6.0	-0.316774	2.12425	0.928792	7.0	-0.30574	2.13114	0.860746	8.0	0.178778	2.14296	1.39738	9.0	0.0436005	2.29283	1.52666	10.0	-0.107413	2.16934	1.64624	11.0	-0.0839887	2.17008	1.70133	12.0	-0.127861	2.0887	0.965218	13.0	-0.105471	2.1331	0.56043	14.0	-0.0666659	2.18211	0.140709	15.0	-0.0811967	2.27104	0.0797091	16.0	0.0583829	2.08008	0.932499	17.0	0.0737701	1.77652	0.514125	18.0	0.0308123	1.57247	0.140326	19.0	0.0364394	1.67172	0.061074	20.0	-0.0048553	2.09394	1.50568	21.0	-0.295982	2.12848	0.776316	22.0	-0.262871	2.1496	0.881028	23.0	-0.0905169	2.1603	1.76634	24.0	-0.10364	2.10139	1.64167
9.631	0.0	-0.011324	2.0836	0.94986	1.0	-0.0073194	2.1015	1.27309	2.0	-0.0136137	2.12556	1.58361	3.0	0.0342926	2.20585	1.68987	4.0	-0.210846	2.12005	1.45234	5.0	-0.315975	2.11303	1.16576	6.0	-0.309452	2.1707	0.940333	7.0	-0.295867	2.17326	0.872802	8.0	0.183369	2.15436	1.3926	9.0	0.0245229	2.30912	1.56729	10.0	0.14469	2.26899	1.38377	11.0	0.175044	2.23444	1.34486	12.0	-0.131115	2.11239	0.967607	13.0	-0.105317	2.13772	0.55866	14.0	-0.0648187	2.18605	0.138576	15.0	-0.0810421	2.27019	0.0788006	16.0	0.0515387	2.10072	0.935909	17.0	0.0846485	1.79279	0.523612	18.0	0.0504791	1.5911	0.162219	19.0	0.0587879	1.68714	0.102121	20.0	-0.0102796	2.11846	1.50771	21.0	-0.280022	2.17463	0.786526	22.0	-0.252469	2.19024	0.897944	23.0	0.222112	2.22819	1.26843	24.0	0.18284	2.306	1.35258
9.665	0.0	-0.0189462	2.09909	0.9511	1.0	-0.0160823	2.12703	1.27729	2.0	-0.0241612	2.16649	1.59204	3.0	0.0301411	2.24146	1.70249	4.0	-0.215775	2.15207	1.45681	5.0	-0.316241	2.1476	1.16811	6.0	-0.304248	2.20095	0.944688	7.0	-0.287142	2.21254	0.881279	8.0	0.179593	2.19106	1.40175	9.0	0.0246415	2.31324	1.5665	10.0	0.148028	2.28335	1.3829	11.0	0.175202	2.25582	1.34541	12.0	-0.138566	2.12919	0.96588	13.0	-0.101162	2.16633	0.573694	14.0	-0.0637479	2.18553	0.150895	15.0	-0.0812416	2.27066	0.0784433	16.0	0.0431462	2.11518	0.939893	17.0	0.0883927	1.80632	0.529915	18.0	0.095294	1.64203	0.157329	19.0	0.101319	1.72171	0.0995064	20.0	-0.0203003	2.15483	1.51496	21.0	-0.262428	2.2197	0.793949	22.0	-0.247436	2.22619	0.926154	23.0	0.229383	2.2527	1.26797	24.0	0.188077	2.32664	1.34982
9.699	0.0	-0.0627747	2.14552	0.95962	1.0	-0.0402164	2.16716	1.28648	2.0	-0.0280589	2.18721	1.59755	3.0	0.0244692	2.26808	1.70192	4.0	-0.221376	2.18092	1.46146	5.0	-0.318947	2.17593	1.17457	6.0	-0.297399	2.23599	0.94938	7.0	-0.278789	2.25049	0.883514	8.0	0.179778	2.20983	1.40379	9.0	0.0248987	2.3501	1.56061	10.0	0.148558	2.29865	1.38305	11.0	0.171975	2.27054	1.34223	12.0	-0.180512	2.17789	0.973902	13.0	-0.107764	2.17229	0.581362	14.0	-0.0671545	2.1844	0.158498	15.0	-0.0813323	2.27082	0.0783863	16.0	-0.00270331	2.15853	0.948677	17.0	0.0916445	1.85035	0.551389	18.0	0.137349	1.68492	0.161716	19.0	0.149001	1.76832	0.110609	20.0	-0.0281477	2.18027	1.52148	21.0	-0.250372	2.25598	0.801195	22.0	-0.235162	2.26172	0.921753	23.0	0.227936	2.25332	1.26875	24.0	0.202169	2.33948	1.3517
9.732	0.0	-0.0619355	2.16309	0.966134	1.0	-0.0431187	2.18521	1.29157	2.0	-0.0374274	2.21858	1.60419	3.0	0.0203298	2.2982	1.71061	4.0	-0.227027	2.2078	1.46336	5.0	-0.319773	2.20794	1.1752	6.0	-0.294615	2.26669	0.952867	7.0	-0.272791	2.2853	0.883454	8.0	0.174211	2.23134	1.40167	9.0	0.0286261	2.37509	1.55631	10.0	0.151199	2.32134	1.37871	11.0	0.172752	2.28779	1.33925	12.0	-0.183703	2.20132	0.979315	13.0	-0.109109	2.17714	0.577851	14.0	-0.0669687	2.18508	0.154866	15.0	-0.0787107	2.25875	0.0731436	16.0	0.00102702	2.17156	0.956022	17.0	0.104566	1.87511	0.551866	18.0	0.179642	1.72623	0.146802	19.0	0.184835	1.79912	0.0849554	20.0	-0.0367064	2.20922	1.528	21.0	-0.235192	2.29373	0.80461	22.0	-0.27442	2.32456	0.861484	23.0	0.234903	2.27915	1.26465	24.0	0.0785728	2.26979	1.2687
9.764	0.0	-0.0620862	2.18195	0.963144	1.0	-0.0482053	2.20713	1.29286	2.0	-0.0462301	2.23922	1.60944	3.0	0.014503	2.32129	1.71304	4.0	-0.232208	2.23485	1.46451	5.0	-0.322142	2.23639	1.1729	6.0	-0.291847	2.29745	0.953556	7.0	-0.270235	2.31685	0.887586	8.0	0.160663	2.24671	1.41214	9.0	0.088373	2.46114	1.48955	10.0	0.156684	2.29293	1.36405	11.0	0.147146	2.28176	1.32759	12.0	-0.182853	2.21867	0.975587	13.0	-0.111416	2.18843	0.573581	14.0	-0.0669785	2.18649	0.151052	15.0	-0.0790809	2.25882	0.0729444	16.0	1.23027e-05	2.1895	0.954082	17.0	0.118006	1.89871	0.550779	18.0	0.172931	1.83141	0.253283	19.0	0.145095	1.95284	0.214256	20.0	-0.0447323	2.22993	1.53217	21.0	-0.235081	2.32806	0.811386	22.0	-0.274038	2.35127	0.901215	23.0	0.208595	2.23869	1.26644	24.0	0.0501959	2.29597	1.26072
9.798	0.0	-0.0606666	2.21229	0.960921	1.0	-0.0518488	2.23348	1.29327	2.0	-0.0540807	2.26276	1.61166	3.0	0.010752	2.34303	1.71746	4.0	-0.23512	2.25748	1.46733	5.0	-0.323861	2.26084	1.17067	6.0	-0.288111	2.32657	0.953647	7.0	-0.269324	2.34407	0.892322	8.0	0.15975	2.25449	1.4142	9.0	0.0870547	2.46528	1.50002	10.0	0.165676	2.32641	1.34645	11.0	0.162671	2.30542	1.31566	12.0	-0.180727	2.25588	0.971708	13.0	-0.111899	2.20051	0.564751	14.0	-0.0662497	2.18847	0.143361	15.0	-0.0788653	2.25905	0.0723818	16.0	0.000561124	2.21335	0.953215	17.0	0.124343	1.92908	0.546919	18.0	0.20232	1.86337	0.25552	19.0	0.17785	1.98445	0.216678	20.0	-0.0516768	2.25423	1.53397	21.0	-0.23334	2.35546	0.813078	22.0	-0.267179	2.38455	0.876418	23.0	0.228615	2.26984	1.25548	24.0	0.0485396	2.31765	1.24638
9.831	0.0	-0.0611149	2.22697	0.9603	1.0	-0.055686	2.25306	1.2949	2.0	-0.0623927	2.28704	1.61606	3.0	0.0132599	2.37241	1.71257	4.0	-0.237993	2.28008	1.46691	5.0	-0.323375	2.28317	1.17009	6.0	-0.287063	2.35142	0.953887	7.0	-0.266633	2.37012	0.893944	8.0	0.142451	2.27467	1.42481	9.0	0.159382	2.50997	1.41152	10.0	0.186304	2.7879	1.39705	11.0	0.198272	2.87532	1.39312	12.0	-0.180639	2.26545	0.970391	13.0	-0.112686	2.20811	0.563929	14.0	-0.0659374	2.18917	0.142688	15.0	-0.0794035	2.25963	0.0731164	16.0	-0.000958688	2.23281	0.953854	17.0	0.126488	1.94852	0.548899	18.0	0.355922	1.97777	0.159843	19.0	0.399627	2.03987	0.126329	20.0	-0.0587844	2.2773	1.53764	21.0	-0.231481	2.38528	0.816022	22.0	-0.270171	2.40787	0.896602	23.0	0.263189	2.83696	1.33232	24.0	0.0817957	2.88146	1.32256
9.864	0.0	-0.0607856	2.24361	0.960173	1.0	-0.056989	2.27097	1.29603	2.0	-0.0648963	2.30511	1.61796	3.0	0.0146749	2.39119	1.71251	4.0	-0.241051	2.30445	1.46485	5.0	-0.323718	2.3153	1.16492	6.0	-0.285504	2.37717	0.94758	7.0	-0.268661	2.39249	0.893487	8.0	0.0934599	2.29938	1.46484	9.0	0.224119	2.34354	1.28863	10.0	0.138062	2.50537	1.4335	11.0	0.122885	2.53831	1.41954	12.0	-0.179406	2.28158	0.965886	13.0	-0.113694	2.2165	0.563035	14.0	-0.0656244	2.1906	0.142078	15.0	-0.0786867	2.25853	0.0731312	16.0	-0.00174332	2.24958	0.958032	17.0	0.132299	1.97027	0.551813	18.0	0.354242	1.98125	0.160739	19.0	0.400124	2.10295	0.155173	20.0	-0.0610493	2.29545	1.53941	21.0	-0.23222	2.40456	0.81177	22.0	-0.240613	2.41931	0.914505	23.0	0.0986221	2.56275	1.44911	24.0	0.0999904	2.54421	1.44775
9.898	0.0	-0.0582106	2.26678	0.960011	1.0	-0.0567267	2.29437	1.29618	2.0	-0.0667885	2.32894	1.61813	3.0	0.0132715	2.41213	1.71747	4.0	-0.242019	2.32575	1.4621	5.0	-0.323264	2.33743	1.15964	6.0	-0.285921	2.39929	0.942152	7.0	-0.268886	2.41459	0.892513	8.0	0.0821897	2.30278	1.521	9.0	0.226745	2.34903	1.29673	10.0	0.196366	2.57423	1.3496	11.0	0.170855	2.5748	1.3599	12.0	-0.170617	2.30621	0.961035	13.0	-0.114925	2.22177	0.560839	14.0	-0.0651737	2.19095	0.140444	15.0	-0.0790919	2.2584	0.0737664	16.0	-0.00518066	2.27161	0.96212	17.0	0.126381	1.99865	0.54975	18.0	0.346542	2.06334	0.210694	19.0	0.400671	2.17085	0.179744	20.0	-0.0624127	2.31915	1.5396	21.0	-0.229747	2.42285	0.806325	22.0	-0.239505	2.43206	0.933571	23.0	0.156686	2.61397	1.34203	24.0	0.151268	2.57654	1.38381
9.932	0.0	-0.063539	2.28202	0.958723	1.0	-0.059709	2.31132	1.29517	2.0	-0.0672985	2.34774	1.61719	3.0	0.017414	2.43743	1.70537	4.0	-0.242653	2.34631	1.45981	5.0	-0.321516	2.36092	1.15902	6.0	-0.285891	2.42229	0.941065	7.0	-0.267631	2.43343	0.888167	8.0	0.085918	2.30934	1.51889	9.0	0.245728	2.34723	1.27226	10.0	0.270645	2.5759	1.24479	11.0	0.225566	2.59214	1.28709	12.0	-0.173201	2.31603	0.959885	13.0	-0.113771	2.23148	0.552755	14.0	-0.0638417	2.1908	0.136701	15.0	-0.0790636	2.2605	0.072163	16.0	-0.0143504	2.29096	0.961064	17.0	0.11578	2.01456	0.550493	18.0	0.347089	2.12779	0.247587	19.0	0.396698	2.22764	0.198598	20.0	-0.0635597	2.33749	1.53866	21.0	-0.238748	2.43831	0.807243	22.0	-0.23167	2.45468	0.91343	23.0	0.203889	2.61418	1.27313	24.0	0.210832	2.59928	1.31075
9.965	0.0	-0.0673564	2.29867	0.951332	1.0	-0.0617397	2.32953	1.2912	2.0	-0.0677422	2.36764	1.61644	3.0	0.0193068	2.45699	1.70471	4.0	-0.242849	2.36607	1.45766	5.0	-0.320046	2.38714	1.15584	6.0	-0.284596	2.44601	0.937279	7.0	-0.245927	2.43595	0.891853	8.0	0.0891462	2.32723	1.51653	9.0	0.253206	2.34706	1.26072	10.0	0.311396	2.55039	1.17041	11.0	0.276835	2.56805	1.21186	12.0	-0.171936	2.32289	0.952859	13.0	-0.0606602	2.25338	0.555637	14.0	-0.0636178	2.19244	0.137045	15.0	-0.0791709	2.26069	0.0715941	16.0	-0.0274051	2.32271	0.954397	17.0	0.105998	2.03964	0.550213	18.0	0.350716	2.19259	0.261443	19.0	0.39352	2.30357	0.222512	20.0	-0.0643855	2.35697	1.53711	21.0	-0.236798	2.45973	0.804047	22.0	-0.162273	2.45185	0.919557	23.0	0.248929	2.59275	1.1823	24.0	0.281294	2.57665	1.24069
9.999	0.0	-0.066954	2.32249	0.949928	1.0	-0.0618524	2.35163	1.28957	2.0	-0.0684142	2.38709	1.61454	3.0	0.0184021	2.47832	1.7008	4.0	-0.242323	2.38557	1.45426	5.0	-0.317846	2.40759	1.15187	6.0	-0.282706	2.47148	0.934535	7.0	-0.242077	2.45864	0.891208	8.0	0.0899579	2.34674	1.5139	9.0	0.248737	2.3497	1.25436	10.0	0.351277	2.4827	1.10252	11.0	0.317044	2.54151	1.13161	12.0	-0.170678	2.34855	0.949504	13.0	-0.0090174	2.26671	0.558686	14.0	-0.0628428	2.19399	0.140367	15.0	-0.0793359	2.26012	0.0735279	16.0	-0.0258495	2.33655	0.954341	17.0	0.109246	2.06101	0.545047	18.0	0.370696	2.27998	0.320448	19.0	0.354139	2.39425	0.279537	20.0	-0.0649087	2.37716	1.5353	21.0	-0.238836	2.47438	0.801868	22.0	-0.162078	2.47953	0.91676	23.0	0.327155	2.55237	1.11236	24.0	0.322185	2.55269	1.1402
10.032	0.0	-0.0702987	2.33728	0.946348	1.0	-0.063723	2.36956	1.28644	2.0	-0.0687353	2.40873	1.61175	3.0	0.017511	2.49987	1.69954	4.0	-0.242781	2.40792	1.45015	5.0	-0.315359	2.43034	1.15336	6.0	-0.279768	2.49809	0.937172	7.0	-0.239754	2.4875	0.890719	8.0	0.0901987	2.36825	1.51082	9.0	0.242076	2.35593	1.24756	10.0	0.357729	2.42643	1.06905	11.0	0.355896	2.48611	1.08771	12.0	-0.172247	2.35736	0.947758	13.0	-0.0103779	2.27825	0.56539	14.0	-0.0625272	2.19629	0.148205	15.0	-0.0792994	2.25815	0.0768044	16.0	-0.0306967	2.35927	0.948381	17.0	-0.112962	2.27359	0.567666	18.0	0.110059	2.55908	0.457884	19.0	0.175329	2.5421	0.389336	20.0	-0.0656211	2.39784	1.53244	21.0	-0.241124	2.49142	0.798592	22.0	-0.161843	2.50754	0.919252	23.0	0.359193	2.52392	1.07511	24.0	0.391185	2.49003	1.11891
10.065	0.0	-0.0713807	2.34841	0.944858	1.0	-0.06331	2.3862	1.2844	2.0	-0.0665969	2.43113	1.60899	3.0	0.0174929	2.52359	1.69697	4.0	-0.240725	2.42462	1.44693	5.0	-0.311942	2.45701	1.15441	6.0	-0.27427	2.5259	0.93902	7.0	-0.236893	2.51672	0.892517	8.0	0.0924986	2.39059	1.50794	9.0	0.243993	2.36909	1.24545	10.0	0.350448	2.39332	1.05069	11.0	0.373559	2.42492	1.0346	12.0	-0.172773	2.36336	0.946274	13.0	-0.0200506	2.29574	0.564717	14.0	-0.0743253	2.19874	0.191715	15.0	-0.079648	2.25457	0.0846541	16.0	-0.0319555	2.37506	0.94762	17.0	0.220158	2.38257	0.613762	18.0	0.383947	2.46058	0.279679	19.0	0.365559	2.57199	0.238262	20.0	-0.0639146	2.41882	1.52988	21.0	-0.223778	2.51289	0.792884	22.0	-0.157551	2.53283	0.921393	23.0	0.404435	2.45229	1.00241	24.0	0.400856	2.42461	1.07115
10.099	0.0	-0.062797	2.37674	0.943481	1.0	-0.0581204	2.40985	1.28183	2.0	-0.0648145	2.44931	1.60563	3.0	0.0219947	2.54422	1.68864	4.0	-0.23944	2.44443	1.44217	5.0	-0.307355	2.48134	1.14934	6.0	-0.26089	2.55437	0.937445	7.0	-0.23698	2.54508	0.89884	8.0	0.0942953	2.40869	1.50453	9.0	0.245954	2.38808	1.24208	10.0	0.373876	2.36853	1.00212	11.0	0.393916	2.37734	0.975447	12.0	-0.166698	2.38841	0.941883	13.0	-0.109916	2.29087	0.544852	14.0	-0.0619341	2.20144	0.136117	15.0	-0.0790734	2.2642	0.0673458	16.0	-0.0208497	2.40457	0.94959	17.0	0.200899	2.43016	0.642067	18.0	0.348217	2.50908	0.312414	19.0	0.329838	2.62041	0.271468	20.0	-0.0613054	2.43838	1.52668	21.0	-0.232004	2.54633	0.797511	22.0	-0.150499	2.55603	0.927963	23.0	0.403036	2.37363	0.950881	24.0	0.432324	2.39254	0.995352
10.132	0.0	-0.0619748	2.39379	0.942589	1.0	-0.0561142	2.42938	1.27915	2.0	-0.0620216	2.47109	1.60071	3.0	0.0218169	2.56478	1.68867	4.0	-0.236126	2.46297	1.43622	5.0	-0.302709	2.50368	1.14701	6.0	-0.257563	2.58001	0.935881	7.0	-0.235998	2.56779	0.896755	8.0	0.0970541	2.43039	1.49958	9.0	0.248673	2.40937	1.23722	10.0	0.375057	2.3772	0.99993	11.0	0.430502	2.40625	0.938006	12.0	-0.166659	2.40607	0.940432	13.0	-0.110401	2.29317	0.54596	14.0	-0.062199	2.20166	0.136694	15.0	-0.0787216	2.26486	0.0682031	16.0	-0.0195705	2.4204	0.9491	17.0	0.191622	2.47013	0.64187	18.0	0.448596	2.50544	0.3104	19.0	0.437531	2.61708	0.258284	20.0	-0.0586432	2.45969	1.52236	21.0	-0.224101	2.57274	0.793511	22.0	-0.142984	2.57813	0.92356	23.0	0.439541	2.40236	0.913613	24.0	0.46873	2.42104	0.958303
10.165	0.0	-0.00801373	2.42022	0.919172	1.0	-0.0318819	2.45304	1.26537	2.0	-0.0597149	2.48997	1.59496	3.0	0.0250991	2.58728	1.67694	4.0	-0.233371	2.48355	1.42998	5.0	-0.295549	2.53251	1.1364	6.0	-0.248689	2.61365	0.927548	7.0	-0.226955	2.60194	0.876624	8.0	0.0993113	2.4492	1.49382	9.0	0.250853	2.42811	1.23149	10.0	0.377407	2.39697	0.99372	11.0	0.432845	2.42603	0.931795	12.0	-0.112934	2.42949	0.926371	13.0	-0.110714	2.30344	0.548789	14.0	-0.0625224	2.20271	0.139291	15.0	-0.0794042	2.26433	0.0700327	16.0	0.0336831	2.44801	0.917096	17.0	0.205102	2.52318	0.585261	18.0	0.419073	2.587	0.227044	19.0	0.407003	2.69876	0.176382	20.0	-0.0521343	2.47891	1.51523	21.0	-0.213794	2.60841	0.791271	22.0	-0.135421	2.61169	0.903653	23.0	0.441848	2.42205	0.907433	24.0	0.470991	2.44063	0.952161
10.199	0.0	-0.00111978	2.43585	0.919673	1.0	-0.0236096	2.47039	1.26263	2.0	-0.0553806	2.51022	1.58996	3.0	0.0247829	2.6122	1.66674	4.0	-0.229579	2.50291	1.42386	5.0	-0.290806	2.55643	1.12646	6.0	-0.246314	2.64507	0.919944	7.0	-0.22545	2.62534	0.889204	8.0	0.103585	2.46937	1.48882	9.0	0.255022	2.4481	1.22651	10.0	0.381488	2.41652	0.988809	11.0	0.436919	2.44557	0.926884	12.0	-0.104588	2.44818	0.924238	13.0	-0.112244	2.31323	0.551254	14.0	-0.0631425	2.20507	0.143946	15.0	-0.0810069	2.26426	0.0734786	16.0	0.0390924	2.46061	0.91975	17.0	0.184061	2.55824	0.576392	18.0	0.369241	2.64668	0.205899	19.0	0.356168	2.75828	0.15521	20.0	-0.0457231	2.4996	1.51026	21.0	-0.200531	2.64823	0.7947	22.0	-0.197829	2.54294	0.899549	23.0	0.445885	2.44151	0.902546	24.0	0.474982	2.45998	0.947305
10.231	0.0	0.0291811	2.47292	0.918926	1.0	-0.00576471	2.50003	1.25699	2.0	-0.0490367	2.53507	1.5816	3.0	0.0233891	2.63516	1.66701	4.0	-0.226179	2.52166	1.4169	5.0	-0.281518	2.58588	1.11643	6.0	-0.238373	2.67571	0.910213	7.0	-0.215219	2.65953	0.886909	8.0	0.0989735	2.51671	1.51016	9.0	0.25034	2.49502	1.24754	10.0	0.376767	2.46324	1.00961	11.0	0.432193	2.4923	0.947676	12.0	-0.070916	2.48065	0.91653	13.0	-0.113238	2.329	0.55822	14.0	-0.06436	2.20917	0.154348	15.0	-0.0811967	2.26361	0.0750601	16.0	0.0654612	2.50091	0.926459	17.0	0.180456	2.60667	0.493501	18.0	0.290838	2.68038	0.149546	19.0	0.263949	2.79022	0.112526	20.0	-0.0366847	2.52497	1.50254	21.0	-0.187324	2.69125	0.798858	22.0	-0.185478	2.58096	0.894055	23.0	0.441078	2.48806	0.923243	24.0	0.47007	2.5063	0.967886
10.265	0.0	0.0271067	2.49511	0.908177	1.0	-0.00214299	2.5241	1.24793	2.0	-0.0425213	2.55938	1.57377	3.0	0.0235886	2.66249	1.65698	4.0	-0.219352	2.54339	1.4085	5.0	-0.275728	2.60541	1.1124	6.0	-0.225865	2.71101	0.915376	7.0	-0.204352	2.69503	0.884301	8.0	0.10014	2.56404	1.46907	9.0	0.251147	2.54204	1.20673	10.0	0.377382	2.51003	0.969037	11.0	0.432785	2.53909	0.907106	12.0	-0.074466	2.49418	0.908663	13.0	-0.111395	2.33969	0.552624	14.0	-0.0646626	2.21014	0.152268	15.0	-0.081016	2.26358	0.0752173	16.0	0.0647873	2.53215	0.913012	17.0	0.143168	2.5967	0.536687	18.0	0.256802	2.65113	0.131279	19.0	0.226185	2.76276	0.0816687	20.0	-0.0305153	2.54975	1.49427	21.0	-0.178106	2.72314	0.796274	22.0	-0.169227	2.61207	0.892075	23.0	0.441598	2.53466	0.88287	24.0	0.470505	2.55265	0.927766
10.299	0.0	0.0111061	2.52859	0.910696	1.0	-0.00311577	2.55075	1.24465	2.0	-0.0314488	2.58529	1.56427	3.0	0.0209009	2.68129	1.6625	4.0	-0.212772	2.56619	1.40203	5.0	-0.268189	2.63126	1.11064	6.0	-0.218835	2.74219	0.916377	7.0	-0.203817	2.72989	0.893011	8.0	0.10922	2.57737	1.48404	9.0	0.260212	2.55519	1.22158	10.0	0.386428	2.52307	0.983793	11.0	0.44183	2.55213	0.921859	12.0	-0.0876302	2.51886	0.906319	13.0	-0.107989	2.36042	0.55277	14.0	-0.063403	2.21698	0.157696	15.0	-0.0809493	2.26364	0.0754305	16.0	0.0445423	2.57257	0.921837	17.0	0.116937	2.5881	0.541061	18.0	0.224527	2.59033	0.131657	19.0	0.197117	2.70171	0.082366	20.0	-0.0227044	2.57515	1.4866	21.0	-0.178993	2.75423	0.799276	22.0	-0.162869	2.63609	0.905988	23.0	0.450613	2.54763	0.897552	24.0	0.479478	2.56553	0.942356
10.331	0.0	-0.0140762	2.53739	0.884491	1.0	-0.0114407	2.56798	1.22855	2.0	-0.0267545	2.60752	1.55323	3.0	0.0288027	2.69837	1.65874	4.0	-0.204344	2.59082	1.3925	5.0	-0.263893	2.65078	1.11504	6.0	-0.214177	2.77895	0.931354	7.0	-0.211772	2.7667	0.889582	8.0	0.0876414	2.65252	1.4003	9.0	0.238054	2.6299	1.1384	10.0	0.363975	2.59746	0.901099	11.0	0.419337	2.62652	0.839174	12.0	-0.109649	2.52099	0.892714	13.0	-0.103026	2.38346	0.532402	14.0	-0.0608544	2.21741	0.146572	15.0	-0.0799034	2.26664	0.0722472	16.0	0.0162158	2.58955	0.879253	17.0	0.12605	2.60959	0.513097	18.0	0.274358	2.61634	0.11855	19.0	0.230221	2.72529	0.0695108	20.0	-0.0210208	2.59626	1.47435	21.0	-0.192313	2.77291	0.811776	22.0	-0.17225	2.7145	0.896176	23.0	0.428039	2.62173	0.81528	24.0	0.456815	2.63927	0.860616
