41.569	0.0	-0.0530298	-0.412791	0.846148	1.0	-0.0652421	-0.418223	1.15185	2.0	-0.0819499	-0.410333	1.45122	3.0	-0.0647458	-0.400309	1.58939	4.0	-0.248181	-0.427427	1.32019	5.0	-0.303314	-0.464334	1.07177	6.0	-0.299565	-0.41403	0.84993	7.0	-0.295015	-0.392998	0.7965	8.0	0.0934594	-0.382578	1.31513	9.0	0.154996	-0.363554	1.06578	10.0	0.177931	-0.292726	0.860098	11.0	0.168806	-0.242802	0.810522	12.0	-0.143074	-0.386224	0.850434	13.0	-0.152353	-0.252701	0.574739	14.0	-0.148245	-0.106617	0.162259	15.0	-0.160217	0.0157904	0.106323	16.0	0.00930163	-0.371208	0.845528	17.0	0.0330474	-0.412338	0.563901	18.0	0.011219	-0.51696	0.157876	19.0	-0.0527483	-0.367938	0.135386	20.0	-0.0769227	-0.414594	1.37718	21.0	-0.302207	-0.393116	0.735228	22.0	-0.329559	-0.384192	0.788073	23.0	0.168153	-0.219044	0.767029	24.0	0.174235	-0.223119	0.827877
41.605	0.0	-0.0587187	-0.383884	0.842273	1.0	-0.0709887	-0.383625	1.14254	2.0	-0.0874899	-0.372237	1.43693	3.0	-0.0761975	-0.360889	1.58559	4.0	-0.252439	-0.382176	1.30498	5.0	-0.306402	-0.413945	1.05408	6.0	-0.301617	-0.37265	0.840019	7.0	-0.295844	-0.358726	0.790076	8.0	0.0907003	-0.347609	1.30952	9.0	0.151167	-0.331652	1.05582	10.0	0.174968	-0.249451	0.853733	11.0	0.162444	-0.207335	0.807975	12.0	-0.147798	-0.360083	0.845044	13.0	-0.162311	-0.213827	0.569813	14.0	-0.149512	-0.101272	0.162023	15.0	-0.159574	0.0305865	0.101049	16.0	0.00264584	-0.33988	0.843396	17.0	0.0313946	-0.357438	0.556595	18.0	0.0073556	-0.442821	0.247687	19.0	-0.044108	-0.292332	0.211793	20.0	-0.082528	-0.37722	1.3641	21.0	-0.310718	-0.353089	0.721856	22.0	-0.334729	-0.343792	0.753043	23.0	0.164648	-0.187771	0.768953	24.0	0.169053	-0.191369	0.799342
41.638	0.0	-0.0534267	-0.33315	0.834242	1.0	-0.0731386	-0.348863	1.13584	2.0	-0.0948546	-0.349549	1.43182	3.0	-0.0804814	-0.342885	1.582	4.0	-0.257186	-0.354761	1.30019	5.0	-0.314206	-0.388199	1.05109	6.0	-0.309574	-0.346803	0.836901	7.0	-0.304584	-0.324712	0.77841	8.0	0.0796962	-0.308412	1.30387	9.0	0.146615	-0.297676	1.05458	10.0	0.160633	-0.203432	0.855865	11.0	0.158137	-0.188561	0.823018	12.0	-0.141086	-0.310837	0.835488	13.0	-0.173247	-0.162724	0.557903	14.0	-0.149432	-0.0897595	0.162797	15.0	-0.159027	0.032712	0.0984115	16.0	0.00618114	-0.287892	0.836898	17.0	0.0315296	-0.323895	0.550255	18.0	0.00747544	-0.409144	0.24184	19.0	-0.0476589	-0.260252	0.203857	20.0	-0.0887574	-0.351963	1.35862	21.0	-0.313349	-0.330369	0.712813	22.0	-0.345806	-0.31127	0.741927	23.0	0.155334	-0.163143	0.759219	24.0	0.16291	-0.149208	0.82998
41.67	0.0	-0.0558216	-0.305553	0.834213	1.0	-0.0769041	-0.317407	1.13616	2.0	-0.10166	-0.318965	1.43267	3.0	-0.0881929	-0.304197	1.57726	4.0	-0.263534	-0.326415	1.29864	5.0	-0.320703	-0.339345	1.03522	6.0	-0.32316	-0.304185	0.819688	7.0	-0.316668	-0.295836	0.767411	8.0	0.0738568	-0.287311	1.30023	9.0	0.139375	-0.268442	1.04524	10.0	0.160426	-0.186134	0.84224	11.0	0.153331	-0.142938	0.796656	12.0	-0.146578	-0.274707	0.835129	13.0	-0.158061	-0.124344	0.51659	14.0	-0.148244	-0.0783933	0.15966	15.0	-0.157672	0.0303513	0.0951851	16.0	0.00604278	-0.267609	0.837138	17.0	0.0222807	-0.274137	0.544659	18.0	-0.00170842	-0.358857	0.237991	19.0	-0.0595773	-0.212976	0.194162	20.0	-0.0947201	-0.320591	1.35931	21.0	-0.316259	-0.3072	0.694524	22.0	-0.358392	-0.279175	0.770357	23.0	0.155481	-0.135334	0.761245	24.0	0.156329	-0.113974	0.821414
41.705	0.0	-0.0635005	-0.266312	0.83606	1.0	-0.0845059	-0.282829	1.13824	2.0	-0.109994	-0.286411	1.43502	3.0	-0.0935443	-0.284996	1.58292	4.0	-0.269597	-0.289724	1.29918	5.0	-0.32455	-0.313294	1.0362	6.0	-0.330329	-0.274835	0.820711	7.0	-0.331236	-0.260378	0.770726	8.0	0.0707325	-0.255232	1.30432	9.0	0.131365	-0.235986	1.05145	10.0	0.13992	-0.144179	0.850448	11.0	0.141197	-0.116339	0.792613	12.0	-0.153229	-0.242611	0.838773	13.0	-0.163701	-0.0952168	0.500197	14.0	-0.149059	-0.0649108	0.147375	15.0	-0.155054	0.0360533	0.0866098	16.0	-0.00200497	-0.222952	0.836886	17.0	0.00169183	-0.208147	0.50262	18.0	-0.0222309	-0.292345	0.197759	19.0	-0.0826088	-0.14604	0.156702	20.0	-0.102766	-0.28783	1.36157	21.0	-0.329628	-0.268564	0.696545	22.0	-0.368205	-0.240966	0.756145	23.0	0.146016	-0.115014	0.751958	24.0	0.146596	-0.104328	0.760481
42.053	0.0	-0.0736785	-0.0332146	0.872827	1.0	-0.103965	-0.0459729	1.183	2.0	-0.138857	-0.0468183	1.48706	3.0	-0.110013	-0.0416085	1.63367	4.0	-0.294656	-0.0315423	1.3534	5.0	-0.385422	-0.0102787	1.1266	6.0	-0.376439	0.0848668	0.919868	7.0	-0.384317	0.13254	0.84811	8.0	0.0416646	-0.0406852	1.34735	9.0	0.119289	-0.0667056	1.10166	10.0	0.11313	0.0204242	0.874252	11.0	0.132456	0.0373099	0.840255	12.0	-0.164371	0.00407781	0.869059	13.0	-0.180458	-0.0221601	0.482478	14.0	-0.143288	-0.0514184	0.157236	15.0	-0.144597	0.0364906	0.0856286	16.0	-0.0130604	-0.00327694	0.8801	17.0	0.0353329	0.175801	0.607477	18.0	-0.0246723	0.0653531	0.267969	19.0	-0.0255259	0.147695	0.192432	20.0	-0.12926	-0.0488016	1.4119	21.0	-0.392935	0.148702	0.788902	22.0	-0.354367	0.132355	0.815679	23.0	0.14879	0.0495419	0.796711	24.0	0.144083	0.0491157	0.832574
42.073	0.0	-0.0784621	-0.0108793	0.874047	1.0	-0.105837	-0.0248101	1.1816	2.0	-0.137967	-0.0263839	1.48315	3.0	-0.106523	-0.0281897	1.63383	4.0	-0.29444	-0.00881241	1.35767	5.0	-0.384165	0.0180793	1.1311	6.0	-0.382025	0.135212	0.921809	7.0	-0.386483	0.165538	0.849883	8.0	0.0429335	-0.0144432	1.34527	9.0	0.116023	-0.0295851	1.0926	10.0	0.110644	0.039997	0.878461	11.0	0.134072	0.0515233	0.845725	12.0	-0.168666	0.0251086	0.869946	13.0	-0.184068	-0.00994837	0.494258	14.0	-0.144442	-0.0512437	0.158027	15.0	-0.147504	0.0339193	0.0843163	16.0	-0.0184064	0.0203912	0.881636	17.0	0.0443265	0.231238	0.652275	18.0	-0.0223776	0.124058	0.286922	19.0	-0.0292542	0.201584	0.207855	20.0	-0.129055	-0.0282288	1.40861	21.0	-0.384412	0.172813	0.789188	22.0	-0.349657	0.147597	0.820046	23.0	0.151944	0.0544723	0.805277	24.0	0.120306	0.0508332	0.869542
42.102	0.0	-0.0822329	0.0158045	0.878864	1.0	-0.106856	0.00330207	1.18674	2.0	-0.13603	0.0025085	1.48846	3.0	-0.105249	0.00385067	1.63219	4.0	-0.296575	0.014642	1.35662	5.0	-0.384335	0.041298	1.13344	6.0	-0.378043	0.15079	0.922752	7.0	-0.383183	0.197672	0.850819	8.0	0.0468529	0.00368375	1.34749	9.0	0.113625	-0.0103554	1.09149	10.0	0.121283	0.0387517	0.878368	11.0	0.129804	0.058979	0.869235	12.0	-0.173183	0.0529403	0.874804	13.0	-0.186293	-0.0021484	0.498259	14.0	-0.145033	-0.0501531	0.157873	15.0	-0.149944	0.0335101	0.0830006	16.0	-0.0215743	0.0458777	0.886311	17.0	0.0472228	0.257595	0.660285	18.0	-0.011406	0.174553	0.299228	19.0	-0.0265398	0.255799	0.221857	20.0	-0.12786	0.000534008	1.41389	21.0	-0.385761	0.210497	0.79161	22.0	-0.343664	0.177428	0.827578	23.0	0.131926	0.0822977	0.84275	24.0	0.132607	0.0770242	0.864657
42.136	0.0	-0.0795285	0.0349154	0.880358	1.0	-0.10568	0.0187796	1.18516	2.0	-0.136123	0.0153233	1.4843	3.0	-0.103955	0.0192644	1.63118	4.0	-0.296385	0.0325676	1.35799	5.0	-0.382054	0.0644086	1.13083	6.0	-0.367892	0.169775	0.923675	7.0	-0.359961	0.202229	0.855085	8.0	0.0493779	0.0287545	1.34875	9.0	0.112879	0.0118218	1.0993	10.0	0.119748	0.0399202	0.883507	11.0	0.134955	0.059164	0.883756	12.0	-0.17233	0.071476	0.876524	13.0	-0.187848	0.00557196	0.49978	14.0	-0.145303	-0.0497304	0.158216	15.0	-0.150663	0.0327322	0.0825645	16.0	-0.0171035	0.0656368	0.887562	17.0	0.0440002	0.290472	0.641806	18.0	-0.0085539	0.234074	0.301421	19.0	-0.0247209	0.317008	0.225234	20.0	-0.12765	0.0139268	1.41035	21.0	-0.379523	0.231685	0.797607	22.0	-0.287013	0.158561	0.861989	23.0	0.138765	0.0695706	0.86214	24.0	0.131184	0.0771002	0.879461
42.169	0.0	-0.0768719	0.0611816	0.882294	1.0	-0.105455	0.0465729	1.18712	2.0	-0.138638	0.0434455	1.48585	3.0	-0.101075	0.0468514	1.63277	4.0	-0.295337	0.0655948	1.35445	5.0	-0.382852	0.0796246	1.13162	6.0	-0.36324	0.190759	0.921659	7.0	-0.344847	0.221861	0.855443	8.0	0.0500197	0.0480307	1.34882	9.0	0.113833	0.0303356	1.09538	10.0	0.115179	0.0731081	0.881172	11.0	0.128091	0.0795656	0.888019	12.0	-0.170465	0.100888	0.878407	13.0	-0.191434	0.0216396	0.511784	14.0	-0.145896	-0.0482963	0.157358	15.0	-0.151456	0.0320741	0.0804826	16.0	-0.0140611	0.0886518	0.889508	17.0	0.0423019	0.301978	0.64644	18.0	-0.00558337	0.296131	0.298217	19.0	-0.0170725	0.374588	0.219794	20.0	-0.129464	0.0420745	1.41203	21.0	-0.369492	0.264015	0.798488	22.0	-0.277857	0.192094	0.851669	23.0	0.122296	0.0905767	0.883542	24.0	0.124288	0.0975613	0.888729
42.203	0.0	-0.0759212	0.0786488	0.878773	1.0	-0.102935	0.0716103	1.18254	2.0	-0.134154	0.0778363	1.47999	3.0	-0.105302	0.0823014	1.62724	4.0	-0.292028	0.0913182	1.35235	5.0	-0.379533	0.109516	1.13111	6.0	-0.358326	0.212691	0.918873	7.0	-0.334162	0.238018	0.854271	8.0	0.0479965	0.0800076	1.34944	9.0	0.109632	0.0554384	1.09478	10.0	0.115095	0.0781278	0.878811	11.0	0.137517	0.101112	0.81611	12.0	-0.168568	0.116219	0.875143	13.0	-0.191308	0.0297271	0.51109	14.0	-0.147862	-0.0445325	0.158496	15.0	-0.151896	0.0313971	0.0794146	16.0	-0.0142882	0.108198	0.885833	17.0	0.0376642	0.333146	0.642987	18.0	0.000885497	0.353573	0.291446	19.0	-0.0127129	0.437984	0.216778	20.0	-0.125496	0.0739592	1.40651	21.0	-0.356745	0.270973	0.792887	22.0	-0.274515	0.216874	0.823963	23.0	0.131682	0.112089	0.811837	24.0	0.133621	0.119029	0.817289
42.236	0.0	-0.0748605	0.11164	0.875255	1.0	-0.105264	0.0966836	1.18156	2.0	-0.139101	0.0948446	1.48095	3.0	-0.103523	0.100865	1.6269	4.0	-0.290284	0.111439	1.35157	5.0	-0.37543	0.131873	1.12616	6.0	-0.356143	0.23622	0.91888	7.0	-0.328938	0.260861	0.850907	8.0	0.0502046	0.0925739	1.35087	9.0	0.11659	0.0653682	1.093	10.0	0.136415	0.101598	0.847608	11.0	0.158815	0.124567	0.784962	12.0	-0.167869	0.144188	0.872098	13.0	-0.189569	0.0428204	0.512275	14.0	-0.149725	-0.0413703	0.161643	15.0	-0.15377	0.0296974	0.0806756	16.0	-0.0129871	0.146196	0.88194	17.0	0.0362471	0.35163	0.642635	18.0	0.00116136	0.381184	0.291788	19.0	-0.00805411	0.49311	0.216233	20.0	-0.129872	0.0929364	1.40704	21.0	-0.352056	0.289497	0.790281	22.0	-0.271279	0.25098	0.834825	23.0	0.152907	0.135502	0.780778	24.0	0.154752	0.142385	0.786347
42.269	0.0	-0.0735307	0.127089	0.873409	1.0	-0.101938	0.119667	1.17918	2.0	-0.134416	0.124553	1.4786	3.0	-0.103919	0.128839	1.62562	4.0	-0.291212	0.140775	1.34641	5.0	-0.365913	0.162944	1.11495	6.0	-0.349444	0.258804	0.903263	7.0	-0.323271	0.280377	0.844902	8.0	0.0525249	0.129407	1.34672	9.0	0.11541	0.100114	1.09393	10.0	0.130795	0.122217	0.849521	11.0	0.120358	0.167746	0.856754	12.0	-0.166711	0.161833	0.869502	13.0	-0.189495	0.0575601	0.504643	14.0	-0.149204	-0.0382316	0.159307	15.0	-0.154086	0.0309121	0.0774762	16.0	-0.0116706	0.15927	0.880826	17.0	0.0385339	0.398802	0.6084	18.0	0.0107756	0.43414	0.278493	19.0	-0.0067994	0.534275	0.208763	20.0	-0.125415	0.121198	1.40461	21.0	-0.349274	0.310101	0.781766	22.0	-0.266389	0.271247	0.824602	23.0	0.114478	0.17871	0.852377	24.0	0.116359	0.185632	0.857694
42.303	0.0	-0.0655468	0.158603	0.869548	1.0	-0.09834	0.146411	1.17473	2.0	-0.134967	0.146532	1.47377	3.0	-0.0992014	0.156838	1.61812	4.0	-0.288838	0.167682	1.34171	5.0	-0.364459	0.176836	1.11	6.0	-0.344423	0.274238	0.894379	7.0	-0.31095	0.291077	0.835664	8.0	0.0547148	0.148844	1.34511	9.0	0.120901	0.110298	1.09447	10.0	0.129819	0.163034	0.811593	11.0	0.152109	0.185897	0.749249	12.0	-0.15883	0.194459	0.864746	13.0	-0.187932	0.0677486	0.502436	14.0	-0.149523	-0.0358785	0.159737	15.0	-0.154836	0.0306322	0.0768356	16.0	-0.00397371	0.189289	0.878004	17.0	0.0382137	0.404579	0.605049	18.0	0.0111592	0.473733	0.250401	19.0	-0.00501173	0.580352	0.194256	20.0	-0.124983	0.144226	1.39989	21.0	-0.313549	0.296246	0.766317	22.0	-0.253545	0.291659	0.818388	23.0	0.146145	0.196794	0.745178	24.0	0.147918	0.203629	0.750895
42.336	0.0	-0.0651952	0.185547	0.865329	1.0	-0.095064	0.177139	1.17009	2.0	-0.129285	0.180462	1.4686	3.0	-0.0993816	0.19045	1.61738	4.0	-0.285223	0.196049	1.33811	5.0	-0.360758	0.204707	1.10684	6.0	-0.343072	0.292258	0.894836	7.0	-0.326107	0.318029	0.825361	8.0	0.0609204	0.176907	1.34045	9.0	0.124339	0.133071	1.09464	10.0	0.129602	0.175724	0.813566	11.0	0.15187	0.198564	0.751286	12.0	-0.159095	0.221599	0.861437	13.0	-0.184854	0.0868626	0.497314	14.0	-0.150578	-0.033963	0.156653	15.0	-0.15491	0.0318947	0.073638	16.0	-0.0032047	0.216017	0.873015	17.0	0.0336691	0.435269	0.568266	18.0	0.0134499	0.510831	0.227874	19.0	-0.00793643	0.618969	0.172524	20.0	-0.11983	0.17752	1.39484	21.0	-0.316346	0.320533	0.758687	22.0	-0.288615	0.341404	0.813168	23.0	0.145891	0.209453	0.747211	24.0	0.147645	0.216277	0.752925
42.369	0.0	-0.0606467	0.214002	0.861688	1.0	-0.0925392	0.204543	1.16741	2.0	-0.129061	0.206915	1.46676	3.0	-0.0963275	0.21638	1.61211	4.0	-0.285065	0.222954	1.33245	5.0	-0.349345	0.250974	1.08099	6.0	-0.327732	0.322777	0.874832	7.0	-0.318217	0.338873	0.821438	8.0	0.0577582	0.221707	1.33524	9.0	0.121498	0.187339	1.09285	10.0	0.124864	0.231497	0.813594	11.0	0.147077	0.254283	0.751463	12.0	-0.154174	0.246602	0.858652	13.0	-0.184529	0.112303	0.501079	14.0	-0.150577	-0.0273326	0.156231	15.0	-0.156707	0.0350295	0.0718665	16.0	0.000569339	0.247955	0.868558	17.0	0.0317082	0.43625	0.561442	18.0	0.0097407	0.539838	0.195436	19.0	-0.0110978	0.652861	0.152366	20.0	-0.119019	0.204123	1.39281	21.0	-0.310586	0.340139	0.750987	22.0	-0.275317	0.346021	0.839152	23.0	0.141041	0.265141	0.7474	24.0	0.142719	0.271923	0.753129
42.403	0.0	-0.0627451	0.250718	0.851676	1.0	-0.0921647	0.242908	1.15806	2.0	-0.126422	0.246895	1.45808	3.0	-0.0970682	0.254045	1.59858	4.0	-0.283278	0.261697	1.32133	5.0	-0.348924	0.262285	1.0835	6.0	-0.33092	0.350301	0.867929	7.0	-0.318746	0.365168	0.811057	8.0	0.0613927	0.241888	1.33324	9.0	0.132892	0.188914	1.09503	10.0	0.136226	0.233055	0.815772	11.0	0.158439	0.255842	0.753642	12.0	-0.156079	0.282282	0.848101	13.0	-0.184259	0.137759	0.50468	14.0	-0.150413	-0.0224482	0.153151	15.0	-0.15625	0.0383874	0.0683719	16.0	-0.00189835	0.28519	0.859471	17.0	0.0230758	0.455572	0.518057	18.0	0.00736937	0.562405	0.174525	19.0	-0.0168238	0.674723	0.131122	20.0	-0.116922	0.243758	1.38396	21.0	-0.305037	0.364714	0.744376	22.0	-0.287131	0.383737	0.818485	23.0	0.152375	0.266686	0.749572	24.0	0.154017	0.27345	0.755291
42.44	0.0	-0.0600581	0.283055	0.847896	1.0	-0.0875475	0.273262	1.1537	2.0	-0.120133	0.2753	1.45312	3.0	-0.0915187	0.299729	1.59191	4.0	-0.277286	0.292702	1.32026	5.0	-0.345535	0.306283	1.07827	6.0	-0.32722	0.379167	0.856899	7.0	-0.316343	0.394343	0.807164	8.0	0.0662873	0.2838	1.33379	9.0	0.142876	0.223392	1.10056	10.0	0.146137	0.267492	0.82127	11.0	0.0695663	0.396296	0.77264	12.0	-0.152088	0.314954	0.844857	13.0	-0.178106	0.17388	0.505732	14.0	-0.151035	-0.0166939	0.149089	15.0	-0.15774	0.0409613	0.0630975	16.0	-0.000801588	0.317343	0.85521	17.0	0.0200695	0.461434	0.513383	18.0	0.000172589	0.57486	0.167246	19.0	-0.0193223	0.682539	0.116588	20.0	-0.111027	0.272613	1.37915	21.0	-0.302638	0.390036	0.738725	22.0	-0.284376	0.408375	0.819334	23.0	0.0584617	0.417189	0.736129	24.0	0.061886	0.420475	0.736203
42.469	0.0	-0.0622749	0.322977	0.839619	1.0	-0.0845647	0.320099	1.14791	2.0	-0.111667	0.327397	1.45022	3.0	-0.0863032	0.329402	1.58923	4.0	-0.273091	0.333418	1.31373	5.0	-0.341711	0.329877	1.07397	6.0	-0.320828	0.419137	0.849116	7.0	-0.31581	0.43006	0.801244	8.0	0.0770272	0.326825	1.32655	9.0	0.137369	0.280495	1.09501	10.0	0.14056	0.324566	0.815703	11.0	0.0679987	0.44247	0.759677	12.0	-0.154118	0.349109	0.837099	13.0	-0.180576	0.196406	0.502622	14.0	-0.151581	-0.0120727	0.145982	15.0	-0.15772	0.0405563	0.0588634	16.0	-0.0035564	0.363023	0.846702	17.0	0.0147155	0.47011	0.508783	18.0	-0.000828487	0.574067	0.16642	19.0	-0.0283783	0.686383	0.107272	20.0	-0.103878	0.323809	1.37551	21.0	-0.312455	0.430965	0.740683	22.0	-0.279957	0.444639	0.805832	23.0	0.0491966	0.464428	0.726586	24.0	0.0716992	0.45533	0.718517
42.503	0.0	-0.0609771	0.359497	0.835176	1.0	-0.0812846	0.351949	1.14601	2.0	-0.106899	0.357254	1.45006	3.0	-0.0763561	0.382639	1.58691	4.0	-0.268633	0.372138	1.31299	5.0	-0.331628	0.378276	1.05306	6.0	-0.320887	0.452483	0.847099	7.0	-0.315597	0.465923	0.799465	8.0	0.0763869	0.377145	1.32195	9.0	0.138117	0.326592	1.11911	10.0	0.141244	0.370617	0.839702	11.0	0.0662996	0.469178	0.801679	12.0	-0.153504	0.391245	0.832314	13.0	-0.182075	0.248723	0.496211	14.0	-0.154076	0.0100306	0.159375	15.0	-0.160424	0.0392463	0.0700585	16.0	-0.00200783	0.393718	0.842717	17.0	0.00710158	0.498722	0.507423	18.0	-0.00691901	0.571628	0.172499	19.0	-0.0354573	0.683846	0.104089	20.0	-0.0995227	0.353569	1.37497	21.0	-0.300012	0.461802	0.726726	22.0	-0.274361	0.464037	0.820986	23.0	0.0527296	0.497213	0.741558	24.0	0.0724558	0.477373	0.804013
42.536	0.0	-0.0547491	0.404248	0.835023	1.0	-0.0737157	0.402435	1.14592	2.0	-0.0985179	0.409569	1.45013	3.0	-0.0702169	0.410958	1.58564	4.0	-0.259784	0.418026	1.31966	5.0	-0.328523	0.403496	1.0601	6.0	-0.31756	0.484767	0.851633	7.0	-0.321945	0.507068	0.802163	8.0	0.0779145	0.406281	1.32504	9.0	0.148158	0.365647	1.0907	10.0	0.15119	0.409644	0.811368	11.0	0.0747805	0.516697	0.766838	12.0	-0.146923	0.432792	0.832731	13.0	-0.183068	0.278641	0.473506	14.0	-0.15362	0.049615	0.144522	15.0	-0.165576	0.0710069	0.0557024	16.0	0.0033618	0.441072	0.841988	17.0	0.00498987	0.525113	0.50285	18.0	-0.0101852	0.578343	0.167832	19.0	-0.0397799	0.689464	0.0944969	20.0	-0.0912918	0.405665	1.37501	21.0	-0.313563	0.502595	0.732378	22.0	-0.283318	0.510995	0.802223	23.0	0.0603694	0.543727	0.724759	24.0	0.0736772	0.532368	0.739508
42.569	0.0	-0.0510405	0.447879	0.836992	1.0	-0.0687729	0.43597	1.14857	2.0	-0.0921339	0.438295	1.45336	3.0	-0.0605208	0.460584	1.59172	4.0	-0.254472	0.457534	1.31817	5.0	-0.328137	0.44541	1.08174	6.0	-0.317106	0.520012	0.85458	7.0	-0.324371	0.542033	0.804997	8.0	0.0911429	0.455789	1.32046	9.0	0.154672	0.395097	1.08994	10.0	0.157639	0.439064	0.810597	11.0	0.0776955	0.561438	0.769811	12.0	-0.143587	0.483309	0.837067	13.0	-0.178878	0.361457	0.501538	14.0	-0.163952	0.0966146	0.183803	15.0	-0.176913	0.233857	0.144449	16.0	0.00695477	0.477941	0.841935	17.0	0.00842339	0.569346	0.50678	18.0	-0.0124365	0.594283	0.170737	19.0	-0.0398578	0.692194	0.0928192	20.0	-0.085236	0.435544	1.37811	21.0	-0.3111	0.542846	0.735289	22.0	-0.283853	0.526949	0.832582	23.0	0.0683638	0.588078	0.730816	24.0	0.0666294	0.59946	0.727443
42.603	0.0	-0.0500796	0.484713	0.839089	1.0	-0.0648745	0.480684	1.15088	2.0	-0.0851716	0.486388	1.45564	3.0	-0.052821	0.492233	1.59161	4.0	-0.24983	0.493827	1.32379	5.0	-0.319587	0.472678	1.08465	6.0	-0.316781	0.548224	0.874448	7.0	-0.326293	0.576749	0.811999	8.0	0.0923968	0.488044	1.32215	9.0	0.146796	0.459246	1.11538	10.0	0.149692	0.503159	0.83591	11.0	0.0686022	0.59415	0.802202	12.0	-0.142912	0.511635	0.840981	13.0	-0.181742	0.44269	0.506064	14.0	-0.17139	0.158861	0.20415	15.0	-0.183134	0.295785	0.16421	16.0	0.0079133	0.523922	0.841376	17.0	0.00794401	0.584625	0.510425	18.0	-0.011218	0.600571	0.172234	19.0	-0.0400845	0.694001	0.090738	20.0	-0.0790548	0.482878	1.38041	21.0	-0.321033	0.585107	0.747224	22.0	-0.291231	0.570012	0.813868	23.0	0.0595421	0.614853	0.74307	24.0	0.0679035	0.607654	0.80119
42.636	0.0	-0.0471553	0.523934	0.844441	1.0	-0.0621722	0.510933	1.15479	2.0	-0.082769	0.511196	1.4585	3.0	-0.0441416	0.540672	1.59677	4.0	-0.242716	0.531511	1.3316	5.0	-0.318023	0.509539	1.08261	6.0	-0.318816	0.583069	0.875787	7.0	-0.320566	0.606029	0.817439	8.0	0.0995801	0.525578	1.32029	9.0	0.164112	0.484713	1.11301	10.0	0.166919	0.528581	0.833539	11.0	0.0843727	0.622012	0.826662	12.0	-0.140144	0.560678	0.849931	13.0	-0.177638	0.523316	0.524846	14.0	-0.175681	0.234855	0.226998	15.0	-0.187277	0.371534	0.187875	16.0	0.0104386	0.55274	0.844072	17.0	0.00481119	0.612863	0.508945	18.0	-0.0111221	0.605551	0.169495	19.0	-0.0397476	0.702172	0.0854498	20.0	-0.0765592	0.508973	1.38352	21.0	-0.316922	0.611136	0.748799	22.0	-0.277865	0.604716	0.80435	23.0	0.0771696	0.633621	0.812329	24.0	0.0834864	0.635424	0.825478
42.669	0.0	-0.0426119	0.560106	0.845328	1.0	-0.0562756	0.556368	1.15621	2.0	-0.0760078	0.562108	1.46002	3.0	-0.0423986	0.570692	1.59877	4.0	-0.242758	0.55843	1.33239	5.0	-0.314992	0.542726	1.08885	6.0	-0.323691	0.618495	0.882749	7.0	-0.322269	0.636511	0.827953	8.0	0.10556	0.564311	1.31786	9.0	0.176946	0.527598	1.08393	10.0	0.179639	0.571424	0.804541	11.0	0.143696	0.586891	0.793867	12.0	-0.136294	0.587342	0.850577	13.0	-0.17587	0.602887	0.528534	14.0	-0.174352	0.310879	0.234202	15.0	-0.189852	0.446721	0.194673	16.0	0.0152406	0.598305	0.8448	17.0	0.00265762	0.632279	0.506033	18.0	-0.0114318	0.606883	0.167875	19.0	-0.0394838	0.701996	0.0852283	20.0	-0.0699135	0.559151	1.38506	21.0	-0.317198	0.636428	0.757822	22.0	-0.285362	0.635378	0.834943	23.0	0.11122	0.611394	0.787474	24.0	0.14699	0.598724	0.795289
42.702	0.0	-0.0321719	0.598374	0.853664	1.0	-0.052316	0.582094	1.16377	2.0	-0.0763842	0.580482	1.46703	3.0	-0.0368877	0.616531	1.59831	4.0	-0.239248	0.594573	1.3377	5.0	-0.316519	0.571928	1.09613	6.0	-0.318844	0.639011	0.887431	7.0	-0.318928	0.666163	0.830439	8.0	0.105368	0.598492	1.32097	9.0	0.176684	0.561748	1.08474	10.0	0.151531	0.603854	0.87196	11.0	0.159784	0.62247	0.797451	12.0	-0.125865	0.629576	0.859696	13.0	-0.184582	0.664636	0.519757	14.0	-0.16999	0.390545	0.207528	15.0	-0.174689	0.397432	0.101802	16.0	0.0250177	0.631288	0.852079	17.0	0.00728971	0.644476	0.492411	18.0	-0.0117548	0.609861	0.164553	19.0	-0.0394949	0.707036	0.0827548	20.0	-0.0693876	0.578492	1.39209	21.0	-0.312236	0.678041	0.760255	22.0	-0.279418	0.664832	0.83702	23.0	0.161644	0.625425	0.737901	24.0	0.174736	0.631211	0.78068
42.735	0.0	-0.03008	0.626356	0.859824	1.0	-0.0511697	0.620444	1.17132	2.0	-0.0783491	0.624716	1.47515	3.0	-0.0401459	0.647711	1.60921	4.0	-0.239191	0.620305	1.34157	5.0	-0.313762	0.598735	1.09939	6.0	-0.315654	0.677222	0.885875	7.0	-0.315897	0.69306	0.835366	8.0	0.10729	0.63225	1.32684	9.0	0.170185	0.611546	1.06744	10.0	0.167817	0.669841	0.85687	11.0	0.168311	0.682366	0.799429	12.0	-0.125138	0.65641	0.865301	13.0	-0.179142	0.728242	0.516237	14.0	-0.16505	0.476094	0.184625	15.0	-0.177122	0.514056	0.0977967	16.0	0.0283739	0.660693	0.858812	17.0	0.00997171	0.659891	0.489019	18.0	-0.0118827	0.611602	0.165137	19.0	-0.0463716	0.697384	0.0807285	20.0	-0.0704366	0.621776	1.40024	21.0	-0.31545	0.70083	0.769856	22.0	-0.275913	0.69271	0.844375	23.0	0.169636	0.682296	0.743422	24.0	0.182682	0.705113	0.788678
42.769	0.0	-0.0348698	0.659656	0.860599	1.0	-0.0523578	0.649324	1.17203	2.0	-0.076281	0.651555	1.47606	3.0	-0.0463543	0.693334	1.60944	4.0	-0.239133	0.656099	1.34266	5.0	-0.312779	0.634086	1.10051	6.0	-0.318916	0.694902	0.889997	7.0	-0.319351	0.721233	0.837014	8.0	0.102897	0.673616	1.32748	9.0	0.165453	0.663922	1.07174	10.0	0.169105	0.722181	0.861279	11.0	0.171932	0.744998	0.799207	12.0	-0.130435	0.686651	0.866671	13.0	-0.179048	0.797422	0.523775	14.0	-0.150823	0.593635	0.159554	15.0	-0.13342	0.67371	0.0816732	16.0	0.0238723	0.696751	0.858919	17.0	0.0181016	0.680714	0.459802	18.0	-0.0176765	0.612726	0.157679	19.0	-0.0458051	0.698323	0.0802613	20.0	-0.0691737	0.648778	1.40107	21.0	-0.32045	0.739015	0.773447	22.0	-0.274835	0.720412	0.845345	23.0	0.173459	0.751459	0.755845	24.0	0.153811	0.784307	0.830548
42.802	0.0	-0.0399106	0.689668	0.860039	1.0	-0.0555796	0.685968	1.17215	2.0	-0.0769341	0.693449	1.47695	3.0	-0.0435564	0.710672	1.60943	4.0	-0.237327	0.685026	1.34298	5.0	-0.310082	0.65505	1.10126	6.0	-0.323273	0.733604	0.892961	7.0	-0.324118	0.751848	0.835614	8.0	0.10922	0.692103	1.3228	9.0	0.157587	0.704025	1.05952	10.0	0.172263	0.783945	0.856053	11.0	0.173528	0.809989	0.805351	12.0	-0.136498	0.722829	0.866509	13.0	-0.177588	0.852281	0.495629	14.0	-0.145327	0.715396	0.166277	15.0	-0.152366	0.781936	0.0815862	16.0	0.0195014	0.721035	0.858126	17.0	0.0250785	0.692628	0.457411	18.0	-0.0706318	0.668684	0.133523	19.0	-0.0716904	0.753664	0.0662988	20.0	-0.0705039	0.689578	1.40178	21.0	-0.325608	0.764843	0.771828	22.0	-0.288768	0.754638	0.847382	23.0	0.172642	0.815852	0.768331	24.0	0.155268	0.854296	0.83337
42.835	0.0	-0.0388509	0.71831	0.861957	1.0	-0.0555727	0.712538	1.17172	2.0	-0.0782248	0.718448	1.47424	3.0	-0.0440365	0.753432	1.60827	4.0	-0.237911	0.718426	1.33903	5.0	-0.312984	0.684096	1.10151	6.0	-0.324432	0.751346	0.890561	7.0	-0.325756	0.776579	0.836251	8.0	0.10944	0.742174	1.32647	9.0	0.155406	0.747208	1.05429	10.0	0.177817	0.828194	0.852034	11.0	0.172563	0.867624	0.813865	12.0	-0.135274	0.743267	0.866487	13.0	-0.18251	0.916003	0.503164	14.0	-0.149767	0.824175	0.146386	15.0	-0.156394	0.893594	0.0694409	16.0	0.0199401	0.758156	0.862472	17.0	0.0388828	0.710909	0.463331	18.0	-0.0621831	0.713417	0.165069	19.0	-0.0938685	0.822386	0.0718298	20.0	-0.0714427	0.714855	1.39964	21.0	-0.325852	0.794922	0.768172	22.0	-0.286476	0.780035	0.844907	23.0	0.164457	0.885599	0.778013	24.0	0.157932	0.8982	0.840045
42.869	0.0	-0.0427469	0.754442	0.861086	1.0	-0.058556	0.750156	1.16877	2.0	-0.0804864	0.757077	1.46896	3.0	-0.0469801	0.784688	1.60684	4.0	-0.240218	0.751166	1.33617	5.0	-0.313686	0.722652	1.09735	6.0	-0.32592	0.778846	0.88557	7.0	-0.331737	0.803999	0.829172	8.0	0.10746	0.767303	1.32372	9.0	0.155221	0.783066	1.05435	10.0	0.17364	0.889471	0.862307	11.0	0.166936	0.925283	0.821919	12.0	-0.139752	0.783024	0.862473	13.0	-0.179381	0.968168	0.527577	14.0	-0.152706	0.945038	0.142886	15.0	-0.175425	1.04728	0.0730858	16.0	0.0165069	0.789174	0.864013	17.0	0.0441978	0.771687	0.536735	18.0	-0.0628077	0.764675	0.240981	19.0	-0.126032	0.885817	0.167746	20.0	-0.0738637	0.753319	1.39495	21.0	-0.332817	0.818507	0.762366	22.0	-0.291518	0.803377	0.842882	23.0	0.160413	0.947179	0.785376	24.0	0.155414	0.954736	0.85849
42.903	0.0	-0.0509951	0.788466	0.85539	1.0	-0.0632204	0.783953	1.16505	2.0	-0.0818814	0.791133	1.46707	3.0	-0.0492712	0.811864	1.60593	4.0	-0.241438	0.786092	1.33339	5.0	-0.314501	0.750846	1.09134	6.0	-0.324443	0.803606	0.878791	7.0	-0.334182	0.826297	0.821805	8.0	0.105791	0.816067	1.31561	9.0	0.154683	0.829245	1.0643	10.0	0.170269	0.926053	0.867346	11.0	0.16609	0.971894	0.826796	12.0	-0.149328	0.81701	0.854439	13.0	-0.174229	0.989848	0.528752	14.0	-0.154719	1.04052	0.157837	15.0	-0.176096	1.15509	0.089791	16.0	0.00925496	0.823664	0.860959	17.0	0.0372731	0.803897	0.568653	18.0	-0.0285525	0.660523	0.178758	19.0	-0.0821716	0.813401	0.158415	20.0	-0.0760481	0.78724	1.39261	21.0	-0.334544	0.846128	0.748277	22.0	-0.291378	0.823726	0.834357	23.0	0.153944	0.996721	0.790589	24.0	0.155266	1.00294	0.857775
42.936	0.0	-0.061588	0.825597	0.851544	1.0	-0.0692218	0.817644	1.15988	2.0	-0.0837765	0.821257	1.46076	3.0	-0.0548094	0.857425	1.59719	4.0	-0.245886	0.816698	1.3255	5.0	-0.319595	0.789181	1.08017	6.0	-0.331965	0.835624	0.866605	7.0	-0.338035	0.84996	0.810429	8.0	0.103834	0.838196	1.31463	9.0	0.151146	0.866177	1.07088	10.0	0.168948	0.97529	0.88017	11.0	0.161059	1.01847	0.831468	12.0	-0.160241	0.852049	0.85115	13.0	-0.172157	1.01417	0.53739	14.0	-0.158483	1.12095	0.175604	15.0	-0.171459	1.25594	0.108819	16.0	-0.00104469	0.862251	0.856833	17.0	0.0393951	0.821576	0.57253	18.0	-0.0292325	0.665379	0.188385	19.0	-0.0740522	0.821818	0.171969	20.0	-0.0789155	0.818281	1.38657	21.0	-0.334481	0.849908	0.738477	22.0	-0.305239	0.859783	0.819005	23.0	0.161146	1.03629	0.796965	24.0	0.157584	1.0491	0.849659
42.968	0.0	-0.0676667	0.859607	0.847694	1.0	-0.0745625	0.851238	1.15606	2.0	-0.0879988	0.853822	1.45682	3.0	-0.060121	0.882846	1.59703	4.0	-0.251036	0.861663	1.31614	5.0	-0.324206	0.830683	1.06296	6.0	-0.335382	0.871605	0.848523	7.0	-0.342171	0.879792	0.796182	8.0	0.100286	0.881327	1.31151	9.0	0.148516	0.913047	1.06693	10.0	0.169497	0.993335	0.864136	11.0	0.156592	1.06262	0.824205	12.0	-0.167113	0.887952	0.848729	13.0	-0.185323	1.06042	0.485041	14.0	-0.144732	1.20237	0.142716	15.0	-0.165536	1.30754	0.0943393	16.0	-0.00673044	0.894624	0.851754	17.0	0.0238982	0.873106	0.561157	18.0	-0.0296305	0.680358	0.193126	19.0	-0.0711786	0.838593	0.180946	20.0	-0.0834442	0.851166	1.38269	21.0	-0.333245	0.880716	0.726119	22.0	-0.324166	0.906732	0.798869	23.0	0.159149	1.07675	0.790386	24.0	0.144689	1.08888	0.856463
43.003	0.0	-0.0679192	0.911516	0.843132	1.0	-0.0810973	0.899724	1.15053	2.0	-0.10047	0.898885	1.45026	3.0	-0.0697157	0.925191	1.59168	4.0	-0.255847	0.890228	1.31238	5.0	-0.329403	0.864109	1.05569	6.0	-0.338714	0.900272	0.840558	7.0	-0.343755	0.909219	0.787178	8.0	0.0923928	0.917439	1.3053	9.0	0.148684	0.943726	1.06087	10.0	0.15708	1.05171	0.868594	11.0	0.152135	1.09937	0.82247	12.0	-0.167607	0.936123	0.843901	13.0	-0.175317	1.09507	0.547167	14.0	-0.144582	1.23288	0.144064	15.0	-0.168263	1.34027	0.0986536	16.0	-0.00726392	0.948664	0.847707	17.0	0.0488986	0.904827	0.56871	18.0	-0.00985102	0.702433	0.206757	19.0	-0.0349215	0.837063	0.168616	20.0	-0.0944431	0.896958	1.37641	21.0	-0.334246	0.904502	0.715315	22.0	-0.319423	0.927423	0.780911	23.0	0.147976	1.12944	0.788864	24.0	0.141609	1.12263	0.852979
43.036	0.0	-0.0563019	0.949872	0.839193	1.0	-0.0770215	0.929732	1.14759	2.0	-0.102378	0.9229	1.44796	3.0	-0.0747879	0.952034	1.58788	4.0	-0.263012	0.930772	1.3042	5.0	-0.331305	0.901645	1.05058	6.0	-0.340763	0.942236	0.823674	7.0	-0.344166	0.941087	0.773058	8.0	0.0845935	0.954133	1.30337	9.0	0.147091	0.978849	1.056	10.0	0.148294	1.07899	0.859436	11.0	0.146944	1.13337	0.819836	12.0	-0.155474	0.973725	0.838994	13.0	-0.171465	1.12116	0.55438	14.0	-0.143884	1.22591	0.148151	15.0	-0.160653	1.34549	0.0917551	16.0	0.00340422	0.98913	0.844735	17.0	0.0591916	0.948439	0.564813	18.0	-0.00680864	0.722446	0.21896	19.0	-0.0310785	0.857322	0.181262	20.0	-0.0949811	0.922442	1.37395	21.0	-0.333146	0.931765	0.701309	22.0	-0.327706	0.981599	0.772163	23.0	0.146013	1.15532	0.781413	24.0	0.134373	1.16563	0.833436
43.069	0.0	-0.0639761	1.00125	0.840867	1.0	-0.0845397	0.977917	1.14763	2.0	-0.110823	0.963369	1.44658	3.0	-0.0847951	0.991722	1.58936	4.0	-0.266652	0.960267	1.30141	5.0	-0.332202	0.93797	1.04351	6.0	-0.344104	0.973382	0.828227	7.0	-0.348004	0.979552	0.771838	8.0	0.0811013	0.991527	1.30281	9.0	0.136778	1.02313	1.05118	10.0	0.14973	1.11273	0.85079	11.0	0.144202	1.16292	0.809969	12.0	-0.158505	1.01876	0.85326	13.0	-0.162328	1.18507	0.518216	14.0	-0.144708	1.2323	0.145771	15.0	-0.156106	1.34932	0.0857237	16.0	-0.00951137	1.04432	0.833473	17.0	0.00672191	1.02253	0.541307	18.0	-0.0267958	0.752473	0.226411	19.0	-0.0535422	0.887344	0.189123	20.0	-0.103124	0.964967	1.37291	21.0	-0.339	0.981987	0.701406	22.0	-0.333262	1.01768	0.78215	23.0	0.144717	1.17953	0.774888	24.0	0.114069	1.18781	0.841145
43.103	0.0	-0.0683613	1.03309	0.843548	1.0	-0.0899987	1.00655	1.14826	2.0	-0.118223	0.993094	1.4451	3.0	-0.0937915	1.02032	1.59257	4.0	-0.274143	0.998395	1.30415	5.0	-0.335226	0.975529	1.0509	6.0	-0.344399	1.00596	0.834085	7.0	-0.350188	1.01505	0.77451	8.0	0.0736702	1.02809	1.30251	9.0	0.133151	1.05035	1.04604	10.0	0.143508	1.14139	0.845932	11.0	0.138139	1.18681	0.80292	12.0	-0.164299	1.05635	0.856604	13.0	-0.167766	1.2111	0.554169	14.0	-0.143038	1.24354	0.142893	15.0	-0.153634	1.34914	0.0811906	16.0	-0.0131423	1.07285	0.835974	17.0	0.000667796	1.05319	0.54301	18.0	-0.024916	0.777222	0.232963	19.0	-0.0511425	0.911715	0.195909	20.0	-0.109985	0.994384	1.37199	21.0	-0.342723	1.01291	0.700706	22.0	-0.330631	1.04992	0.785232	23.0	0.138446	1.20514	0.763921	24.0	0.117728	1.21242	0.835671
43.136	0.0	-0.0715745	1.08297	0.840731	1.0	-0.0959287	1.05162	1.15034	2.0	-0.126189	1.03125	1.45114	3.0	-0.101054	1.0474	1.59403	4.0	-0.278317	1.02583	1.30655	5.0	-0.339736	1.00636	1.04926	6.0	-0.348447	1.05498	0.835587	7.0	-0.350028	1.05588	0.776871	8.0	0.0693092	1.05669	1.30596	9.0	0.116188	1.0893	1.04621	10.0	0.144013	1.15835	0.840566	11.0	0.134027	1.19481	0.821276	12.0	-0.167579	1.09874	0.85031	13.0	-0.16301	1.24795	0.489121	14.0	-0.142023	1.24836	0.14192	15.0	-0.149461	1.34811	0.0769711	16.0	-0.016359	1.12563	0.837243	17.0	0.0481778	1.09855	0.520602	18.0	-0.0155938	0.80959	0.22734	19.0	-0.0424588	0.943998	0.190695	20.0	-0.117476	1.03422	1.37712	21.0	-0.339578	1.05911	0.70253	22.0	-0.32982	1.08575	0.786187	23.0	0.139975	1.21499	0.763879	24.0	0.108902	1.22801	0.832061
43.169	0.0	-0.0746161	1.11128	0.843895	1.0	-0.0977816	1.07728	1.15351	2.0	-0.127303	1.05516	1.45464	3.0	-0.106697	1.08199	1.60176	4.0	-0.279489	1.06484	1.31332	5.0	-0.350311	1.04979	1.05653	6.0	-0.344215	1.08795	0.841367	7.0	-0.351748	1.10178	0.77953	8.0	0.0652367	1.0872	1.30978	9.0	0.117632	1.10872	1.04923	10.0	0.134613	1.18279	0.843409	11.0	0.130129	1.20805	0.81863	12.0	-0.172011	1.13796	0.848375	13.0	-0.165567	1.25598	0.487182	14.0	-0.141009	1.25119	0.142125	15.0	-0.149359	1.34647	0.0769513	16.0	-0.0189663	1.1492	0.844276	17.0	-0.0402153	1.21384	0.518042	18.0	-0.0335399	0.907555	0.23925	19.0	-0.0580581	1.04194	0.202878	20.0	-0.118749	1.05867	1.38052	21.0	-0.340881	1.10241	0.708669	22.0	-0.302474	1.11289	0.818889	23.0	0.12577	1.23262	0.762197	24.0	0.134632	1.24313	0.822093
43.203	0.0	-0.071607	1.14548	0.845966	1.0	-0.0981003	1.11106	1.15782	2.0	-0.130956	1.0883	1.46111	3.0	-0.110304	1.10882	1.60637	4.0	-0.284217	1.0906	1.31674	5.0	-0.351386	1.0834	1.06016	6.0	-0.353121	1.13737	0.847321	7.0	-0.358142	1.14526	0.784854	8.0	0.0659489	1.10901	1.31503	9.0	0.12012	1.1345	1.07331	10.0	0.123364	1.20791	0.866057	11.0	0.122466	1.22691	0.818954	12.0	-0.168139	1.16628	0.849395	13.0	-0.164051	1.26499	0.483923	14.0	-0.140556	1.25268	0.141977	15.0	-0.149202	1.34639	0.0769785	16.0	-0.0173289	1.1839	0.847912	17.0	-0.00279547	1.24712	0.50821	18.0	-0.0246312	0.947037	0.221966	19.0	-0.048203	1.08145	0.185773	20.0	-0.121557	1.0919	1.38645	21.0	-0.355035	1.15654	0.717058	22.0	-0.340331	1.17843	0.79313	23.0	0.124479	1.24577	0.762074	24.0	0.135323	1.2452	0.814852
43.235	0.0	-0.0704384	1.17186	0.851768	1.0	-0.0993404	1.13656	1.16406	2.0	-0.134559	1.11291	1.4677	3.0	-0.1116	1.14223	1.6148	4.0	-0.289669	1.12176	1.32385	5.0	-0.358845	1.11942	1.07167	6.0	-0.35956	1.17301	0.858531	7.0	-0.361374	1.18809	0.79564	8.0	0.0589911	1.13918	1.32587	9.0	0.124947	1.15128	1.07481	10.0	0.118567	1.22557	0.867545	11.0	0.121245	1.2472	0.819985	12.0	-0.166848	1.19704	0.854225	13.0	-0.16378	1.27499	0.486832	14.0	-0.14026	1.25648	0.140542	15.0	-0.148863	1.34569	0.076983	16.0	-0.0162834	1.20842	0.854855	17.0	-0.00382921	1.27306	0.509603	18.0	-0.0345086	0.985269	0.209607	19.0	-0.05809	1.11968	0.173648	20.0	-0.124578	1.1168	1.39297	21.0	-0.35236	1.19566	0.725198	22.0	-0.321396	1.19004	0.818593	23.0	0.122344	1.25994	0.768912	24.0	0.141118	1.2659	0.804374
43.268	0.0	-0.0683259	1.19962	0.859136	1.0	-0.0988228	1.16482	1.17138	2.0	-0.135725	1.14151	1.47485	3.0	-0.113274	1.1636	1.62079	4.0	-0.29448	1.14995	1.33176	5.0	-0.36507	1.15242	1.07611	6.0	-0.365819	1.22608	0.853656	7.0	-0.3649	1.23377	0.804829	8.0	0.0559158	1.15638	1.33337	9.0	0.114767	1.18691	1.07876	10.0	0.10749	1.27172	0.841849	11.0	0.119731	1.27258	0.820362	12.0	-0.163996	1.22489	0.859409	13.0	-0.168175	1.28021	0.484847	14.0	-0.140724	1.25767	0.141096	15.0	-0.148784	1.34594	0.076585	16.0	-0.0153102	1.23444	0.86398	17.0	-0.000296648	1.31389	0.511533	18.0	-0.0054031	1.26543	0.203956	19.0	-0.0476696	1.36561	0.277306	20.0	-0.125312	1.1453	1.40018	21.0	-0.348124	1.23985	0.736199	22.0	-0.324614	1.24244	0.817091	23.0	0.125099	1.28509	0.779987	24.0	0.133303	1.2851	0.810618
43.303	0.0	-0.0681391	1.22535	0.866498	1.0	-0.101076	1.18875	1.1788	2.0	-0.140287	1.16392	1.48227	3.0	-0.115659	1.1935	1.62746	4.0	-0.294218	1.17841	1.33947	5.0	-0.36473	1.19397	1.08706	6.0	-0.365011	1.26258	0.864579	7.0	-0.365405	1.27836	0.812275	8.0	0.0525989	1.17866	1.343	9.0	0.123621	1.19129	1.08254	10.0	0.116887	1.27344	0.845262	11.0	0.126559	1.29062	0.836345	12.0	-0.163194	1.25332	0.864689	13.0	-0.170548	1.28156	0.480451	14.0	-0.141497	1.25882	0.141403	15.0	-0.148473	1.34608	0.0760134	16.0	-0.0160135	1.25803	0.873357	17.0	0.0136016	1.3968	0.596009	18.0	-0.00582274	1.33722	0.285195	19.0	-0.0959242	1.35895	0.181722	20.0	-0.129306	1.16808	1.40761	21.0	-0.353898	1.29625	0.744168	22.0	-0.327749	1.28582	0.834499	23.0	0.137374	1.29292	0.801694	24.0	0.13693	1.29901	0.802175
43.336	0.0	-0.0746706	1.25256	0.869624	1.0	-0.106306	1.2136	1.1829	2.0	-0.14439	1.18624	1.48705	3.0	-0.117821	1.21614	1.6314	4.0	-0.29644	1.20935	1.34355	5.0	-0.373534	1.22566	1.10878	6.0	-0.366778	1.30596	0.879174	7.0	-0.369557	1.32133	0.82705	8.0	0.0466069	1.20485	1.34833	9.0	0.147112	1.19246	1.16094	10.0	0.0749097	1.3248	0.901908	11.0	0.0344175	1.35019	0.901974	12.0	-0.168914	1.27921	0.865115	13.0	-0.174597	1.2862	0.471611	14.0	-0.139236	1.25903	0.141566	15.0	-0.147835	1.34612	0.0756213	16.0	-0.0236491	1.28594	0.879317	17.0	0.0210156	1.4495	0.616244	18.0	-0.00788052	1.27844	0.233413	19.0	-0.0267862	1.41209	0.197864	20.0	-0.133675	1.19105	1.41226	21.0	-0.355373	1.32782	0.754789	22.0	-0.331731	1.32999	0.849768	23.0	0.0274813	1.41914	0.830593	24.0	0.116635	1.32749	0.854412
43.369	0.0	-0.0764732	1.27456	0.874669	1.0	-0.108164	1.23897	1.18748	2.0	-0.146317	1.21508	1.49106	3.0	-0.118622	1.24086	1.63582	4.0	-0.297854	1.23092	1.34754	5.0	-0.374805	1.24845	1.11183	6.0	-0.36946	1.34221	0.89174	7.0	-0.368602	1.3652	0.833208	8.0	0.0438203	1.22457	1.3533	9.0	0.144897	1.20122	1.16823	10.0	0.0738249	1.31091	0.899142	11.0	0.0736251	1.36427	0.889189	12.0	-0.171293	1.30281	0.869555	13.0	-0.177408	1.28972	0.47062	14.0	-0.140778	1.26052	0.141027	15.0	-0.141485	1.34713	0.076218	16.0	-0.025168	1.30618	0.884729	17.0	0.0248091	1.49768	0.639101	18.0	-0.0227601	1.33036	0.254782	19.0	-0.0413366	1.46379	0.219023	20.0	-0.135581	1.21903	1.41643	21.0	-0.359585	1.37915	0.769652	22.0	-0.335407	1.38798	0.838601	23.0	0.0682136	1.3761	0.884729	24.0	0.0595385	1.38647	0.885581
43.403	0.0	-0.0776535	1.29971	0.881842	1.0	-0.110332	1.26336	1.19149	2.0	-0.149469	1.23871	1.49212	3.0	-0.120008	1.26675	1.63945	4.0	-0.300253	1.25191	1.34995	5.0	-0.377514	1.27944	1.1182	6.0	-0.368094	1.37611	0.896971	7.0	-0.371411	1.407	0.842495	8.0	0.0450707	1.24488	1.35463	9.0	0.14358	1.22576	1.16714	10.0	0.0411518	1.39185	0.937822	11.0	0.0168798	1.40539	0.915773	12.0	-0.174065	1.3293	0.877781	13.0	-0.182637	1.29848	0.475167	14.0	-0.141107	1.26112	0.141129	15.0	-0.142436	1.34554	0.0745691	16.0	-0.0251761	1.32977	0.890759	17.0	0.0280869	1.54055	0.659841	18.0	-0.018731	1.35841	0.310354	19.0	-0.0567175	1.40655	0.18987	20.0	-0.138483	1.24284	1.41821	21.0	-0.361241	1.42391	0.781215	22.0	-0.37486	1.45267	0.857294	23.0	0.0146036	1.45394	0.880641	24.0	0.0232545	1.46581	0.880921
43.436	0.0	-0.0782486	1.32179	0.887524	1.0	-0.111014	1.28596	1.19529	2.0	-0.150296	1.26159	1.49391	3.0	-0.120899	1.28654	1.64083	4.0	-0.299402	1.27762	1.35133	5.0	-0.378702	1.30748	1.11795	6.0	-0.370381	1.41596	0.902332	7.0	-0.370398	1.4491	0.850449	8.0	0.0460901	1.26454	1.36207	9.0	0.145731	1.25996	1.17304	10.0	0.0203611	1.41144	0.944851	11.0	0.00628451	1.42903	0.925696	12.0	-0.175616	1.35256	0.883766	13.0	-0.186777	1.30868	0.483315	14.0	-0.140331	1.26354	0.140516	15.0	-0.128046	1.36871	0.100285	16.0	-0.0251043	1.3504	0.895963	17.0	0.028836	1.57003	0.672413	18.0	-0.0114937	1.42275	0.326835	19.0	-0.0351683	1.48786	0.242243	20.0	-0.139265	1.26568	1.42051	21.0	-0.360607	1.47351	0.791521	22.0	-0.354019	1.48222	0.865426	23.0	0.00799876	1.50362	0.873728	24.0	0.0138526	1.5018	0.880008
43.469	0.0	-0.0760444	1.34377	0.890063	1.0	-0.109531	1.30913	1.19628	2.0	-0.149628	1.28598	1.49323	3.0	-0.121168	1.31254	1.64092	4.0	-0.29889	1.30017	1.35046	5.0	-0.378629	1.33236	1.12279	6.0	-0.366018	1.44267	0.907338	7.0	-0.370242	1.4865	0.857312	8.0	0.040692	1.29461	1.36281	9.0	0.142048	1.26805	1.17856	10.0	0.00226057	1.43122	0.966733	11.0	-0.00199364	1.47104	0.90386	12.0	-0.174385	1.37136	0.884902	13.0	-0.188976	1.3221	0.488442	14.0	-0.13982	1.26455	0.141413	15.0	-0.14227	1.35281	0.0773532	16.0	-0.0221147	1.37557	0.900045	17.0	0.0295053	1.59885	0.678978	18.0	-0.0105494	1.47886	0.330446	19.0	-0.0358021	1.54533	0.250473	20.0	-0.13838	1.28977	1.42026	21.0	-0.35688	1.51096	0.797474	22.0	-0.349464	1.51998	0.869034	23.0	0.00571946	1.52356	0.874969	24.0	0.0321969	1.52504	0.881195
43.503	0.0	-0.0750873	1.36221	0.890706	1.0	-0.109468	1.32763	1.19632	2.0	-0.150479	1.30441	1.49269	3.0	-0.120611	1.334	1.64045	4.0	-0.298258	1.32099	1.35153	5.0	-0.374546	1.35381	1.12453	6.0	-0.36438	1.4692	0.919179	7.0	-0.358299	1.51613	0.861727	8.0	0.0406057	1.31271	1.36418	9.0	0.145164	1.29405	1.18028	10.0	-0.00208262	1.44962	0.967804	11.0	-0.0130761	1.47257	0.953921	12.0	-0.173504	1.39083	0.885287	13.0	-0.189466	1.33022	0.491497	14.0	-0.139519	1.26518	0.141928	15.0	-0.143289	1.3496	0.0745629	16.0	-0.0214168	1.39245	0.900806	17.0	0.0305753	1.62569	0.689059	18.0	-0.00184984	1.53756	0.334968	19.0	-0.0260523	1.5998	0.253336	20.0	-0.138998	1.30823	1.41986	21.0	-0.353886	1.54545	0.804576	22.0	-0.272479	1.47705	0.880115	23.0	-0.0258841	1.50091	0.901458	24.0	0.0278407	1.49135	0.923618
43.536	0.0	-0.0746527	1.38152	0.89025	1.0	-0.10949	1.3509	1.19638	2.0	-0.151129	1.33197	1.49332	3.0	-0.12136	1.35988	1.6418	4.0	-0.29731	1.3458	1.35082	5.0	-0.373569	1.37967	1.12662	6.0	-0.36227	1.49434	0.92304	7.0	-0.3439	1.54016	0.867402	8.0	0.0438687	1.33547	1.36381	9.0	0.143582	1.32308	1.17583	10.0	-0.00729392	1.48176	0.968065	11.0	-0.0199036	1.49685	0.954075	12.0	-0.172812	1.4072	0.88482	13.0	-0.190412	1.34661	0.500786	14.0	-0.139624	1.26646	0.142904	15.0	-0.143388	1.34796	0.0735408	16.0	-0.021612	1.41475	0.900372	17.0	0.0310126	1.65115	0.692231	18.0	0.00115077	1.59773	0.324733	19.0	-0.0164104	1.67323	0.250261	20.0	-0.13947	1.33469	1.42036	21.0	-0.354255	1.57783	0.80955	22.0	-0.261629	1.51377	0.86414	23.0	-0.00767856	1.53921	0.900181	24.0	0.0264626	1.50884	0.9334
43.569	0.0	-0.0754468	1.40192	0.888383	1.0	-0.109551	1.37111	1.19507	2.0	-0.150492	1.35151	1.49245	3.0	-0.119033	1.38235	1.6401	4.0	-0.295969	1.36391	1.35098	5.0	-0.367539	1.40064	1.12638	6.0	-0.351597	1.52301	0.923374	7.0	-0.338723	1.56579	0.869438	8.0	0.043697	1.36374	1.36179	9.0	0.141867	1.34222	1.17451	10.0	-0.00302741	1.49918	0.961431	11.0	-0.0157835	1.51994	0.948607	12.0	-0.173352	1.42811	0.882706	13.0	-0.191646	1.3557	0.504453	14.0	-0.139632	1.26796	0.143349	15.0	-0.143575	1.34796	0.0729922	16.0	-0.0228784	1.43414	0.898823	17.0	0.030974	1.67142	0.692352	18.0	0.00517751	1.66822	0.301722	19.0	-0.00489762	1.75158	0.234311	20.0	-0.139	1.35444	1.41939	21.0	-0.348831	1.60529	0.810893	22.0	-0.255498	1.54035	0.858917	23.0	-0.0155516	1.55215	0.895881	24.0	0.0323382	1.52731	0.927608
43.603	0.0	-0.074435	1.42572	0.886112	1.0	-0.107832	1.39967	1.19349	2.0	-0.148065	1.38533	1.4916	3.0	-0.117613	1.41306	1.64074	4.0	-0.294449	1.38963	1.35115	5.0	-0.363476	1.42338	1.12549	6.0	-0.351734	1.54017	0.926954	7.0	-0.338223	1.59284	0.869341	8.0	0.0393355	1.39711	1.36338	9.0	0.118908	1.40359	1.16287	10.0	-0.0259712	1.55837	0.948225	11.0	-0.0121935	1.55766	0.908731	12.0	-0.172075	1.45011	0.881088	13.0	-0.193832	1.37255	0.508925	14.0	-0.13975	1.27055	0.143723	15.0	-0.144387	1.34884	0.072205	16.0	-0.0225275	1.45959	0.895947	17.0	0.0304091	1.70872	0.669828	18.0	0.0112349	1.73284	0.287027	19.0	-0.00681023	1.81301	0.217231	20.0	-0.136743	1.38691	1.41836	21.0	-0.339581	1.62649	0.810129	22.0	-0.254607	1.56858	0.857087	23.0	0.00250723	1.61469	0.871593	24.0	0.0328338	1.6122	0.87793
43.636	0.0	-0.0732194	1.44214	0.884309	1.0	-0.106189	1.41708	1.19307	2.0	-0.14615	1.4032	1.49245	3.0	-0.11265	1.43128	1.64244	4.0	-0.291578	1.40932	1.34965	5.0	-0.360834	1.43994	1.12491	6.0	-0.3436	1.56348	0.925614	7.0	-0.329289	1.60965	0.867721	8.0	0.0447925	1.4134	1.36194	9.0	0.132984	1.40042	1.16755	10.0	-0.0101246	1.55665	0.952766	11.0	-0.0112396	1.56833	0.931077	12.0	-0.170658	1.46696	0.878896	13.0	-0.193686	1.38441	0.51	14.0	-0.141014	1.27297	0.144394	15.0	-0.144415	1.34872	0.0716264	16.0	-0.0217468	1.47526	0.894625	17.0	0.0317497	1.7153	0.660743	18.0	0.0137062	1.77399	0.270775	19.0	-0.00101556	1.86334	0.209198	20.0	-0.134877	1.40473	1.41891	21.0	-0.336763	1.65007	0.808989	22.0	-0.24716	1.58705	0.861129	23.0	0.00748982	1.61153	0.877592	24.0	0.0407997	1.58633	0.900351
43.669	0.0	-0.0728911	1.46725	0.878208	1.0	-0.104683	1.4431	1.18853	2.0	-0.143591	1.43021	1.48931	3.0	-0.10931	1.45996	1.64353	4.0	-0.2865	1.43842	1.34657	5.0	-0.358953	1.46261	1.12194	6.0	-0.339653	1.59134	0.918695	7.0	-0.325425	1.6326	0.861346	8.0	0.0451477	1.45308	1.35441	9.0	0.125253	1.44384	1.15554	10.0	-0.0200292	1.60164	0.943272	11.0	-0.00245777	1.59413	0.903773	12.0	-0.171001	1.48941	0.874009	13.0	-0.193624	1.4037	0.513795	14.0	-0.141158	1.27424	0.14384	15.0	-0.144524	1.34932	0.0707215	16.0	-0.0210651	1.50287	0.887468	17.0	0.0328141	1.74357	0.629488	18.0	0.0190175	1.81385	0.259779	19.0	-0.00395468	1.90397	0.198939	20.0	-0.132565	1.43148	1.41544	21.0	-0.32596	1.67031	0.800247	22.0	-0.246132	1.60538	0.878437	23.0	0.00703434	1.63252	0.865503	24.0	0.0369179	1.62156	0.880641
43.703	0.0	-0.0733324	1.4938	0.871923	1.0	-0.104041	1.47285	1.18332	2.0	-0.141965	1.46317	1.48519	3.0	-0.104984	1.489	1.63861	4.0	-0.28526	1.46571	1.34197	5.0	-0.354368	1.498	1.11499	6.0	-0.335085	1.61144	0.914749	7.0	-0.318732	1.65601	0.853976	8.0	0.0448454	1.47994	1.35435	9.0	0.12445	1.46704	1.15572	10.0	-0.0206512	1.62548	0.943767	11.0	-0.00533769	1.62012	0.906049	12.0	-0.17199	1.51505	0.868286	13.0	-0.194536	1.4206	0.515535	14.0	-0.141585	1.27627	0.141584	15.0	-0.144849	1.3523	0.0689746	16.0	-0.0213728	1.52979	0.880948	17.0	0.0346378	1.78645	0.563531	18.0	0.0213897	1.85935	0.232356	19.0	-0.0026433	1.94671	0.16993	20.0	-0.131167	1.46366	1.41105	21.0	-0.319931	1.68865	0.792592	22.0	-0.239418	1.63081	0.869832	23.0	-0.0231676	1.64899	0.869937	24.0	0.0333957	1.62909	0.891504
43.736	0.0	-0.0684181	1.51847	0.866057	1.0	-0.0994447	1.4972	1.17917	2.0	-0.137896	1.48697	1.48254	3.0	-0.0991662	1.5092	1.63539	4.0	-0.280368	1.49296	1.33788	5.0	-0.351418	1.51371	1.11175	6.0	-0.327084	1.64116	0.903436	7.0	-0.313189	1.67707	0.846876	8.0	0.0510803	1.51029	1.34789	9.0	0.130565	1.49879	1.14907	10.0	-0.0148185	1.65695	0.937108	11.0	0.00156584	1.64453	0.896321	12.0	-0.168214	1.53678	0.862829	13.0	-0.194038	1.43295	0.514237	14.0	-0.141413	1.27767	0.140574	15.0	-0.145031	1.35345	0.067779	16.0	-0.0157193	1.55727	0.874893	17.0	0.0336405	1.78916	0.553999	18.0	0.0235945	1.88229	0.215038	19.0	0.00245804	1.97143	0.154843	20.0	-0.126943	1.48762	1.40805	21.0	-0.309644	1.70272	0.780049	22.0	-0.236104	1.65437	0.857	23.0	-0.0456888	1.66199	0.868544	24.0	0.0281548	1.66287	0.868082
43.769	0.0	-0.0658904	1.55027	0.857895	1.0	-0.0956684	1.53191	1.17187	2.0	-0.132988	1.52475	1.47607	3.0	-0.0940788	1.54501	1.62795	4.0	-0.274829	1.53029	1.32876	5.0	-0.342375	1.55964	1.0977	6.0	-0.325196	1.67174	0.891232	7.0	-0.309263	1.70166	0.836475	8.0	0.0552528	1.54298	1.34548	9.0	0.134452	1.53054	1.14668	10.0	-0.0109882	1.68882	0.934825	11.0	-0.00291349	1.67511	0.898148	12.0	-0.165591	1.56951	0.855238	13.0	-0.193654	1.45513	0.513352	14.0	-0.14269	1.27971	0.139711	15.0	-0.144907	1.35577	0.0672854	16.0	-0.0138863	1.58741	0.866533	17.0	0.0280598	1.7946	0.540358	18.0	0.0215553	1.91332	0.187332	19.0	-0.00717879	2.04167	0.152842	20.0	-0.122296	1.52463	1.40138	21.0	-0.306932	1.72896	0.77042	22.0	-0.229236	1.68626	0.830262	23.0	-0.0510864	1.69658	0.86416	24.0	0.0228437	1.69127	0.869379
43.803	0.0	-0.0628079	1.57574	0.850381	1.0	-0.090765	1.56097	1.16704	2.0	-0.126341	1.55759	1.47409	3.0	-0.0887944	1.57571	1.62402	4.0	-0.270093	1.55753	1.32497	5.0	-0.339457	1.58281	1.09219	6.0	-0.321581	1.69885	0.88117	7.0	-0.303392	1.72869	0.82991	8.0	0.0575178	1.59121	1.33111	9.0	0.0711188	1.63196	1.11364	10.0	-0.063826	1.78451	0.89128	11.0	-0.0270862	1.86897	0.919885	12.0	-0.162313	1.59206	0.848801	13.0	-0.192699	1.47411	0.510433	14.0	-0.144019	1.28537	0.138528	15.0	-0.145683	1.3584	0.0646214	16.0	-0.0115144	1.61569	0.858097	17.0	0.0222472	1.80366	0.514422	18.0	0.016967	1.92379	0.162472	19.0	-0.0180368	2.05139	0.127967	20.0	-0.116068	1.55652	1.39867	21.0	-0.301561	1.75474	0.76094	22.0	-0.229911	1.71146	0.843278	23.0	-0.0756505	1.89005	0.885824	24.0	-0.00224749	1.88423	0.890985
43.836	0.0	-0.0579194	1.61718	0.837926	1.0	-0.0835958	1.60291	1.15807	2.0	-0.117405	1.59938	1.46817	3.0	-0.081534	1.6164	1.62575	4.0	-0.263843	1.60314	1.31655	5.0	-0.333566	1.61841	1.08643	6.0	-0.316073	1.74084	0.864844	7.0	-0.300165	1.76068	0.817495	8.0	0.0660313	1.61982	1.33141	9.0	0.0794727	1.66027	1.11388	10.0	-0.0555572	1.81279	0.891532	11.0	-0.0187765	1.89736	0.920172	12.0	-0.157359	1.63232	0.835765	13.0	-0.193784	1.50393	0.505031	14.0	-0.146418	1.29266	0.145452	15.0	-0.14739	1.35704	0.0676351	16.0	-0.00738071	1.65726	0.84682	17.0	0.01784	1.80971	0.505731	18.0	0.0136773	1.92378	0.154835	19.0	-0.0160127	2.05173	0.120427	20.0	-0.107515	1.59842	1.39204	21.0	-0.299664	1.78318	0.749617	22.0	-0.224354	1.74647	0.824819	23.0	-0.0674261	1.91834	0.886112	24.0	0.00586034	1.9124	0.891278
43.869	0.0	-0.0553686	1.65736	0.833968	1.0	-0.0774687	1.63943	1.15509	2.0	-0.108065	1.63286	1.46587	3.0	-0.0721205	1.65315	1.62167	4.0	-0.258118	1.63675	1.31364	5.0	-0.328026	1.65444	1.0815	6.0	-0.314507	1.76501	0.856213	7.0	-0.315206	1.79756	0.809053	8.0	0.075241	1.6701	1.32308	9.0	0.0884742	1.71041	1.10556	10.0	-0.0466976	1.8628	0.883202	11.0	-0.00988953	1.94746	0.911865	12.0	-0.156048	1.67518	0.835343	13.0	-0.19165	1.54028	0.506951	14.0	-0.149326	1.31217	0.157025	15.0	-0.149197	1.35628	0.0736448	16.0	-0.00427786	1.69483	0.83965	17.0	0.0135144	1.82666	0.489594	18.0	0.00863851	1.918	0.155254	19.0	-0.0260366	2.04581	0.121101	20.0	-0.0989465	1.63261	1.38959	21.0	-0.298904	1.81554	0.744203	22.0	-0.283974	1.81308	0.830448	23.0	-0.0586758	1.96829	0.877849	24.0	0.0144254	1.96214	0.883083
43.903	0.0	-0.0484475	1.70871	0.828661	1.0	-0.066598	1.68913	1.1514	2.0	-0.0935034	1.67973	1.46367	3.0	-0.0571462	1.70286	1.61788	4.0	-0.246944	1.68444	1.31133	5.0	-0.319956	1.68971	1.08154	6.0	-0.313262	1.7937	0.857252	7.0	-0.312047	1.825	0.808403	8.0	0.082383	1.7099	1.32295	9.0	0.0954421	1.75004	1.10537	10.0	-0.0398321	1.90233	0.882985	11.0	-0.00296468	1.98714	0.911699	12.0	-0.14874	1.71918	0.831488	13.0	-0.187246	1.59318	0.510734	14.0	-0.153691	1.34013	0.177123	15.0	-0.151893	1.3633	0.0814004	16.0	0.000835937	1.74898	0.833275	17.0	0.0105034	1.83677	0.485454	18.0	0.00108517	1.91923	0.151795	19.0	-0.0312143	2.04734	0.117896	20.0	-0.0852652	1.68028	1.38704	21.0	-0.296435	1.8418	0.742019	22.0	-0.267602	1.831	0.829473	23.0	-0.05186	2.00784	0.877688	24.0	0.0210921	2.00152	0.882934
43.936	0.0	-0.0401776	1.74784	0.828393	1.0	-0.0582333	1.72781	1.15226	2.0	-0.0849658	1.71865	1.4655	3.0	-0.0444052	1.74087	1.61555	4.0	-0.240531	1.72073	1.31158	5.0	-0.316297	1.7228	1.08207	6.0	-0.31002	1.82499	0.854177	7.0	-0.310501	1.85418	0.805874	8.0	0.0954947	1.75643	1.3217	9.0	0.108328	1.79634	1.10407	10.0	-0.0270776	1.94851	0.881668	11.0	0.00981878	2.03342	0.910411	12.0	-0.139157	1.76646	0.831469	13.0	-0.186479	1.64913	0.516568	14.0	-0.16021	1.38062	0.193884	15.0	-0.153865	1.38459	0.0768134	16.0	0.00810192	1.78509	0.832625	17.0	0.00555167	1.86464	0.481861	18.0	-0.00259985	1.92416	0.150046	19.0	-0.0369635	2.00867	0.078217	20.0	-0.0767597	1.71915	1.38865	21.0	-0.29655	1.8679	0.740119	22.0	-0.267977	1.86789	0.81953	23.0	-0.0392126	2.05396	0.87641	24.0	0.0335527	2.04742	0.881676
43.968	0.0	-0.0348836	1.79383	0.828081	1.0	-0.0492689	1.77387	1.15502	2.0	-0.0725486	1.7644	1.47111	3.0	-0.0290198	1.78622	1.62228	4.0	-0.226935	1.77314	1.31695	5.0	-0.307254	1.76506	1.08366	6.0	-0.310419	1.85279	0.856654	7.0	-0.309476	1.88267	0.810086	8.0	0.101091	1.79988	1.31925	9.0	0.113736	1.8396	1.10159	10.0	-0.0217801	1.99166	0.879159	11.0	0.0151544	2.07669	0.907938	12.0	-0.135067	1.80396	0.832854	13.0	-0.181169	1.72184	0.524768	14.0	-0.163463	1.43573	0.216966	15.0	-0.191384	1.5689	0.180923	16.0	0.0129465	1.83393	0.830458	17.0	0.0062163	1.88768	0.480888	18.0	-0.0066139	1.93231	0.14349	19.0	-0.0384355	2.0111	0.0768567	20.0	-0.0651884	1.76499	1.39357	21.0	-0.2986	1.89794	0.744291	22.0	-0.272396	1.90031	0.818924	23.0	-0.0339906	2.09708	0.873953	24.0	0.0386194	2.09035	0.87925
44.003	0.0	-0.0262907	1.83136	0.832669	1.0	-0.0417709	1.81135	1.16039	2.0	-0.0664	1.80148	1.47702	3.0	-0.0181686	1.82644	1.62616	4.0	-0.223639	1.80463	1.32182	5.0	-0.306573	1.79307	1.09166	6.0	-0.307495	1.87915	0.867988	7.0	-0.307493	1.90789	0.819808	8.0	0.110586	1.83354	1.32423	9.0	0.123077	1.87308	1.10649	10.0	-0.0125287	2.02503	0.884018	11.0	0.0244493	2.11019	0.912839	12.0	-0.125602	1.85421	0.837749	13.0	-0.172963	1.80792	0.537069	14.0	-0.164689	1.50376	0.246411	15.0	-0.193623	1.63672	0.210144	16.0	0.0204281	1.86292	0.83494	17.0	0.00689067	1.90854	0.480732	18.0	-0.00703424	1.93299	0.141909	19.0	-0.0382879	2.0133	0.0761681	20.0	-0.0586633	1.80225	1.39938	21.0	-0.3	1.92761	0.749586	22.0	-0.270963	1.9209	0.824412	23.0	-0.0247941	2.13045	0.878833	24.0	0.0476792	2.12355	0.884104
44.035	0.0	-0.0209572	1.87021	0.838554	1.0	-0.0354547	1.84939	1.16656	2.0	-0.0592241	1.8388	1.48332	3.0	-0.00880208	1.86857	1.62821	4.0	-0.21805	1.84214	1.33105	5.0	-0.300273	1.82761	1.09752	6.0	-0.304914	1.905	0.8744	7.0	-0.302657	1.93235	0.826901	8.0	0.122861	1.86768	1.32831	9.0	0.135184	1.90702	1.11051	10.0	-0.094574	1.96728	0.924111	11.0	-0.162338	1.97567	0.853583	12.0	-0.121923	1.88363	0.843387	13.0	-0.169771	1.86373	0.524903	14.0	-0.17137	1.55547	0.237331	15.0	-0.199103	1.68801	0.201517	16.0	0.0261683	1.90603	0.840388	17.0	0.00611553	1.92174	0.474926	18.0	-0.00803561	1.93406	0.140683	19.0	-0.0379971	2.01488	0.0754822	20.0	-0.0516884	1.83973	1.40566	21.0	-0.295335	1.94912	0.755831	22.0	-0.251365	1.94442	0.809074	23.0	-0.215913	2.00449	0.835715	24.0	-0.119734	1.98141	0.817278
44.069	0.0	-0.00901032	1.91159	0.848282	1.0	-0.0280879	1.88594	1.17374	2.0	-0.0559145	1.87085	1.48815	3.0	-0.00100006	1.91199	1.62964	4.0	-0.214578	1.87438	1.33801	5.0	-0.298071	1.85812	1.1043	6.0	-0.304595	1.93263	0.879754	7.0	-0.30414	1.95895	0.830107	8.0	0.131588	1.89967	1.32944	9.0	0.196118	1.89747	1.12348	10.0	-0.0254467	1.9562	0.927203	11.0	-0.0964643	2.00481	0.839587	12.0	-0.109881	1.93324	0.858125	13.0	-0.172207	1.93166	0.531899	14.0	-0.169424	1.62284	0.244056	15.0	-0.166961	1.61709	0.129007	16.0	0.0372149	1.94042	0.845981	17.0	-0.00759373	1.94373	0.469004	18.0	-0.00900129	1.93827	0.139792	19.0	-0.0358785	2.01932	0.0749686	20.0	-0.047403	1.87289	1.41107	21.0	-0.292803	1.97302	0.759037	22.0	-0.261791	1.96736	0.846463	23.0	-0.147031	2.01415	0.797387	24.0	-0.0300835	2.01069	0.802573
44.102	0.0	-0.0044676	1.93849	0.854319	1.0	-0.0235217	1.91803	1.18004	2.0	-0.0520327	1.90761	1.4942	3.0	0.00279626	1.9421	1.63188	4.0	-0.212957	1.90578	1.34153	5.0	-0.287023	1.89872	1.10556	6.0	-0.3055	1.9592	0.885785	7.0	-0.307268	1.98435	0.835095	8.0	0.13846	1.93144	1.33158	9.0	0.215612	1.91149	1.13319	10.0	0.169416	1.95883	0.871833	11.0	0.171347	1.97539	0.792676	12.0	-0.10698	1.95495	0.862641	13.0	-0.162367	1.98391	0.511853	14.0	-0.161687	1.69132	0.206491	15.0	-0.16701	1.72011	0.0968112	16.0	0.0429701	1.97113	0.85289	17.0	-0.0165289	1.97807	0.475494	18.0	-0.00941887	1.94066	0.143822	19.0	-0.0350307	2.01797	0.0764385	20.0	-0.0432757	1.90855	1.41724	21.0	-0.29894	2.001	0.766032	22.0	-0.270058	1.99766	0.858098	23.0	0.16485	1.98273	0.740555	24.0	0.157498	2.01092	0.798671
44.136	0.0	-0.000113778	1.97374	0.860972	1.0	-0.0206798	1.95013	1.18434	2.0	-0.0506233	1.93657	1.49635	3.0	0.00708953	1.97792	1.63369	4.0	-0.209817	1.93873	1.34514	5.0	-0.289544	1.91117	1.10921	6.0	-0.306811	1.98244	0.889931	7.0	-0.309039	2.00994	0.838469	8.0	0.140452	1.9612	1.33507	9.0	0.173777	1.97436	1.04036	10.0	0.18161	2.00364	0.824498	11.0	0.184266	2.02262	0.794054	12.0	-0.10442	1.9923	0.868181	13.0	-0.160067	2.05014	0.524261	14.0	-0.15733	1.79323	0.187064	15.0	-0.118971	1.89936	0.114104	16.0	0.0482803	2.00368	0.860296	17.0	0.0378418	2.02474	0.557263	18.0	-0.00879179	1.9444	0.147013	19.0	-0.040975	1.99089	0.0657883	20.0	-0.0415143	1.93829	1.41991	21.0	-0.300191	2.02707	0.769476	22.0	-0.273234	2.0289	0.853847	23.0	0.175172	2.0502	0.754401	24.0	0.153302	2.07555	0.822671
44.169	0.0	0.00547526	1.99539	0.861399	1.0	-0.0169703	1.97827	1.18526	2.0	-0.049666	1.97195	1.49765	3.0	0.00487322	2.00539	1.6342	4.0	-0.208322	1.97191	1.34629	5.0	-0.293347	1.94823	1.10942	6.0	-0.30896	2.01165	0.889291	7.0	-0.313264	2.03584	0.837239	8.0	0.137323	2.00109	1.3326	9.0	0.176374	2.01091	1.03886	10.0	0.189763	2.06296	0.827061	11.0	0.187569	2.08053	0.825197	12.0	-0.0978707	2.01228	0.865986	13.0	-0.165959	2.10274	0.508386	14.0	-0.142373	1.89875	0.136942	15.0	-0.0995206	2.00035	0.0733844	16.0	0.0524923	2.02671	0.863532	17.0	0.0753122	2.04504	0.567334	18.0	0.0047457	1.95671	0.151413	19.0	-0.02753	2.08394	0.117282	20.0	-0.0397741	1.97182	1.42114	21.0	-0.302628	2.05124	0.767734	22.0	-0.304326	2.07421	0.846226	23.0	0.183135	2.11503	0.76922	24.0	0.156698	2.12838	0.849328
44.202	0.0	0.00606998	2.02646	0.856402	1.0	-0.0172179	2.01144	1.18216	2.0	-0.0504996	2.00546	1.49637	3.0	0.00618763	2.05335	1.6318	4.0	-0.207405	2.00702	1.34304	5.0	-0.295039	1.971	1.10879	6.0	-0.312715	2.03296	0.890766	7.0	-0.319076	2.05956	0.836318	8.0	0.140143	2.02973	1.32971	9.0	0.190538	2.04233	1.05742	10.0	0.187728	2.11449	0.849597	11.0	0.189781	2.13866	0.83458	12.0	-0.0960517	2.04292	0.862171	13.0	-0.163174	2.16894	0.498036	14.0	-0.164361	2.00117	0.158854	15.0	-0.134221	2.08737	0.0695384	16.0	0.0513426	2.05704	0.857502	17.0	-0.0163921	1.95259	0.471377	18.0	-0.0984592	2.00118	0.126881	19.0	-0.0652731	2.04068	0.063691	20.0	-0.0404896	2.00542	1.41943	21.0	-0.314385	2.07888	0.767523	22.0	-0.311675	2.09889	0.843302	23.0	0.181455	2.17902	0.782357	24.0	0.160338	2.18166	0.858419
44.236	0.0	0.0029543	2.06278	0.857074	1.0	-0.0188607	2.04511	1.18152	2.0	-0.0507967	2.03748	1.49423	3.0	0.00415855	2.07771	1.62916	4.0	-0.210052	2.03636	1.3413	5.0	-0.299741	2.0022	1.1045	6.0	-0.317186	2.05798	0.888645	7.0	-0.324124	2.08272	0.83375	8.0	0.137818	2.0644	1.33151	9.0	0.185351	2.0748	1.05497	10.0	0.193397	2.17017	0.856506	11.0	0.191104	2.19344	0.842936	12.0	-0.100146	2.07758	0.85953	13.0	-0.15969	2.22417	0.51857	14.0	-0.13917	2.12827	0.106356	15.0	-0.164773	2.21739	0.0511379	16.0	0.0486092	2.09479	0.86163	17.0	-0.0111082	1.98903	0.47507	18.0	-0.0494668	1.96626	0.160706	19.0	-0.0810873	2.09392	0.126717	20.0	-0.0411068	2.03777	1.41768	21.0	-0.322093	2.10264	0.762765	22.0	-0.283383	2.10171	0.842563	23.0	0.183085	2.2374	0.792554	24.0	0.161589	2.23975	0.864257
44.269	0.0	-0.00177511	2.08937	0.857296	1.0	-0.0211282	2.07557	1.17969	2.0	-0.0503341	2.0715	1.48995	3.0	0.00321708	2.11844	1.62337	4.0	-0.210377	2.07142	1.33715	5.0	-0.298551	2.03656	1.09721	6.0	-0.320798	2.08347	0.88145	7.0	-0.329074	2.10466	0.828185	8.0	0.142369	2.09198	1.32928	9.0	0.187038	2.11815	1.05713	10.0	0.193663	2.20712	0.855764	11.0	0.193792	2.25686	0.824372	12.0	-0.107151	2.10773	0.85966	13.0	-0.158546	2.26836	0.535955	14.0	-0.128891	2.22215	0.111308	15.0	-0.159029	2.34712	0.0791944	16.0	0.0455453	2.11706	0.861876	17.0	-0.00678983	2.00359	0.47757	18.0	-0.0348421	1.97715	0.162921	19.0	-0.094124	2.09908	0.0957214	20.0	-0.0413394	2.07094	1.41405	21.0	-0.330724	2.12303	0.75798	22.0	-0.289852	2.12483	0.830306	23.0	0.174356	2.29855	0.799179	24.0	0.162321	2.29063	0.859126
44.303	0.0	-0.0107891	2.12824	0.857993	1.0	-0.02792	2.11293	1.17873	2.0	-0.0553969	2.10677	1.48751	3.0	-0.000695884	2.1463	1.62031	4.0	-0.214372	2.10349	1.33321	5.0	-0.301805	2.06744	1.09137	6.0	-0.323317	2.10527	0.874866	7.0	-0.333181	2.12581	0.822518	8.0	0.136041	2.13707	1.32644	9.0	0.182517	2.15505	1.05887	10.0	0.190744	2.26305	0.866479	11.0	0.191102	2.30536	0.829056	12.0	-0.116142	2.14179	0.862946	13.0	-0.154573	2.2934	0.540314	14.0	-0.149618	2.33856	0.170541	15.0	-0.134921	2.39232	0.104295	16.0	0.0361612	2.16012	0.859749	17.0	-0.103809	2.17095	0.497891	18.0	-0.0371958	1.96021	0.137043	19.0	-0.0350401	2.03442	0.0650171	20.0	-0.0467817	2.10679	1.41196	21.0	-0.337431	2.13692	0.751411	22.0	-0.289343	2.13936	0.833013	23.0	0.169838	2.34505	0.801828	24.0	0.158573	2.33996	0.864965
44.335	0.0	-0.0205486	2.1671	0.855141	1.0	-0.0344076	2.14893	1.17447	2.0	-0.0590214	2.14029	1.48173	3.0	-0.00784223	2.18896	1.60977	4.0	-0.21899	2.13998	1.32672	5.0	-0.303962	2.10861	1.07898	6.0	-0.327127	2.13596	0.861403	7.0	-0.337265	2.14996	0.811087	8.0	0.13657	2.1699	1.32074	9.0	0.181992	2.19226	1.06142	10.0	0.18995	2.29686	0.867248	11.0	0.188665	2.34577	0.830126	12.0	-0.126516	2.1782	0.861036	13.0	-0.152729	2.32334	0.547176	14.0	-0.183647	2.4183	0.241212	15.0	-0.165417	2.46255	0.170001	16.0	0.0265213	2.20025	0.856422	17.0	-0.109881	2.20124	0.513142	18.0	-0.0406108	1.97634	0.161629	19.0	-0.0337867	2.03064	0.0652183	20.0	-0.0510826	2.14092	1.40657	21.0	-0.334096	2.15491	0.738877	22.0	-0.298751	2.16727	0.823638	23.0	0.163261	2.39141	0.80125	24.0	0.161733	2.37405	0.869476
44.369	0.0	-0.0347158	2.19824	0.85106	1.0	-0.0439938	2.18296	1.16957	2.0	-0.0639185	2.17718	1.47568	3.0	-0.0127027	2.21575	1.60425	4.0	-0.222216	2.17244	1.32091	5.0	-0.306644	2.13445	1.07047	6.0	-0.331596	2.16099	0.852945	7.0	-0.341289	2.17459	0.799501	8.0	0.130358	2.2114	1.31517	9.0	0.181068	2.23246	1.06188	10.0	0.188158	2.33322	0.865749	11.0	0.186297	2.38308	0.826864	12.0	-0.144096	2.21571	0.858516	13.0	-0.168733	2.33968	0.572359	14.0	-0.177893	2.47423	0.250601	15.0	-0.215695	2.59653	0.217936	16.0	0.0149256	2.22546	0.85138	17.0	-0.114019	2.23453	0.524089	18.0	-0.0439735	1.99482	0.182886	19.0	-0.0327493	2.02822	0.0688926	20.0	-0.0571601	2.1771	1.40085	21.0	-0.328329	2.18331	0.724488	22.0	-0.336909	2.21552	0.803842	23.0	0.165504	2.42412	0.795794	24.0	0.159403	2.414	0.865159
44.403	0.0	-0.0569855	2.23094	0.843586	1.0	-0.0572828	2.21592	1.16318	2.0	-0.0696323	2.21063	1.46994	3.0	-0.0273738	2.24331	1.604	4.0	-0.226111	2.21137	1.31365	5.0	-0.309551	2.17745	1.05621	6.0	-0.335485	2.19266	0.838052	7.0	-0.34452	2.20269	0.788029	8.0	0.122478	2.24919	1.30926	9.0	0.176343	2.27635	1.0511	10.0	0.186516	2.37176	0.852773	11.0	0.183923	2.41819	0.815893	12.0	-0.166093	2.24183	0.851199	13.0	-0.166274	2.36301	0.56586	14.0	-0.199317	2.54839	0.172317	15.0	-0.242359	2.67097	0.147159	16.0	-0.00714719	2.26371	0.844068	17.0	-0.00251432	2.11942	0.474278	18.0	-0.0281177	1.95834	0.122175	19.0	-0.0197252	2.06248	0.0523742	20.0	-0.0646643	2.21041	1.39498	21.0	-0.337998	2.20908	0.717139	22.0	-0.344355	2.24261	0.794041	23.0	0.159602	2.45628	0.78754	24.0	0.153619	2.4522	0.853205
44.436	0.0	-0.0646681	2.27259	0.841047	1.0	-0.0661921	2.2572	1.15883	2.0	-0.0787214	2.24951	1.46402	3.0	-0.0394371	2.28012	1.59862	4.0	-0.228893	2.24252	1.30786	5.0	-0.312037	2.20836	1.04933	6.0	-0.33679	2.2205	0.83101	7.0	-0.348004	2.23276	0.781575	8.0	0.107416	2.2891	1.31585	9.0	0.170904	2.31565	1.03853	10.0	0.184555	2.40658	0.838756	11.0	0.179668	2.43432	0.830873	12.0	-0.176716	2.28694	0.848278	13.0	-0.157966	2.42017	0.569985	14.0	-0.212581	2.53294	0.159002	15.0	-0.253168	2.6539	0.128435	16.0	-0.0130758	2.30088	0.84196	17.0	-0.00283174	2.15054	0.475093	18.0	-0.0266752	1.96709	0.126377	19.0	-0.0160259	2.0643	0.0510778	20.0	-0.0737642	2.2501	1.38943	21.0	-0.344153	2.23413	0.708144	22.0	-0.30725	2.25029	0.794933	23.0	0.16682	2.47688	0.779362	24.0	0.146528	2.46987	0.849517
44.469	0.0	-0.0799016	2.30538	0.834074	1.0	-0.0766933	2.28651	1.15515	2.0	-0.08562	2.2772	1.46276	3.0	-0.0483511	2.31043	1.59769	4.0	-0.233199	2.27904	1.30437	5.0	-0.319923	2.24041	1.04612	6.0	-0.338846	2.25727	0.827566	7.0	-0.349823	2.26461	0.779895	8.0	0.087712	2.33553	1.31096	9.0	0.163216	2.36124	1.02599	10.0	0.184425	2.43375	0.820525	11.0	0.176471	2.4592	0.822428	12.0	-0.187051	2.3058	0.842949	13.0	-0.160255	2.45837	0.574622	14.0	-0.221841	2.58853	0.163183	15.0	-0.270479	2.70402	0.139544	16.0	-0.0336429	2.34871	0.8341	17.0	-0.00405965	2.19343	0.472871	18.0	-0.0256112	1.97092	0.127041	19.0	-0.0164092	2.06598	0.051551	20.0	-0.0814761	2.27805	1.38763	21.0	-0.349543	2.26329	0.705194	22.0	-0.307703	2.28202	0.798437	23.0	0.16287	2.50061	0.770659	24.0	0.16836	2.50175	0.825319
44.503	0.0	-0.0903983	2.33254	0.833403	1.0	-0.0868937	2.32124	1.15555	2.0	-0.0945705	2.31852	1.46454	3.0	-0.0575057	2.36119	1.59637	4.0	-0.236303	2.31341	1.30361	5.0	-0.326329	2.28048	1.0475	6.0	-0.341877	2.29295	0.82863	7.0	-0.353949	2.30127	0.77858	8.0	0.0598157	2.38072	1.30976	9.0	0.151936	2.39773	1.03036	10.0	0.179767	2.4597	0.822913	11.0	0.166858	2.47898	0.819767	12.0	-0.199976	2.33452	0.841292	13.0	-0.174732	2.48962	0.540752	14.0	-0.222132	2.6065	0.159533	15.0	-0.271933	2.7247	0.129103	16.0	-0.0417077	2.37136	0.834228	17.0	-0.00153294	2.24791	0.460831	18.0	-0.0199162	2.0191	0.150896	19.0	-0.0168092	2.0753	0.0516679	20.0	-0.090804	2.31785	1.38907	21.0	-0.350237	2.30018	0.703546	22.0	-0.316006	2.32343	0.792597	23.0	0.160852	2.51675	0.764601	24.0	0.178253	2.47802	0.80294
44.536	0.0	-0.0942744	2.38321	0.832678	1.0	-0.0910728	2.35925	1.15737	2.0	-0.0991965	2.34553	1.46781	3.0	-0.0626525	2.3726	1.59988	4.0	-0.239245	2.34768	1.30403	5.0	-0.327227	2.31085	1.04853	6.0	-0.346007	2.3308	0.830006	7.0	-0.354464	2.33852	0.779735	8.0	0.061397	2.40381	1.31181	9.0	0.133913	2.44229	1.02672	10.0	0.174074	2.48558	0.81784	11.0	0.170729	2.50712	0.792875	12.0	-0.20144	2.37437	0.839486	13.0	-0.157649	2.54408	0.584636	14.0	-0.206806	2.54145	0.268438	15.0	-0.223564	2.62001	0.401782	16.0	-0.0490034	2.42789	0.835	17.0	-0.00949757	2.28177	0.470429	18.0	-0.0221831	2.09188	0.222192	19.0	-0.025804	2.0964	0.105333	20.0	-0.0953162	2.34743	1.39207	21.0	-0.346331	2.34102	0.702621	22.0	-0.321507	2.36587	0.784128	23.0	0.165098	2.53297	0.756764	24.0	0.157264	2.48039	0.783328
44.569	0.0	-0.0852813	2.43261	0.835315	1.0	-0.0897401	2.40292	1.16071	2.0	-0.104894	2.38201	1.47203	3.0	-0.0739056	2.41587	1.60088	4.0	-0.246729	2.38295	1.30604	5.0	-0.334244	2.35337	1.04796	6.0	-0.350205	2.38084	0.829823	7.0	-0.35737	2.38192	0.781451	8.0	0.0566416	2.44802	1.31012	9.0	0.129679	2.47132	1.02406	10.0	0.164026	2.5285	0.816798	11.0	0.16114	2.52784	0.788314	12.0	-0.194752	2.42698	0.838576	13.0	-0.155393	2.56167	0.566394	14.0	-0.25902	2.50306	0.14937	15.0	-0.313568	2.61363	0.142822	16.0	-0.0383449	2.47932	0.841078	17.0	0.00359796	2.3309	0.477313	18.0	-0.0159003	2.15481	0.218507	19.0	-0.0634599	2.2788	0.185379	20.0	-0.0993282	2.38584	1.39608	21.0	-0.352746	2.38778	0.708823	22.0	-0.365708	2.42669	0.780576	23.0	0.164597	2.54301	0.753488	24.0	0.130992	2.50284	0.778663
44.603	0.0	-0.100533	2.45867	0.829668	1.0	-0.0978765	2.42785	1.16102	2.0	-0.107996	2.40762	1.47753	3.0	-0.0720977	2.45186	1.6013	4.0	-0.251257	2.41283	1.3086	5.0	-0.337409	2.38662	1.0494	6.0	-0.357634	2.4178	0.831751	7.0	-0.359923	2.42635	0.786168	8.0	0.0506841	2.47628	1.30426	9.0	0.1284	2.5101	1.02048	10.0	0.0878545	2.55334	0.801293	11.0	0.103463	2.55704	0.783512	12.0	-0.208891	2.45555	0.835447	13.0	-0.153261	2.57245	0.561985	14.0	-0.148177	2.50727	0.253114	15.0	-0.181597	2.60729	0.372293	16.0	-0.054695	2.49958	0.833555	17.0	-0.0318891	2.38437	0.452029	18.0	-0.00638902	2.19178	0.209152	19.0	0.00658408	2.1941	0.0975234	20.0	-0.103575	2.41117	1.40029	21.0	-0.357942	2.43349	0.71891	22.0	-0.326865	2.45196	0.797472	23.0	0.0174143	2.5897	0.767945	24.0	0.0104354	2.57768	0.805517
44.636	0.0	-0.048639	2.52753	0.825512	1.0	-0.073891	2.48335	1.16186	2.0	-0.110333	2.44028	1.48261	3.0	-0.0767619	2.47419	1.61307	4.0	-0.255932	2.44282	1.3148	5.0	-0.344274	2.42778	1.05539	6.0	-0.359009	2.46866	0.838837	7.0	-0.360943	2.47436	0.792909	8.0	0.0399356	2.50589	1.30596	9.0	0.0400657	2.57205	1.08011	10.0	-0.0261913	2.61234	0.87143	11.0	-0.044135	2.6227	0.810131	12.0	-0.157345	2.52247	0.827656	13.0	-0.174135	2.60277	0.531067	14.0	-0.158743	2.69281	0.109357	15.0	-0.207286	2.80919	0.0842206	16.0	-0.00498328	2.56712	0.832713	17.0	0.0194055	2.43919	0.455437	18.0	-0.0346623	2.23102	0.225363	19.0	-0.00985849	2.28482	0.163503	20.0	-0.100284	2.44976	1.40465	21.0	-0.362936	2.48252	0.728489	22.0	-0.326235	2.49998	0.802491	23.0	-0.0585433	2.6176	0.727693	24.0	-0.115758	2.63378	0.830514
44.669	0.0	-0.0459374	2.54866	0.820374	1.0	-0.0732674	2.50036	1.16105	2.0	-0.112266	2.46411	1.4868	3.0	-0.0797073	2.50782	1.61203	4.0	-0.259754	2.47107	1.31846	5.0	-0.349111	2.47336	1.05123	6.0	-0.358869	2.51689	0.835043	7.0	-0.360169	2.52249	0.794647	8.0	0.0337858	2.53212	1.30561	9.0	0.0413672	2.60238	1.04649	10.0	-0.0207281	2.66594	0.761081	11.0	-0.0348212	2.67534	0.674312	12.0	-0.152322	2.54761	0.824038	13.0	-0.176038	2.61772	0.52545	14.0	-0.170021	2.69405	0.100854	15.0	-0.217622	2.81069	0.0757764	16.0	-0.00454792	2.58422	0.826525	17.0	-0.000307901	2.43326	0.455881	18.0	-0.0659639	2.31808	0.168116	19.0	-0.00418524	2.37123	0.207967	20.0	-0.100869	2.47146	1.40725	21.0	-0.35977	2.53322	0.735334	22.0	-0.327917	2.55231	0.802168	23.0	-0.0456403	2.70064	0.59487	24.0	-0.0629417	2.64045	0.675545
44.703	0.0	-0.0520136	2.58927	0.826736	1.0	-0.0765636	2.53644	1.16567	2.0	-0.113271	2.49169	1.48969	3.0	-0.0689289	2.54627	1.6088	4.0	-0.264514	2.49949	1.32042	5.0	-0.331267	2.52685	1.05458	6.0	-0.360291	2.56374	0.838103	7.0	-0.360123	2.57286	0.801116	8.0	0.0317487	2.55823	1.30693	9.0	0.0015474	2.61375	1.05022	10.0	-0.0286867	2.67354	0.759885	11.0	-0.0450625	2.68569	0.679581	12.0	-0.162456	2.58909	0.828714	13.0	-0.112024	2.6418	0.540792	14.0	-0.00106943	2.69301	0.135194	15.0	-0.0489309	2.80965	0.10591	16.0	-0.00774421	2.62181	0.834098	17.0	-0.0181756	2.44595	0.473524	18.0	-0.0274772	2.41131	0.159447	19.0	-0.0584653	2.42351	0.278573	20.0	-0.102231	2.50156	1.41067	21.0	-0.361168	2.58471	0.742286	22.0	-0.329359	2.6041	0.816434	23.0	-0.0324655	2.70491	0.587826	24.0	-0.0913896	2.65886	0.677525
