15.936	0.0	-0.0458152	-1.4297	0.908725	1.0	-0.0395335	-1.44238	1.20637	2.0	-0.0296673	-1.4434	1.4992	3.0	-0.0427119	-1.43866	1.6208	4.0	-0.185865	-1.37654	1.39237	5.0	-0.28186	-1.31229	1.23809	6.0	-0.250775	-1.09608	1.08774	7.0	-0.251829	-1.01808	1.04556	8.0	0.125438	-1.48263	1.37289	9.0	0.20494	-1.52704	1.13366	10.0	0.282164	-1.4219	0.925987	11.0	0.297971	-1.39571	0.868334	12.0	-0.104318	-1.36876	0.914209	13.0	0.096994	-1.25738	0.512097	14.0	0.10961	-1.2499	0.142049	15.0	0.170936	-1.13201	0.0527857	16.0	0.0350339	-1.42137	0.905331	17.0	0.105001	-1.26517	0.537795	18.0	0.109475	-1.24999	0.153861	19.0	0.154367	-1.14916	0.092734	20.0	-0.0328214	-1.44535	1.42667	21.0	-0.251008	-0.983251	1.02112	22.0	-0.244049	-0.992505	1.0729	23.0	0.317044	-1.36901	0.827524	24.0	0.280854	-1.35919	0.875782
15.97	0.0	-0.0495233	-1.42451	0.908597	1.0	-0.0419883	-1.43939	1.20636	2.0	-0.0311322	-1.44198	1.49926	3.0	-0.041299	-1.43083	1.62177	4.0	-0.18698	-1.37204	1.3902	5.0	-0.28644	-1.29837	1.23753	6.0	-0.293629	-1.13658	1.11847	7.0	-0.254739	-0.979335	1.02165	8.0	0.125642	-1.47388	1.37403	9.0	0.204089	-1.51828	1.12982	10.0	0.281579	-1.42166	0.925376	11.0	0.299911	-1.3775	0.855387	12.0	-0.108201	-1.3659	0.913417	13.0	-0.107608	-1.4203	0.595982	14.0	0.0846643	-1.19205	0.194708	15.0	0.125981	-1.06565	0.157467	16.0	0.031529	-1.4127	0.906129	17.0	0.101411	-1.25638	0.537977	18.0	0.107879	-1.204	0.167625	19.0	0.147457	-1.07985	0.0960445	20.0	-0.0345093	-1.4436	1.42671	21.0	-0.242907	-0.961195	0.987047	22.0	-0.257178	-0.950886	1.03934	23.0	0.303703	-1.36619	0.81011	24.0	0.292315	-1.3707	0.838249
16.003	0.0	-0.0484756	-1.38723	0.915051	1.0	-0.0450557	-1.40004	1.20482	2.0	-0.0384939	-1.39973	1.48915	3.0	-0.0326748	-1.39637	1.61888	4.0	-0.187897	-1.33416	1.38376	5.0	-0.284641	-1.25528	1.23318	6.0	-0.256669	-1.02529	1.09912	7.0	-0.247247	-0.944863	1.01634	8.0	0.124156	-1.44381	1.37245	9.0	0.195296	-1.49631	1.13035	10.0	0.285211	-1.39414	0.917896	11.0	0.294815	-1.35547	0.849077	12.0	-0.108289	-1.3312	0.918498	13.0	-0.11286	-1.42449	0.524441	14.0	0.0788545	-1.16174	0.207325	15.0	0.123036	-1.03391	0.168752	16.0	0.0337482	-1.3754	0.913512	17.0	0.0972601	-1.21443	0.545642	18.0	0.110191	-1.15279	0.192878	19.0	0.139224	-1.02331	0.119334	20.0	-0.0407658	-1.40213	1.41884	21.0	-0.252471	-0.918422	0.989023	22.0	-0.259122	-0.917952	1.03733	23.0	0.305365	-1.33564	0.793028	24.0	0.284554	-1.34158	0.839044
16.037	0.0	-0.0444925	-1.37447	0.905996	1.0	-0.0413475	-1.38455	1.20038	2.0	-0.034599	-1.38158	1.48987	3.0	-0.0235955	-1.3614	1.61951	4.0	-0.187815	-1.31416	1.37737	5.0	-0.28766	-1.24293	1.22627	6.0	-0.245782	-1.01435	1.09358	7.0	-0.239931	-0.917553	1.02722	8.0	0.124842	-1.41498	1.36965	9.0	0.197213	-1.46741	1.1282	10.0	0.288993	-1.36371	0.903888	11.0	0.297317	-1.32741	0.842585	12.0	-0.104908	-1.31893	0.908805	13.0	-0.14913	-1.36991	0.608708	14.0	0.0466587	-1.15761	0.196339	15.0	0.106575	-1.01139	0.13932	16.0	0.0384153	-1.36147	0.905102	17.0	0.0900868	-1.1996	0.550841	18.0	0.0825974	-1.11248	0.188579	19.0	0.121591	-0.969009	0.116087	20.0	-0.0369749	-1.38466	1.41815	21.0	-0.250534	-0.889214	0.989644	22.0	-0.231668	-0.873556	1.03825	23.0	0.316824	-1.31769	0.790552	24.0	0.287403	-1.2893	0.85012
16.069	0.0	-0.0382163	-1.33787	0.89669	1.0	-0.0358112	-1.35189	1.19144	2.0	-0.0298881	-1.35485	1.48172	3.0	-0.0278711	-1.34865	1.61099	4.0	-0.183624	-1.28449	1.37457	5.0	-0.28156	-1.22184	1.22054	6.0	-0.281892	-1.05536	1.11205	7.0	-0.235767	-0.901632	1.01874	8.0	0.129133	-1.3991	1.36566	9.0	0.19748	-1.43817	1.12106	10.0	0.286446	-1.3565	0.904954	11.0	0.290767	-1.31589	0.842489	12.0	-0.0971645	-1.27655	0.899572	13.0	0.0202338	-1.22178	0.556881	14.0	0.0749252	-1.09988	0.183858	15.0	0.139879	-0.968848	0.0999152	16.0	0.0433398	-1.33028	0.89617	17.0	0.0894618	-1.17027	0.552925	18.0	0.0783326	-1.1047	0.182213	19.0	0.116689	-0.961468	0.111819	20.0	-0.0320551	-1.35629	1.40979	21.0	-0.218131	-0.879707	0.994036	22.0	-0.192875	-0.878222	1.03039	23.0	0.302717	-1.29986	0.78288	24.0	0.278529	-1.27975	0.844025
16.103	0.0	-0.0321681	-1.31032	0.903093	1.0	-0.0332762	-1.32656	1.19329	2.0	-0.0303585	-1.33007	1.47923	3.0	-0.0221776	-1.29568	1.60538	4.0	-0.184969	-1.25757	1.3637	5.0	-0.274501	-1.18717	1.20711	6.0	-0.267601	-1.01233	1.10336	7.0	-0.23089	-0.882168	1.00991	8.0	0.136033	-1.34681	1.35172	9.0	0.207322	-1.39314	1.11005	10.0	0.288703	-1.30149	0.890476	11.0	0.300094	-1.27037	0.824091	12.0	-0.0939154	-1.25956	0.904682	13.0	0.064145	-1.14099	0.494657	14.0	0.0602439	-1.06961	0.153851	15.0	0.117737	-0.939208	0.0878278	16.0	0.0528081	-1.29044	0.903621	17.0	0.0936525	-1.12883	0.516547	18.0	0.071495	-1.07415	0.163235	19.0	0.106706	-0.952132	0.098248	20.0	-0.0317963	-1.33147	1.4084	21.0	-0.221405	-0.85647	0.981858	22.0	-0.191171	-0.849464	1.00353	23.0	0.300316	-1.24544	0.766202	24.0	0.290454	-1.2379	0.833779
16.137	0.0	-0.0198548	-1.27933	0.909392	1.0	-0.0274731	-1.29775	1.19056	2.0	-0.0304551	-1.3019	1.46741	3.0	-0.0234952	-1.28227	1.60041	4.0	-0.181752	-1.23605	1.35734	5.0	-0.277192	-1.11144	1.1672	6.0	-0.262826	-0.941903	1.05793	7.0	-0.219458	-0.87564	0.996379	8.0	0.136754	-1.32954	1.35068	9.0	0.209097	-1.37497	1.10384	10.0	0.290191	-1.2847	0.894184	11.0	0.30088	-1.2454	0.831322	12.0	-0.0807594	-1.22464	0.911723	13.0	0.0735637	-1.12427	0.486883	14.0	0.0628733	-1.0661	0.153388	15.0	0.114865	-0.937081	0.0833275	16.0	0.0629034	-1.26677	0.90886	17.0	0.0954784	-1.11622	0.52158	18.0	0.0709544	-1.07294	0.162647	19.0	0.0955888	-0.948115	0.0795028	20.0	-0.0304131	-1.30331	1.39897	21.0	-0.213029	-0.855786	0.96078	22.0	-0.221453	-0.835017	1.01723	23.0	0.312663	-1.23428	0.773179	24.0	0.306764	-1.22805	0.763648
16.169	0.0	-0.0107791	-1.26083	0.87559	1.0	-0.0252683	-1.27474	1.17103	2.0	-0.0344804	-1.27497	1.45795	3.0	-0.024232	-1.2693	1.59429	4.0	-0.184085	-1.2291	1.35505	5.0	-0.28096	-1.11556	1.14918	6.0	-0.250894	-0.934644	1.05544	7.0	-0.221262	-0.862987	0.975419	8.0	0.135316	-1.30588	1.34789	9.0	0.214597	-1.35164	1.09886	10.0	0.293241	-1.26454	0.897613	11.0	0.304247	-1.21752	0.831068	12.0	-0.0712792	-1.20591	0.877887	13.0	0.0923284	-1.08955	0.460521	14.0	0.0724371	-1.06474	0.129736	15.0	0.113753	-0.94152	0.0806662	16.0	0.0719717	-1.24775	0.875791	17.0	0.10644	-1.08764	0.546798	18.0	0.0711465	-1.06809	0.156566	19.0	0.0976564	-0.945685	0.0780163	20.0	-0.0329117	-1.27734	1.38704	21.0	-0.234463	-0.82027	0.932369	22.0	-0.233667	-0.822525	0.972402	23.0	0.323691	-1.19523	0.766302	24.0	0.326182	-1.21436	0.813347
16.202	0.0	-0.00306447	-1.24094	0.862226	1.0	-0.0165566	-1.24467	1.1574	2.0	-0.02656	-1.23711	1.44867	3.0	-0.0241297	-1.2315	1.57259	4.0	-0.182117	-1.18665	1.32866	5.0	-0.278215	-1.11218	1.14085	6.0	-0.226611	-0.926872	1.02049	7.0	-0.210828	-0.845042	0.952958	8.0	0.139306	-1.26081	1.33675	9.0	0.217668	-1.30523	1.09058	10.0	0.300434	-1.22791	0.894156	11.0	0.315548	-1.18577	0.823032	12.0	-0.0631137	-1.18534	0.862175	13.0	0.0824466	-1.06946	0.431072	14.0	0.0442263	-1.07583	0.110559	15.0	0.133683	-0.953848	0.0715304	16.0	0.0792699	-1.22844	0.864966	17.0	0.124438	-1.06685	0.550494	18.0	0.0723942	-1.06086	0.15752	19.0	0.0980873	-0.945355	0.0781447	20.0	-0.0247483	-1.24114	1.37642	21.0	-0.204024	-0.81952	0.922489	22.0	-0.217646	-0.815079	0.983253	23.0	0.32912	-1.15604	0.765476	24.0	0.346863	-1.16227	0.787359
16.237	0.0	0.000707556	-1.22636	0.856078	1.0	-0.0128721	-1.23158	1.15206	2.0	-0.0226478	-1.22509	1.44352	3.0	-0.0263442	-1.21608	1.56996	4.0	-0.179646	-1.17464	1.32388	5.0	-0.269861	-1.10313	1.13444	6.0	-0.228994	-0.932304	1.01628	7.0	-0.210922	-0.834631	0.932935	8.0	0.142853	-1.24191	1.32789	9.0	0.226368	-1.2658	1.08844	10.0	0.306772	-1.18602	0.893677	11.0	0.322383	-1.14888	0.816542	12.0	-0.0585792	-1.16928	0.849444	13.0	0.121745	-1.04245	0.464244	14.0	0.0757565	-1.05772	0.148318	15.0	0.12744	-0.954956	0.0727125	16.0	0.0826675	-1.21411	0.864201	17.0	0.127836	-1.0489	0.531725	18.0	0.0749452	-1.06199	0.155855	19.0	0.100216	-0.940459	0.0760493	20.0	-0.0209284	-1.22891	1.37129	21.0	-0.19304	-0.806333	0.909852	22.0	-0.226709	-0.820724	0.977667	23.0	0.333874	-1.1225	0.755863	24.0	0.35227	-1.12948	0.803436
16.27	0.0	0.0155934	-1.19458	0.844337	1.0	-0.010114	-1.20158	1.14109	2.0	-0.0309406	-1.19395	1.43191	3.0	-0.0290681	-1.18886	1.56138	4.0	-0.178363	-1.1446	1.31076	5.0	-0.266149	-1.10151	1.13464	6.0	-0.235523	-0.93752	1.01368	7.0	-0.215017	-0.843381	0.928091	8.0	0.143852	-1.21553	1.32086	9.0	0.230519	-1.23913	1.0865	10.0	0.310628	-1.16032	0.88982	11.0	0.32876	-1.11463	0.819961	12.0	-0.0419037	-1.13643	0.830763	13.0	-0.093491	-1.233	0.459977	14.0	0.0799353	-1.05379	0.156333	15.0	0.114323	-0.909893	0.112311	16.0	0.0953982	-1.18464	0.860242	17.0	0.139271	-1.02528	0.545823	18.0	0.0804955	-1.05817	0.156108	19.0	0.10131	-0.940497	0.076185	20.0	-0.0263794	-1.19832	1.35997	21.0	-0.201905	-0.810007	0.894968	22.0	-0.226155	-0.78969	0.894858	23.0	0.350588	-1.0863	0.755155	24.0	0.353846	-1.09767	0.81763
16.303	0.0	0.02901	-1.17318	0.839395	1.0	-0.00735964	-1.1831	1.13757	2.0	-0.0368492	-1.17853	1.42992	3.0	-0.0333148	-1.1763	1.55828	4.0	-0.178573	-1.13137	1.30377	5.0	-0.26049	-1.08041	1.09717	6.0	-0.22755	-0.930165	0.957664	7.0	-0.209057	-0.838384	0.871026	8.0	0.141957	-1.17657	1.31747	9.0	0.237254	-1.18957	1.0873	10.0	0.32701	-1.10597	0.879488	11.0	0.344735	-1.07807	0.81957	12.0	-0.0314201	-1.12061	0.82685	13.0	-0.0825946	-1.18476	0.517206	14.0	0.0800673	-1.05289	0.155534	15.0	0.105521	-0.907815	0.111938	16.0	0.111963	-1.15659	0.855037	17.0	0.13797	-1.01553	0.471033	18.0	0.0823603	-1.05655	0.157107	19.0	0.102669	-0.941446	0.0774444	20.0	-0.0302763	-1.1822	1.3576	21.0	-0.210223	-0.818627	0.838114	22.0	-0.202924	-0.791451	0.886679	23.0	0.359149	-1.04491	0.757106	24.0	0.377789	-1.06743	0.784315
16.337	0.0	0.03357	-1.16446	0.839348	1.0	-0.00355783	-1.16597	1.13604	2.0	-0.0367961	-1.15403	1.42706	3.0	-0.040288	-1.15993	1.55524	4.0	-0.184495	-1.12405	1.29976	5.0	-0.258441	-1.07809	1.09352	6.0	-0.220552	-0.890288	0.904261	7.0	-0.207329	-0.844119	0.848926	8.0	0.139625	-1.15628	1.31615	9.0	0.246128	-1.16637	1.08513	10.0	0.331332	-1.08604	0.883289	11.0	0.346129	-1.04563	0.817631	12.0	-0.0269021	-1.11409	0.826573	13.0	-0.0684215	-1.17197	0.515125	14.0	0.0855029	-1.04834	0.155943	15.0	0.106353	-0.90227	0.111105	16.0	0.116197	-1.14595	0.85541	17.0	0.138455	-1.01523	0.470474	18.0	0.0846283	-1.05424	0.158529	19.0	0.197664	-0.99016	0.0697265	20.0	-0.0291523	-1.15925	1.35502	21.0	-0.206569	-0.830603	0.801192	22.0	-0.203196	-0.801326	0.869791	23.0	0.356368	-1.0343	0.754829	24.0	0.379289	-1.01834	0.842688
16.37	0.0	0.0386078	-1.14542	0.838656	1.0	-0.00435355	-1.14573	1.13799	2.0	-0.043358	-1.13325	1.43234	3.0	-0.0439068	-1.13616	1.55821	4.0	-0.186847	-1.10234	1.29657	5.0	-0.249444	-1.07038	1.08189	6.0	-0.221114	-0.900747	0.896625	7.0	-0.20717	-0.856582	0.81589	8.0	0.137682	-1.1285	1.3185	9.0	0.251256	-1.13693	1.08933	10.0	0.335647	-1.05335	0.893945	11.0	0.347607	-1.01152	0.829521	12.0	-0.0233269	-1.10173	0.826484	13.0	-0.028013	-1.12144	0.503332	14.0	0.085847	-1.04737	0.148516	15.0	0.118159	-0.952769	0.0733065	16.0	0.122945	-1.1193	0.854013	17.0	0.140058	-1.01299	0.47162	18.0	0.0862325	-1.05407	0.158081	19.0	0.111021	-0.946361	0.0785454	20.0	-0.0343011	-1.13866	1.3594	21.0	-0.204893	-0.826683	0.760233	22.0	-0.221212	-0.820857	0.819236	23.0	0.36183	-0.989689	0.768535	24.0	0.382679	-0.978647	0.852271
16.402	0.0	0.0400398	-1.12834	0.838514	1.0	-0.00534747	-1.1261	1.13928	2.0	-0.0465942	-1.11238	1.43513	3.0	-0.0486096	-1.11327	1.55679	4.0	-0.185436	-1.09196	1.29245	5.0	-0.24446	-1.06188	1.07415	6.0	-0.217173	-0.910785	0.883405	7.0	-0.208675	-0.881305	0.80153	8.0	0.13441	-1.08871	1.32556	9.0	0.259875	-1.09879	1.094	10.0	0.346096	-0.991748	0.906373	11.0	0.344328	-0.979374	0.839416	12.0	-0.0210111	-1.08476	0.826678	13.0	-0.0280567	-1.1154	0.503151	14.0	0.0841223	-1.04961	0.150513	15.0	0.116006	-0.95206	0.0751682	16.0	0.123479	-1.10344	0.853702	17.0	0.142377	-1.00668	0.486106	18.0	0.0877918	-1.05407	0.157728	19.0	0.148586	-0.999673	0.0685718	20.0	-0.0370581	-1.11795	1.36185	21.0	-0.212664	-0.864414	0.742549	22.0	-0.220149	-0.859732	0.803485	23.0	0.341292	-0.982997	0.775872	24.0	0.378653	-0.937684	0.84541
16.437	0.0	0.0430272	-1.10876	0.842718	1.0	-0.00226441	-1.10732	1.1442	2.0	-0.0431448	-1.09441	1.44064	3.0	-0.0499446	-1.10083	1.56461	4.0	-0.187331	-1.07366	1.29229	5.0	-0.237853	-1.05644	1.07049	6.0	-0.215897	-0.925128	0.872049	7.0	-0.207016	-0.89304	0.785391	8.0	0.133779	-1.06062	1.34591	9.0	0.268089	-1.05504	1.12417	10.0	0.346818	-0.952619	0.913421	11.0	0.341077	-0.949347	0.852502	12.0	-0.0160766	-1.06752	0.831369	13.0	-0.0486299	-1.09394	0.516833	14.0	0.0834385	-1.05034	0.153124	15.0	0.113759	-0.954666	0.0760499	16.0	0.124418	-1.08074	0.857428	17.0	0.14344	-1.00489	0.484613	18.0	0.0899191	-1.05434	0.157925	19.0	0.20852	-0.975461	0.083029	20.0	-0.0337347	-1.09981	1.36722	21.0	-0.196453	-0.874092	0.719315	22.0	-0.215006	-0.862461	0.762453	23.0	0.34388	-0.954515	0.790945	24.0	0.378562	-0.91395	0.839885
16.469	0.0	0.0372774	-1.08881	0.858269	1.0	-0.00534747	-1.08906	1.16008	2.0	-0.0436213	-1.07763	1.45689	3.0	-0.0569741	-1.07636	1.57668	4.0	-0.185102	-1.05881	1.29704	5.0	-0.229384	-1.05064	1.06495	6.0	-0.213561	-0.930785	0.859531	7.0	-0.207537	-0.916037	0.773274	8.0	0.133426	-1.04439	1.35454	9.0	0.268228	-1.0379	1.14058	10.0	0.347332	-0.916825	0.952665	11.0	0.354841	-0.89674	0.888326	12.0	-0.0212792	-1.05113	0.846782	13.0	-0.0562734	-1.07832	0.533362	14.0	0.0842251	-1.05021	0.167974	15.0	0.111988	-0.949785	0.0721717	16.0	0.118484	-1.05737	0.872715	17.0	0.144863	-1.0023	0.493543	18.0	0.0909508	-1.0551	0.158358	19.0	0.147698	-0.965489	0.0645581	20.0	-0.0348633	-1.08267	1.38339	21.0	-0.193003	-0.901919	0.704945	22.0	-0.203023	-0.868746	0.780706	23.0	0.375144	-0.889312	0.82225	24.0	0.384624	-0.870091	0.910062
16.502	0.0	0.0375859	-1.08338	0.860132	1.0	-0.00476358	-1.08019	1.16439	2.0	-0.0425599	-1.0647	1.46434	3.0	-0.0612	-1.06538	1.58464	4.0	-0.182262	-1.05177	1.29928	5.0	-0.22009	-1.0516	1.0567	6.0	-0.208146	-0.971549	0.853041	7.0	-0.208287	-0.949772	0.764841	8.0	0.134588	-1.01773	1.36601	9.0	0.268574	-1.01363	1.15337	10.0	0.358534	-0.869248	0.951796	11.0	0.358775	-0.848498	0.897868	12.0	-0.0214342	-1.04877	0.848408	13.0	-0.0637939	-1.08017	0.502949	14.0	-0.105131	-1.31391	0.15153	15.0	-0.0215292	-1.16166	0.12677	16.0	0.119672	-1.04748	0.874644	17.0	0.144099	-1.00322	0.497089	18.0	0.0914596	-1.0576	0.157733	19.0	0.1183	-0.953515	0.0731469	20.0	-0.0339432	-1.07081	1.38999	21.0	-0.197009	-0.939528	0.701149	22.0	-0.181569	-0.911601	0.743026	23.0	0.365406	-0.858542	0.842986	24.0	0.361186	-0.807488	0.938961
16.537	0.0	0.0330649	-1.0513	0.87553	1.0	-0.000248299	-1.04694	1.18066	2.0	-0.0283236	-1.03005	1.48108	3.0	-0.0544254	-1.02555	1.59845	4.0	-0.182573	-1.0414	1.3059	5.0	-0.21436	-1.05296	1.05408	6.0	-0.19225	-0.959041	0.835393	7.0	-0.194362	-0.953618	0.764729	8.0	0.14062	-0.995381	1.37243	9.0	0.277295	-0.968811	1.18219	10.0	0.351188	-0.825907	0.981071	11.0	0.353907	-0.800671	0.926213	12.0	-0.024264	-1.02376	0.865069	13.0	-0.0716304	-1.06028	0.4915	14.0	-0.0977938	-1.29491	0.136861	15.0	-0.0131376	-1.14252	0.116511	16.0	0.113315	-1.00946	0.88817	17.0	0.142542	-1.00333	0.49898	18.0	0.0921159	-1.05844	0.158154	19.0	0.117022	-0.953763	0.0741262	20.0	-0.0222358	-1.03653	1.40667	21.0	-0.180001	-0.952407	0.718224	22.0	-0.154198	-0.933107	0.720863	23.0	0.333825	-0.826122	0.855972	24.0	0.357541	-0.760662	0.908635
16.57	0.0	0.0311094	-1.03879	0.880327	1.0	-0.000601584	-1.03352	1.18665	2.0	-0.0274013	-1.0167	1.48773	3.0	-0.054399	-1.01897	1.60432	4.0	-0.159113	-0.990144	1.33531	5.0	-0.201393	-1.04984	1.07738	6.0	-0.191325	-0.969756	0.846385	7.0	-0.191308	-0.974283	0.766307	8.0	0.140104	-0.973126	1.38115	9.0	0.285461	-0.941062	1.2355	10.0	0.345019	-0.784347	1.013	11.0	0.352701	-0.752082	0.944658	12.0	-0.0279627	-1.0035	0.872638	13.0	-0.0694641	-1.02049	0.499244	14.0	-0.0931304	-1.23887	0.131997	15.0	-0.000453309	-1.09291	0.109003	16.0	0.11272	-1.003	0.891017	17.0	0.138238	-1.00429	0.505446	18.0	0.0918459	-1.05861	0.158283	19.0	0.168033	-0.982343	0.0710758	20.0	-0.0215704	-1.02308	1.41321	21.0	-0.170934	-0.953923	0.70174	22.0	-0.159404	-0.955664	0.757528	23.0	0.342209	-0.735654	0.901453	24.0	0.343809	-0.708514	0.955811
16.602	0.0	0.0285987	-1.03335	0.884133	1.0	-0.00153317	-1.02843	1.18945	2.0	-0.0271336	-1.01174	1.48971	3.0	-0.0547405	-1.01023	1.61288	4.0	-0.164681	-1.00057	1.33922	5.0	-0.19595	-1.05741	1.07831	6.0	-0.19007	-1.01672	0.864585	7.0	-0.193901	-1.00865	0.781435	8.0	0.142225	-0.964127	1.38403	9.0	0.287378	-0.931065	1.23853	10.0	0.34324	-0.762543	1.03052	11.0	0.343244	-0.712737	0.969033	12.0	-0.0296159	-1.00245	0.875443	13.0	-0.0718313	-1.00541	0.498083	14.0	-0.0874772	-1.19465	0.147762	15.0	-0.0729188	-1.11632	0.061189	16.0	0.109607	-0.991333	0.895625	17.0	0.136058	-1.00573	0.508246	18.0	0.0873703	-1.06442	0.160159	19.0	0.166991	-0.984884	0.07105	20.0	-0.0215755	-1.01811	1.41537	21.0	-0.191792	-1.01331	0.710965	22.0	-0.164926	-0.978989	0.775983	23.0	0.335739	-0.711535	0.914224	24.0	0.364726	-0.677261	0.995257
16.637	0.0	0.022153	-1.01396	0.888214	1.0	-0.00301475	-1.00715	1.19583	2.0	-0.0232049	-0.987622	1.49862	3.0	-0.0444575	-0.988093	1.62315	4.0	-0.16119	-0.989784	1.34265	5.0	-0.190538	-1.05694	1.08434	6.0	-0.186113	-1.03329	0.8835	7.0	-0.184307	-1.00481	0.810494	8.0	0.147723	-0.941789	1.38988	9.0	0.291933	-0.893682	1.24573	10.0	0.338308	-0.715875	1.04811	11.0	0.333751	-0.67251	0.990025	12.0	-0.034461	-0.985727	0.881382	13.0	-0.0721335	-0.93507	0.520452	14.0	-0.0770486	-1.13136	0.143885	15.0	-0.111896	-1.06611	0.0654703	16.0	0.102689	-0.97353	0.897297	17.0	0.133403	-1.00511	0.507673	18.0	0.080164	-1.06617	0.158094	19.0	0.0927968	-0.979444	0.0777972	20.0	-0.0190638	-0.994783	1.42362	21.0	-0.188744	-0.992688	0.745651	22.0	-0.160059	-0.967299	0.865364	23.0	0.329063	-0.65261	0.942555	24.0	0.323133	-0.626048	0.992292
16.67	0.0	0.0238075	-0.998774	0.890172	1.0	0.00146597	-0.987603	1.19739	2.0	-0.0158639	-0.964653	1.49913	3.0	-0.0415228	-0.955855	1.6257	4.0	-0.15623	-0.979684	1.3421	5.0	-0.18856	-1.0555	1.08695	6.0	-0.183668	-1.0248	0.88645	7.0	-0.173621	-0.984966	0.842701	8.0	0.153647	-0.918815	1.39582	9.0	0.289496	-0.886696	1.24105	10.0	0.330514	-0.697001	1.05928	11.0	0.32026	-0.629367	1.00419	12.0	-0.0314276	-0.9698	0.88458	13.0	-0.0696519	-0.91319	0.500501	14.0	-0.0818754	-1.05762	0.143451	15.0	-0.0878586	-0.9963	0.0549105	16.0	0.102906	-0.958363	0.898329	17.0	0.129831	-1.00409	0.503274	18.0	0.0692657	-1.06719	0.15475	19.0	0.0951212	-0.975697	0.0802128	20.0	-0.0123932	-0.972561	1.42447	21.0	-0.165694	-0.969775	0.819792	22.0	-0.158855	-0.962531	0.847504	23.0	0.310485	-0.607034	0.967165	24.0	0.329971	-0.583071	1.02164
16.703	0.0	0.0275063	-0.978187	0.894027	1.0	0.00698865	-0.967473	1.20052	2.0	-0.00896176	-0.945214	1.5015	3.0	-0.0363534	-0.928104	1.629	4.0	-0.154949	-0.96024	1.35245	5.0	-0.184813	-1.04377	1.09918	6.0	-0.169864	-1.01548	0.898256	7.0	-0.177336	-1.00765	0.796707	8.0	0.154166	-0.901319	1.3948	9.0	0.293029	-0.851934	1.24344	10.0	0.322426	-0.666953	1.07254	11.0	0.30837	-0.601271	1.02178	12.0	-0.0274189	-0.946682	0.889068	13.0	-0.0705954	-0.868443	0.502105	14.0	-0.0716107	-0.990165	0.152354	15.0	-0.0846804	-0.911841	0.0731443	16.0	0.106167	-0.940408	0.901573	17.0	0.129168	-0.996375	0.511393	18.0	0.0704639	-1.06468	0.157591	19.0	0.134484	-0.978668	0.0744155	20.0	-0.00580191	-0.952962	1.42703	21.0	-0.169419	-0.992453	0.773909	22.0	-0.162594	-0.985201	0.801765	23.0	0.292365	-0.568015	0.979539	24.0	0.308844	-0.549047	1.0351
16.737	0.0	0.0262488	-0.966628	0.894678	1.0	0.00793076	-0.953373	1.20287	2.0	-0.00537357	-0.92785	1.50593	3.0	-0.0348199	-0.919063	1.63139	4.0	-0.143932	-0.938778	1.36481	5.0	-0.178937	-1.03103	1.11514	6.0	-0.164258	-1.00822	0.913192	7.0	-0.17169	-1.00044	0.812193	8.0	0.154658	-0.884772	1.39326	9.0	0.295138	-0.839693	1.24309	10.0	0.317672	-0.661078	1.08325	11.0	0.292345	-0.550872	1.02197	12.0	-0.0289142	-0.937537	0.889977	13.0	-0.0658288	-0.841891	0.50848	14.0	-0.0719234	-0.901303	0.146079	15.0	-0.0794373	-0.764222	0.101707	16.0	0.105304	-0.926145	0.901891	17.0	0.125984	-0.991532	0.511515	18.0	0.0722039	-1.06227	0.159392	19.0	0.15703	-0.975387	0.0724698	20.0	-0.00292295	-0.936473	1.4309	21.0	-0.163775	-0.985225	0.789358	22.0	-0.156952	-0.977956	0.817166	23.0	0.280184	-0.53176	1.00043	24.0	0.312467	-0.516927	1.04192
16.77	0.0	0.0245303	-0.956957	0.892853	1.0	0.00728857	-0.940627	1.19872	2.0	-0.00491922	-0.911976	1.49867	3.0	-0.034338	-0.900277	1.62689	4.0	-0.146513	-0.939589	1.36615	5.0	-0.17763	-1.02406	1.11191	6.0	-0.159471	-0.999904	0.909816	7.0	-0.166873	-0.992149	0.80923	8.0	0.157517	-0.86176	1.39238	9.0	0.293716	-0.822189	1.23686	10.0	0.309177	-0.618685	1.0855	11.0	0.280507	-0.533541	1.03659	12.0	-0.0292609	-0.931413	0.889251	13.0	-0.0680353	-0.805145	0.516372	14.0	-0.0642075	-0.830827	0.167208	15.0	-0.0674357	-0.747009	0.0903116	16.0	0.101715	-0.912333	0.898685	17.0	0.122881	-0.98793	0.515144	18.0	0.0729426	-1.06191	0.160143	19.0	0.105086	-0.956636	0.0827856	20.0	-0.00273529	-0.921379	1.4245	21.0	-0.158959	-0.976932	0.786404	22.0	-0.152139	-0.969655	0.814224	23.0	0.26629	-0.505926	1.00329	24.0	0.295222	-0.49794	1.05239
16.803	0.0	0.0257771	-0.9217	0.886998	1.0	0.013016	-0.896377	1.19884	2.0	0.00511434	-0.860773	1.50607	3.0	-0.0288103	-0.861518	1.63072	4.0	-0.140029	-0.886795	1.37094	5.0	-0.172761	-0.984928	1.12189	6.0	-0.159962	-0.983971	0.918658	7.0	-0.167328	-0.976255	0.818562	8.0	0.158686	-0.829376	1.39124	9.0	0.295754	-0.783028	1.23673	10.0	0.308206	-0.616773	1.09001	11.0	0.272869	-0.504372	1.03537	12.0	-0.0278939	-0.892448	0.884784	13.0	-0.061429	-0.753786	0.51168	14.0	-0.0696058	-0.735578	0.154339	15.0	-0.0675693	-0.628302	0.0894948	16.0	0.103369	-0.881982	0.892184	17.0	0.120346	-0.976003	0.510843	18.0	0.0734959	-1.06062	0.161336	19.0	0.123075	-0.966716	0.0811549	20.0	0.0063571	-0.871217	1.43007	21.0	-0.159395	-0.961031	0.795715	22.0	-0.15255	-0.953745	0.823509	23.0	0.258138	-0.474668	1.01155	24.0	0.291048	-0.471187	1.04717
16.837	0.0	0.026142	-0.898444	0.883758	1.0	0.0145138	-0.88014	1.19523	2.0	0.00726727	-0.848726	1.50158	3.0	-0.0261178	-0.835986	1.62574	4.0	-0.135396	-0.853718	1.36326	5.0	-0.170282	-0.942278	1.10896	6.0	-0.152275	-0.923269	0.905026	7.0	-0.15961	-0.915584	0.805351	8.0	0.161654	-0.799853	1.38609	9.0	0.324578	-0.753782	1.20543	10.0	0.294361	-0.5857	1.07866	11.0	0.264974	-0.477236	1.02978	12.0	-0.0282584	-0.863108	0.88202	13.0	-0.0600534	-0.731383	0.498248	14.0	-0.0598329	-0.659494	0.164659	15.0	-0.0608653	-0.550916	0.0983133	16.0	0.104523	-0.863636	0.888542	17.0	0.117864	-0.963721	0.504091	18.0	0.0751936	-1.05406	0.163801	19.0	0.145781	-0.968285	0.0746202	20.0	0.00827123	-0.858848	1.42587	21.0	-0.151638	-0.900366	0.782545	22.0	-0.144743	-0.893088	0.810394	23.0	0.246938	-0.446644	1.0027	24.0	0.280979	-0.431328	1.04579
16.87	0.0	0.0212426	-0.882078	0.881225	1.0	0.0122726	-0.860157	1.1908	2.0	0.0082312	-0.826035	1.49467	3.0	-0.026695	-0.818017	1.62105	4.0	-0.137665	-0.848099	1.36366	5.0	-0.17202	-0.941665	1.11012	6.0	-0.155419	-0.922152	0.905218	7.0	-0.162725	-0.914497	0.805932	8.0	0.164144	-0.785522	1.38178	9.0	0.312864	-0.725954	1.19002	10.0	0.28929	-0.558647	1.05939	11.0	0.257911	-0.451025	1.01209	12.0	-0.031655	-0.852584	0.88024	13.0	-0.060401	-0.702788	0.487131	14.0	-0.0582461	-0.609648	0.178295	15.0	-0.0580193	-0.476153	0.105555	16.0	0.0983786	-0.841307	0.885141	17.0	0.117274	-0.935976	0.526071	18.0	0.0737986	-1.05141	0.166213	19.0	0.10509	-0.964368	0.0914257	20.0	0.00838415	-0.836784	1.41955	21.0	-0.154744	-0.899275	0.783124	22.0	-0.145773	-0.892723	0.810587	23.0	0.243972	-0.415929	0.991116	24.0	0.257576	-0.414761	1.0357
16.903	0.0	0.0199366	-0.870949	0.877738	1.0	0.0108728	-0.847255	1.18778	2.0	0.00651626	-0.811754	1.49225	3.0	-0.0279868	-0.805433	1.61991	4.0	-0.14116	-0.833921	1.36536	5.0	-0.175383	-0.934634	1.11329	6.0	-0.160128	-0.914031	0.907174	7.0	-0.167408	-0.906402	0.808243	8.0	0.161659	-0.768272	1.37838	9.0	0.305797	-0.69348	1.16111	10.0	0.275178	-0.526804	1.02956	11.0	0.250548	-0.437288	0.99228	12.0	-0.0326966	-0.841827	0.877505	13.0	-0.0618872	-0.679388	0.48489	14.0	-0.0758591	-0.513786	0.182301	15.0	-0.0627443	-0.37717	0.112512	16.0	0.097023	-0.830667	0.881077	17.0	0.116612	-0.929493	0.530545	18.0	0.073339	-1.0511	0.1666	19.0	0.105684	-0.964153	0.0908193	20.0	0.00676486	-0.822825	1.41695	21.0	-0.159407	-0.891181	0.785431	22.0	-0.152472	-0.883899	0.813273	23.0	0.235725	-0.410195	0.971666	24.0	0.261051	-0.389121	1.01259
16.937	0.0	0.0163927	-0.830188	0.869592	1.0	0.00737712	-0.808212	1.18126	2.0	0.00292066	-0.774606	1.48716	3.0	-0.0295119	-0.760405	1.61531	4.0	-0.154586	-0.798552	1.3578	5.0	-0.188034	-0.903643	1.10775	6.0	-0.16974	-0.892302	0.901597	7.0	-0.177	-0.884693	0.802923	8.0	0.154804	-0.728631	1.36936	9.0	0.268774	-0.685016	1.1698	10.0	0.268704	-0.512133	1.02452	11.0	0.246746	-0.417164	0.970336	12.0	-0.0356144	-0.803527	0.868643	13.0	-0.0624189	-0.639776	0.489597	14.0	-0.0726002	-0.42814	0.14949	15.0	-0.0826356	-0.294059	0.105495	16.0	0.0931851	-0.787588	0.873773	17.0	0.113249	-0.917947	0.526117	18.0	0.0711996	-1.04274	0.166548	19.0	0.104117	-0.962254	0.0889643	20.0	0.00319791	-0.785197	1.4115	21.0	-0.168957	-0.869481	0.780127	22.0	-0.161966	-0.86221	0.807991	23.0	0.230508	-0.389902	0.9436	24.0	0.260928	-0.376647	0.991972
16.97	0.0	0.0144335	-0.804732	0.867115	1.0	0.00599757	-0.779918	1.17919	2.0	0.00219183	-0.743258	1.48554	3.0	-0.0258211	-0.725518	1.61299	4.0	-0.151546	-0.747025	1.3541	5.0	-0.187452	-0.842406	1.09984	6.0	-0.175686	-0.83371	0.893377	7.0	-0.182922	-0.826123	0.795021	8.0	0.15415	-0.7084	1.36621	9.0	0.261971	-0.68303	1.17033	10.0	0.265406	-0.506975	1.01674	11.0	0.242536	-0.410319	0.951318	12.0	-0.0378337	-0.771497	0.867098	13.0	-0.0625787	-0.608488	0.500827	14.0	-0.0755447	-0.425764	0.175242	15.0	-0.0754007	-0.290399	0.131132	16.0	0.0916664	-0.767941	0.870632	17.0	0.109091	-0.895637	0.51505	18.0	0.0711132	-1.03525	0.16868	19.0	0.117495	-0.962242	0.0822062	20.0	0.002296	-0.754626	1.40976	21.0	-0.174811	-0.810932	0.772252	22.0	-0.167732	-0.803689	0.800154	23.0	0.228534	-0.368904	0.91617	24.0	0.228144	-0.37364	0.966474
17.003	0.0	0.00528367	-0.78071	0.860037	1.0	-0.000239885	-0.760553	1.17129	2.0	-0.00164329	-0.727955	1.47702	3.0	-0.0312769	-0.715684	1.60775	4.0	-0.161724	-0.746732	1.35096	5.0	-0.195985	-0.832395	1.09229	6.0	-0.187375	-0.811494	0.885971	7.0	-0.194612	-0.803906	0.787613	8.0	0.152897	-0.688133	1.35968	9.0	0.252864	-0.674021	1.1609	10.0	0.253816	-0.477778	0.98592	11.0	0.23971	-0.399703	0.927089	12.0	-0.0473991	-0.750744	0.861647	13.0	-0.0700497	-0.562791	0.484904	14.0	-0.0773337	-0.421659	0.176608	15.0	-0.0832358	-0.287371	0.133178	16.0	0.0835217	-0.741452	0.861835	17.0	0.105752	-0.885488	0.513645	18.0	0.071499	-1.03428	0.169369	19.0	0.112427	-0.961361	0.0828341	20.0	-0.00209685	-0.738368	1.40138	21.0	-0.186452	-0.788729	0.764865	22.0	-0.179311	-0.781504	0.792797	23.0	0.225575	-0.372731	0.888554	24.0	0.248729	-0.349227	0.933021
17.036	0.0	-0.00740417	-0.723809	0.854637	1.0	-0.00919699	-0.70503	1.16682	2.0	-0.00641771	-0.674551	1.47317	3.0	-0.0346763	-0.672927	1.60503	4.0	-0.173673	-0.687228	1.34098	5.0	-0.210865	-0.783225	1.08649	6.0	-0.191969	-0.753847	0.880698	7.0	-0.199205	-0.746257	0.782331	8.0	0.152017	-0.651527	1.35452	9.0	0.235762	-0.649228	1.14182	10.0	0.250729	-0.473763	0.963568	11.0	0.233482	-0.403509	0.903016	12.0	-0.0629429	-0.689546	0.857541	13.0	-0.0740838	-0.531403	0.474836	14.0	-0.0733036	-0.396375	0.156175	15.0	-0.0613626	-0.283871	0.0978188	16.0	0.0740337	-0.689096	0.855257	17.0	0.102312	-0.836017	0.520544	18.0	0.0732646	-1.0247	0.16703	19.0	0.126253	-0.947427	0.0821127	20.0	-0.00796058	-0.684361	1.39741	21.0	-0.19098	-0.731101	0.759605	22.0	-0.183753	-0.723906	0.787567	23.0	0.229587	-0.367466	0.863891	24.0	0.232	-0.352408	0.907919
17.07	0.0	-0.0136305	-0.688109	0.850889	1.0	-0.0130335	-0.68491	1.16428	2.0	-0.00843706	-0.665537	1.47161	3.0	-0.0378871	-0.647367	1.60628	4.0	-0.179116	-0.664821	1.33707	5.0	-0.222363	-0.759338	1.08247	6.0	-0.206772	-0.708498	0.879145	7.0	-0.213997	-0.700918	0.780921	8.0	0.147769	-0.627771	1.34855	9.0	0.230282	-0.622051	1.1343	10.0	0.24909	-0.460745	0.945034	11.0	0.231705	-0.400075	0.877154	12.0	-0.0685965	-0.652331	0.854658	13.0	-0.0804263	-0.505208	0.472519	14.0	-0.0723686	-0.393732	0.156788	15.0	-0.0613804	-0.283881	0.0978156	16.0	0.0675975	-0.654921	0.850778	17.0	0.102475	-0.818745	0.521352	18.0	0.0766066	-1.00872	0.172902	19.0	0.139929	-0.968836	0.0786054	20.0	-0.0103821	-0.672989	1.39561	21.0	-0.205692	-0.685789	0.758205	22.0	-0.198362	-0.678628	0.786181	23.0	0.222343	-0.377432	0.833393	24.0	0.243907	-0.360619	0.883566
17.103	0.0	-0.0291452	-0.644688	0.85302	1.0	-0.0302147	-0.636184	1.16407	2.0	-0.0259193	-0.618043	1.46908	3.0	-0.0442682	-0.619075	1.60576	4.0	-0.196209	-0.64675	1.34196	5.0	-0.236476	-0.707985	1.07375	6.0	-0.21623	-0.678484	0.867189	7.0	-0.223443	-0.670914	0.769124	8.0	0.142356	-0.60212	1.34946	9.0	0.22031	-0.60576	1.12432	10.0	0.243265	-0.463183	0.930504	11.0	0.23065	-0.409945	0.856614	12.0	-0.0839912	-0.605057	0.858629	13.0	-0.0899927	-0.462561	0.490041	14.0	-0.0714078	-0.385527	0.153195	15.0	-0.0615665	-0.281716	0.0953534	16.0	0.0525368	-0.615396	0.851174	17.0	0.100847	-0.781662	0.513079	18.0	0.0854525	-0.993216	0.160939	19.0	0.136821	-0.963797	0.0794436	20.0	-0.0278552	-0.624765	1.39366	21.0	-0.215087	-0.655804	0.746442	22.0	-0.207689	-0.648669	0.774466	23.0	0.228327	-0.378121	0.805852	24.0	0.254926	-0.36507	0.850026
17.136	0.0	-0.0290501	-0.617621	0.85309	1.0	-0.0328436	-0.616994	1.16322	2.0	-0.0311719	-0.602668	1.4675	3.0	-0.0516634	-0.605834	1.60481	4.0	-0.204125	-0.603672	1.33937	5.0	-0.250162	-0.674245	1.07521	6.0	-0.244161	-0.622347	0.87132	7.0	-0.257517	-0.602134	0.827482	8.0	0.129648	-0.564607	1.34962	9.0	0.216358	-0.590169	1.11644	10.0	0.236563	-0.468142	0.918334	11.0	0.231008	-0.422037	0.837587	12.0	-0.0845237	-0.58751	0.857466	13.0	-0.0970318	-0.428931	0.492231	14.0	-0.0729782	-0.373665	0.15814	15.0	-0.0614359	-0.279126	0.0914412	16.0	0.0537523	-0.577034	0.852967	17.0	0.0998771	-0.721101	0.520028	18.0	0.0846837	-0.968463	0.176201	19.0	0.126201	-0.938937	0.0809059	20.0	-0.0324913	-0.608538	1.39225	21.0	-0.254903	-0.599945	0.777487	22.0	-0.232404	-0.571487	0.842355	23.0	0.227632	-0.406777	0.780103	24.0	0.252119	-0.370288	0.838636
17.17	0.0	-0.0281629	-0.561935	0.856481	1.0	-0.0325879	-0.56292	1.16934	2.0	-0.032265	-0.55222	1.47606	3.0	-0.0570527	-0.555087	1.60867	4.0	-0.208556	-0.548446	1.34099	5.0	-0.25467	-0.608942	1.07778	6.0	-0.263371	-0.549776	0.849396	7.0	-0.262052	-0.527292	0.800788	8.0	0.127455	-0.542073	1.35711	9.0	0.202812	-0.546651	1.10314	10.0	0.236056	-0.466145	0.909123	11.0	0.237185	-0.42842	0.833202	12.0	-0.083639	-0.524163	0.858772	13.0	-0.0981759	-0.398213	0.500786	14.0	-0.0712612	-0.361719	0.159812	15.0	-0.0615136	-0.276632	0.0864638	16.0	0.0546168	-0.534698	0.857444	17.0	0.0996343	-0.65556	0.51754	18.0	0.0905702	-0.905274	0.173826	19.0	0.178984	-0.916082	0.0836838	20.0	-0.0332276	-0.557074	1.40023	21.0	-0.268291	-0.520664	0.75002	22.0	-0.2469	-0.496581	0.806769	23.0	0.23348	-0.418795	0.76636	24.0	0.26139	-0.38241	0.835237
17.203	0.0	-0.0343202	-0.540497	0.861642	1.0	-0.038516	-0.54658	1.17262	2.0	-0.0378527	-0.540177	1.4778	3.0	-0.0610448	-0.544297	1.61187	4.0	-0.214601	-0.535435	1.34744	5.0	-0.267053	-0.570952	1.09266	6.0	-0.267844	-0.493472	0.889863	7.0	-0.266929	-0.467792	0.810598	8.0	0.127445	-0.520058	1.3612	9.0	0.19965	-0.543831	1.10256	10.0	0.233697	-0.463429	0.902336	11.0	0.23259	-0.437772	0.82694	12.0	-0.0886115	-0.502698	0.862904	13.0	-0.102077	-0.386237	0.497459	14.0	-0.0732404	-0.359191	0.161095	15.0	-0.0609314	-0.27666	0.0860051	16.0	0.0468536	-0.508475	0.86448	17.0	0.102547	-0.593452	0.518372	18.0	0.0975799	-0.863246	0.18912	19.0	0.103025	-0.725379	0.148657	20.0	-0.0389111	-0.544031	1.40233	21.0	-0.26521	-0.455589	0.750228	22.0	-0.263656	-0.427106	0.820107	23.0	0.226134	-0.437045	0.748872	24.0	0.233454	-0.394259	0.821498
17.236	0.0	-0.0398234	-0.489867	0.866346	1.0	-0.0472753	-0.498526	1.17809	2.0	-0.0494526	-0.49667	1.48339	3.0	-0.0704488	-0.494842	1.62074	4.0	-0.226042	-0.48022	1.35773	5.0	-0.276214	-0.509488	1.09356	6.0	-0.272917	-0.417525	0.892595	7.0	-0.265016	-0.385478	0.82059	8.0	0.120004	-0.487419	1.3628	9.0	0.192932	-0.518595	1.10377	10.0	0.235074	-0.452237	0.888579	11.0	0.233563	-0.438507	0.821361	12.0	-0.0929706	-0.446667	0.865925	13.0	-0.105967	-0.368137	0.502103	14.0	-0.0730932	-0.354897	0.164454	15.0	-0.0612424	-0.276667	0.0870095	16.0	0.0420526	-0.469683	0.869606	17.0	0.105805	-0.529482	0.528111	18.0	0.104127	-0.802307	0.199803	19.0	0.116862	-0.664226	0.159823	20.0	-0.0498458	-0.49929	1.40794	21.0	-0.264442	-0.376056	0.766679	22.0	-0.228858	-0.364217	0.817862	23.0	0.224616	-0.44029	0.751712	24.0	0.222345	-0.402951	0.821098
17.269	0.0	-0.049593	-0.469878	0.869325	1.0	-0.0528254	-0.483924	1.18075	2.0	-0.0521556	-0.485376	1.48587	3.0	-0.072078	-0.481103	1.62605	4.0	-0.229721	-0.459669	1.35792	5.0	-0.289804	-0.453426	1.11233	6.0	-0.287582	-0.35248	0.901579	7.0	-0.273118	-0.31397	0.842333	8.0	0.113974	-0.471155	1.36417	9.0	0.187537	-0.511847	1.10673	10.0	0.235018	-0.450159	0.888188	11.0	0.23389	-0.437373	0.822093	12.0	-0.10371	-0.421441	0.869556	13.0	-0.109119	-0.359636	0.505232	14.0	-0.0728798	-0.3541	0.164707	15.0	-0.0612859	-0.276588	0.0866846	16.0	0.0317604	-0.448462	0.872796	17.0	0.104493	-0.461475	0.533492	18.0	0.113484	-0.732862	0.2038	19.0	0.127604	-0.594491	0.164207	20.0	-0.0531739	-0.487248	1.41047	21.0	-0.263679	-0.306356	0.775075	22.0	-0.244395	-0.305919	0.814997	23.0	0.228542	-0.445842	0.776863	24.0	0.243458	-0.390724	0.823673
17.303	0.0	-0.0542195	-0.424042	0.883375	1.0	-0.0578266	-0.443778	1.19097	2.0	-0.0565352	-0.452045	1.49248	3.0	-0.080457	-0.450121	1.63211	4.0	-0.23672	-0.406182	1.35857	5.0	-0.298974	-0.405604	1.1415	6.0	-0.288549	-0.292122	0.960112	7.0	-0.279038	-0.242799	0.88061	8.0	0.11324	-0.45613	1.36791	9.0	0.186023	-0.497452	1.11107	10.0	0.238463	-0.437858	0.886259	11.0	0.23422	-0.417492	0.816823	12.0	-0.109204	-0.37303	0.881582	13.0	-0.114494	-0.341061	0.508706	14.0	-0.0717221	-0.352656	0.170112	15.0	-0.0613107	-0.278002	0.0906376	16.0	0.0296072	-0.408022	0.887823	17.0	0.101744	-0.403424	0.539118	18.0	0.110705	-0.662953	0.198304	19.0	0.136366	-0.525335	0.159467	20.0	-0.0577599	-0.45217	1.41794	21.0	-0.275157	-0.217424	0.828577	22.0	-0.265509	-0.223153	0.822462	23.0	0.22725	-0.431405	0.742652	24.0	0.211656	-0.388628	0.784331
17.337	0.0	-0.0604713	-0.412849	0.886477	1.0	-0.0636962	-0.43207	1.19419	2.0	-0.0620556	-0.43966	1.49566	3.0	-0.0795607	-0.431635	1.6319	4.0	-0.237454	-0.394092	1.36347	5.0	-0.30604	-0.375959	1.16137	6.0	-0.291104	-0.218518	0.95159	7.0	-0.279275	-0.166114	0.894777	8.0	0.1108	-0.444043	1.36933	9.0	0.180373	-0.489951	1.11636	10.0	0.23893	-0.432028	0.887481	11.0	0.23521	-0.403126	0.827791	12.0	-0.115035	-0.364545	0.88396	13.0	-0.116223	-0.337602	0.507945	14.0	-0.0707418	-0.352629	0.167747	15.0	-0.0616024	-0.276871	0.0888985	16.0	0.0229285	-0.392507	0.892184	17.0	0.100694	-0.37429	0.52636	18.0	0.10963	-0.600467	0.164431	19.0	0.140657	-0.55496	0.0775689	20.0	-0.0633807	-0.439929	1.42116	21.0	-0.277827	-0.143648	0.855699	22.0	-0.266296	-0.169233	0.849064	23.0	0.234125	-0.412381	0.762074	24.0	0.217515	-0.366941	0.830142
17.369	0.0	-0.0737382	-0.380716	0.894587	1.0	-0.0749202	-0.401327	1.20174	2.0	-0.0713146	-0.410283	1.50248	3.0	-0.0836002	-0.407336	1.63596	4.0	-0.244906	-0.368011	1.37417	5.0	-0.320314	-0.327706	1.18248	6.0	-0.29638	-0.176692	0.996986	7.0	-0.277773	-0.10151	0.928061	8.0	0.105463	-0.429338	1.37547	9.0	0.178563	-0.481365	1.11639	10.0	0.237634	-0.403273	0.894689	11.0	0.237732	-0.382205	0.831251	12.0	-0.129828	-0.330202	0.892165	13.0	-0.118942	-0.331561	0.509739	14.0	-0.0723792	-0.353933	0.166668	15.0	-0.0612789	-0.277787	0.087933	16.0	0.0119267	-0.363539	0.899902	17.0	0.0898136	-0.324202	0.501797	18.0	0.110038	-0.50762	0.156646	19.0	0.14667	-0.445126	0.0751892	20.0	-0.0731243	-0.41021	1.42819	21.0	-0.27056	-0.0727587	0.893233	22.0	-0.255873	-0.0891821	0.883158	23.0	0.241088	-0.39102	0.771701	24.0	0.242987	-0.347333	0.841782
17.402	0.0	-0.0774409	-0.359963	0.896441	1.0	-0.0784115	-0.378	1.20335	2.0	-0.0744371	-0.384298	1.50374	3.0	-0.0861349	-0.382765	1.64443	4.0	-0.236362	-0.317844	1.38157	5.0	-0.314564	-0.288337	1.19028	6.0	-0.299068	-0.13365	1.02644	7.0	-0.275265	-0.0381808	0.949806	8.0	0.101951	-0.410305	1.3787	9.0	0.173985	-0.461232	1.12347	10.0	0.237835	-0.391184	0.901588	11.0	0.242812	-0.352318	0.838588	12.0	-0.134737	-0.308015	0.893697	13.0	-0.118356	-0.32678	0.506657	14.0	-0.0732782	-0.352369	0.165192	15.0	-0.061234	-0.276866	0.086004	16.0	0.00954	-0.343916	0.902119	17.0	0.0861863	-0.274046	0.493058	18.0	0.0991456	-0.39734	0.139563	19.0	0.159289	-0.329373	0.0705086	20.0	-0.0763575	-0.384894	1.42955	21.0	-0.268415	-0.00812513	0.914061	22.0	-0.28064	-0.0118463	0.916599	23.0	0.24628	-0.346214	0.779429	24.0	0.264239	-0.314551	0.850191
17.437	0.0	-0.0796992	-0.338286	0.896043	1.0	-0.0784722	-0.357296	1.20394	2.0	-0.0724052	-0.364483	1.50523	3.0	-0.0875726	-0.349954	1.64433	4.0	-0.237937	-0.296509	1.38101	5.0	-0.320536	-0.239334	1.19607	6.0	-0.298066	-0.0814151	1.04121	7.0	-0.271655	0.02108	0.973762	8.0	0.0979434	-0.389421	1.37987	9.0	0.16978	-0.447612	1.12663	10.0	0.242239	-0.353557	0.910967	11.0	0.244228	-0.327568	0.84854	12.0	-0.135625	-0.28601	0.892955	13.0	-0.117614	-0.314765	0.493255	14.0	-0.0665374	-0.341273	0.136081	15.0	-0.0742239	-0.271032	0.0572917	16.0	0.00621693	-0.322786	0.902116	17.0	0.0761108	-0.239433	0.498091	18.0	0.0861475	-0.318391	0.163482	19.0	0.0870194	-0.26448	0.077341	20.0	-0.0748414	-0.364865	1.43082	21.0	-0.265362	0.0445588	0.945688	22.0	-0.254371	0.0347006	0.930276	23.0	0.251641	-0.318357	0.788809	24.0	0.228223	-0.289977	0.849806
17.47	0.0	-0.080969	-0.316826	0.894344	1.0	-0.0791977	-0.335356	1.20203	2.0	-0.0724943	-0.342332	1.50313	3.0	-0.0865308	-0.329807	1.63938	4.0	-0.237848	-0.270045	1.3781	5.0	-0.32813	-0.21593	1.19682	6.0	-0.299131	-0.0443575	1.06144	7.0	-0.261794	0.0785713	0.991093	8.0	0.0949752	-0.367215	1.38073	9.0	0.165113	-0.432753	1.13123	10.0	0.240489	-0.3481	0.913047	11.0	0.248278	-0.302741	0.848012	12.0	-0.136857	-0.263715	0.892008	13.0	-0.119459	-0.304501	0.493335	14.0	-0.0683756	-0.340683	0.136785	15.0	-0.0674096	-0.253154	0.0658467	16.0	0.00511094	-0.302221	0.899758	17.0	0.0730078	-0.184297	0.501942	18.0	0.0904205	-0.227295	0.170591	19.0	0.138184	-0.12165	0.0965243	20.0	-0.0750982	-0.342739	1.42877	21.0	-0.25911	0.123009	0.971241	22.0	-0.250618	0.0746043	0.948851	23.0	0.247268	-0.300595	0.783422	24.0	0.242158	-0.262802	0.850885
17.502	0.0	-0.0841332	-0.295298	0.893016	1.0	-0.0796574	-0.312518	1.20088	2.0	-0.0700632	-0.317734	1.50212	3.0	-0.0806465	-0.302328	1.63907	4.0	-0.234219	-0.241822	1.37906	5.0	-0.32549	-0.179888	1.20048	6.0	-0.297416	0.00572675	1.09276	7.0	-0.255534	0.131957	1.00552	8.0	0.094559	-0.348884	1.37565	9.0	0.16132	-0.417158	1.12868	10.0	0.239705	-0.329405	0.914943	11.0	0.250577	-0.280124	0.850932	12.0	-0.138229	-0.235031	0.890336	13.0	-0.125211	-0.29226	0.471357	14.0	-0.0767566	-0.305229	0.142346	15.0	-0.0772096	-0.2437	0.0593243	16.0	0.000897581	-0.286733	0.898753	17.0	0.0756906	-0.143356	0.50274	18.0	0.0855819	-0.119512	0.157116	19.0	0.137293	-0.0114096	0.0874505	20.0	-0.0734149	-0.318623	1.42773	21.0	-0.247365	0.156612	0.978431	22.0	-0.238805	0.11233	0.964676	23.0	0.257699	-0.270057	0.788774	24.0	0.255997	-0.24314	0.866783
17.536	0.0	-0.0825084	-0.272999	0.891547	1.0	-0.0784693	-0.28504	1.19749	2.0	-0.0695106	-0.285075	1.49651	3.0	-0.0811157	-0.279896	1.63082	4.0	-0.231805	-0.219152	1.38082	5.0	-0.317794	-0.14065	1.20468	6.0	-0.282368	0.0701563	1.07909	7.0	-0.247311	0.172786	1.01934	8.0	0.0966645	-0.329448	1.37404	9.0	0.156205	-0.395194	1.12789	10.0	0.240897	-0.299751	0.912732	11.0	0.255352	-0.250237	0.845026	12.0	-0.135235	-0.214123	0.888256	13.0	-0.133027	-0.280188	0.473838	14.0	-0.114157	-0.308325	0.156302	15.0	-0.0831123	-0.239841	0.0759184	16.0	0.000881124	-0.26464	0.898035	17.0	0.0680473	-0.0998691	0.474919	18.0	0.0866475	-0.0399183	0.158375	19.0	0.127319	0.0927866	0.0864626	20.0	-0.0726835	-0.287248	1.4227	21.0	-0.246107	0.214359	1.01097	22.0	-0.236056	0.174672	0.974504	23.0	0.264574	-0.236746	0.787158	24.0	0.283055	-0.21853	0.854492
17.57	0.0	-0.0829891	-0.24911	0.891853	1.0	-0.0772145	-0.265869	1.19563	2.0	-0.0668332	-0.270188	1.49311	3.0	-0.0773098	-0.255357	1.62437	4.0	-0.228318	-0.19458	1.37745	5.0	-0.328705	-0.0822172	1.18339	6.0	-0.283691	0.0946364	1.06715	7.0	-0.24569	0.20141	1.0243	8.0	0.0999971	-0.306279	1.36863	9.0	0.156745	-0.373793	1.12601	10.0	0.238072	-0.293057	0.918157	11.0	0.251433	-0.235713	0.851854	12.0	-0.135902	-0.189123	0.890981	13.0	-0.149284	-0.267313	0.463637	14.0	-0.128421	-0.303425	0.147336	15.0	-0.0514052	-0.155705	0.140961	16.0	0.000707613	-0.241326	0.895997	17.0	0.0637045	-0.062245	0.505349	18.0	0.0761476	0.0131308	0.16657	19.0	0.120486	0.154423	0.108004	20.0	-0.0703353	-0.271347	1.41963	21.0	-0.24255	0.238952	1.00093	22.0	-0.218069	0.202313	0.999624	23.0	0.261669	-0.216711	0.786571	24.0	0.248613	-0.187538	0.859228
17.603	0.0	-0.0769396	-0.224841	0.886139	1.0	-0.0717217	-0.23886	1.1907	2.0	-0.061698	-0.241377	1.48884	3.0	-0.0753468	-0.232539	1.62047	4.0	-0.226332	-0.172871	1.3749	5.0	-0.32743	-0.0730873	1.18173	6.0	-0.270432	0.14551	1.08028	7.0	-0.242777	0.230089	1.03199	8.0	0.0991375	-0.28216	1.36567	9.0	0.159201	-0.351204	1.12134	10.0	0.243035	-0.260528	0.906986	11.0	0.253045	-0.211503	0.834128	12.0	-0.131458	-0.169008	0.881875	13.0	-0.152267	-0.229426	0.532137	14.0	-0.142403	-0.273051	0.216467	15.0	-0.0665144	-0.126816	0.196867	16.0	0.00878424	-0.212259	0.894231	17.0	0.0538864	-0.0231325	0.476504	18.0	0.0592554	0.0524422	0.162418	19.0	0.106583	0.202465	0.122406	20.0	-0.0651301	-0.242873	1.41521	21.0	-0.239603	0.26499	1.01451	22.0	-0.217687	0.241698	0.991969	23.0	0.255512	-0.199337	0.773056	24.0	0.245535	-0.168714	0.840613
17.637	0.0	-0.0742642	-0.20052	0.886746	1.0	-0.0703024	-0.213382	1.18902	2.0	-0.0613611	-0.214285	1.48456	3.0	-0.0706418	-0.205824	1.61556	4.0	-0.221488	-0.142022	1.36843	5.0	-0.320745	-0.0184102	1.17846	6.0	-0.259298	0.165789	1.07007	7.0	-0.236717	0.251531	1.02683	8.0	0.1012	-0.2579	1.36152	9.0	0.159715	-0.324736	1.11694	10.0	0.241903	-0.223949	0.893013	11.0	0.250363	-0.187146	0.826496	12.0	-0.130238	-0.142315	0.8831	13.0	-0.157056	-0.201086	0.572997	14.0	-0.0666775	-0.339294	0.17431	15.0	-0.0145945	-0.181838	0.161703	16.0	0.0125817	-0.191556	0.893946	17.0	0.0471541	0.000423896	0.476804	18.0	0.0567385	0.101937	0.169178	19.0	0.104556	0.233586	0.109848	20.0	-0.0645398	-0.21625	1.41161	21.0	-0.227211	0.275281	1.00823	22.0	-0.229844	0.26441	0.983114	23.0	0.24358	-0.187718	0.75038	24.0	0.270166	-0.148315	0.817029
17.67	0.0	-0.0699396	-0.175186	0.88448	1.0	-0.0651216	-0.18707	1.18516	2.0	-0.0552233	-0.187431	1.47915	3.0	-0.0665204	-0.1722	1.61119	4.0	-0.220025	-0.12489	1.36284	5.0	-0.319863	-0.0162028	1.17793	6.0	-0.268598	0.162775	1.0668	7.0	-0.232231	0.267174	1.01996	8.0	0.106065	-0.231478	1.35459	9.0	0.161465	-0.303499	1.11118	10.0	0.240919	-0.209622	0.883822	11.0	0.246173	-0.175084	0.820673	12.0	-0.126189	-0.115526	0.881013	13.0	-0.159414	-0.195378	0.579563	14.0	-0.0677643	-0.336368	0.1811	15.0	-0.0183218	-0.177972	0.168886	16.0	0.0173992	-0.167512	0.89141	17.0	0.0441898	0.0205407	0.472631	18.0	0.0543318	0.109394	0.160848	19.0	0.0960921	0.255832	0.11024	20.0	-0.0586507	-0.189475	1.40657	21.0	-0.226644	0.295359	1.00095	22.0	-0.208888	0.271556	0.983239	23.0	0.23184	-0.161405	0.727955	24.0	0.23187	-0.140496	0.825496
17.702	0.0	-0.0529203	-0.131647	0.881362	1.0	-0.0551659	-0.155671	1.18279	2.0	-0.0505731	-0.165984	1.47738	3.0	-0.0616015	-0.149435	1.60711	4.0	-0.216886	-0.102758	1.36158	5.0	-0.312171	0.00769876	1.16538	6.0	-0.253172	0.195765	1.05014	7.0	-0.226475	0.279381	1.00781	8.0	0.110091	-0.203256	1.35022	9.0	0.168077	-0.262886	1.10105	10.0	0.238425	-0.194819	0.8798	11.0	0.244257	-0.154891	0.806318	12.0	-0.108434	-0.0733717	0.877514	13.0	-0.17871	-0.16191	0.588733	14.0	-0.0944388	-0.324106	0.197508	15.0	-0.038946	-0.168005	0.181643	16.0	0.0337281	-0.122809	0.888737	17.0	0.048831	0.0534354	0.530686	18.0	0.0505479	0.115645	0.180013	19.0	0.0879275	0.257801	0.119736	20.0	-0.0528372	-0.16575	1.40467	21.0	-0.223393	0.306272	0.987584	22.0	-0.202101	0.27416	0.967109	23.0	0.24546	-0.148871	0.739703	24.0	0.228994	-0.132826	0.772671
17.737	0.0	-0.0497147	-0.115665	0.881035	1.0	-0.0536023	-0.134771	1.17939	2.0	-0.0522534	-0.14191	1.47049	3.0	-0.0597426	-0.13103	1.60464	4.0	-0.215771	-0.0811744	1.35499	5.0	-0.309904	0.0184372	1.15752	6.0	-0.253961	0.196149	1.04613	7.0	-0.226928	0.280623	0.994573	8.0	0.114562	-0.175338	1.34397	9.0	0.167992	-0.24705	1.09474	10.0	0.237489	-0.175212	0.866704	11.0	0.2407	-0.142692	0.801558	12.0	-0.106026	-0.0578938	0.877419	13.0	-0.159671	-0.148689	0.576433	14.0	-0.0645196	-0.311998	0.187145	15.0	-0.0152326	-0.153862	0.171769	16.0	0.0378697	-0.106291	0.888181	17.0	0.0415252	0.0764453	0.467233	18.0	0.0435417	0.134103	0.148721	19.0	0.0870718	0.279668	0.0970951	20.0	-0.0535646	-0.142284	1.39867	21.0	-0.214248	0.312756	0.96325	22.0	-0.189371	0.298019	0.963997	23.0	0.244627	-0.139866	0.740206	24.0	0.229777	-0.10313	0.79049
17.77	0.0	-0.0447623	-0.0805161	0.887232	1.0	-0.0458342	-0.103587	1.18173	2.0	-0.0419493	-0.114473	1.46979	3.0	-0.0507411	-0.0923977	1.59746	4.0	-0.215815	-0.0680898	1.35446	5.0	-0.304489	0.0353637	1.15003	6.0	-0.249202	0.20825	1.03096	7.0	-0.221833	0.278558	0.975654	8.0	0.120871	-0.137996	1.33537	9.0	0.17425	-0.203733	1.07732	10.0	0.237354	-0.14705	0.856394	11.0	0.241293	-0.123111	0.783944	12.0	-0.10051	-0.0221847	0.883229	13.0	-0.163748	-0.120188	0.59656	14.0	-0.0769147	-0.29539	0.210948	15.0	-0.0243509	-0.13959	0.188418	16.0	0.0424514	-0.0718706	0.894653	17.0	0.0522872	0.101904	0.470606	18.0	0.0431844	0.149594	0.151109	19.0	0.0873806	0.288082	0.0879838	20.0	-0.0438797	-0.113957	1.39868	21.0	-0.212213	0.310745	0.942012	22.0	-0.191406	0.277154	0.932077	23.0	0.238876	-0.132228	0.719431	24.0	0.231258	-0.0837502	0.791163
17.802	0.0	-0.0201462	-0.0439004	0.878706	1.0	-0.0333925	-0.0691293	1.17346	2.0	-0.0393124	-0.0811362	1.46115	3.0	-0.0479472	-0.0647754	1.59662	4.0	-0.208724	-0.0301079	1.3494	5.0	-0.302296	0.0380517	1.14284	6.0	-0.244036	0.220991	1.01126	7.0	-0.21708	0.286605	0.952002	8.0	0.126689	-0.11079	1.32939	9.0	0.182633	-0.167305	1.07133	10.0	0.237758	-0.129397	0.851188	11.0	0.241849	-0.101201	0.771711	12.0	-0.0743121	0.0166263	0.87566	13.0	-0.156391	-0.101721	0.606456	14.0	-0.0752532	-0.284925	0.223666	15.0	-0.0227764	-0.130118	0.196641	16.0	0.0654111	-0.0372729	0.885472	17.0	0.0685714	0.140657	0.470564	18.0	0.0438039	0.160173	0.143097	19.0	0.086963	0.290482	0.0828983	20.0	-0.0389267	-0.0804387	1.39018	21.0	-0.211982	0.319166	0.920247	22.0	-0.188927	0.300923	0.901363	23.0	0.235852	-0.114856	0.702787	24.0	0.229956	-0.0572387	0.764282
17.837	0.0	-0.0194553	-0.0291815	0.872176	1.0	-0.0309261	-0.0489053	1.16856	2.0	-0.0361263	-0.0566481	1.45876	3.0	-0.0463691	-0.0365464	1.58715	4.0	-0.206394	-0.011614	1.34261	5.0	-0.292587	0.0305489	1.14116	6.0	-0.24436	0.218607	0.999094	7.0	-0.22007	0.278297	0.929055	8.0	0.131158	-0.0678033	1.32039	9.0	0.184428	-0.133589	1.06865	10.0	0.248372	-0.0858712	0.838789	11.0	0.247842	-0.0761433	0.768125	12.0	-0.0748398	0.0298645	0.86871	13.0	-0.147226	-0.068264	0.58582	14.0	-0.0806589	-0.273222	0.212497	15.0	-0.0261141	-0.118608	0.18699	16.0	0.0674831	-0.0210399	0.879511	17.0	0.0728201	0.158432	0.472587	18.0	0.0461444	0.167359	0.142402	19.0	0.0860013	0.289487	0.0812172	20.0	-0.0358542	-0.0568384	1.3871	21.0	-0.210119	0.305994	0.888944	22.0	-0.190372	0.280991	0.884897	23.0	0.240969	-0.085659	0.691279	24.0	0.23877	-0.0369173	0.770176
17.869	0.0	-0.00468372	-0.0106472	0.861064	1.0	-0.0233471	-0.0272078	1.16066	2.0	-0.0356414	-0.0301564	1.45288	3.0	-0.0434667	-0.0146586	1.58057	4.0	-0.206828	0.0115183	1.33382	5.0	-0.290029	0.0310176	1.13728	6.0	-0.242187	0.216079	0.974433	7.0	-0.214941	0.280946	0.900484	8.0	0.132427	-0.0444999	1.31641	9.0	0.19881	-0.0903892	1.05163	10.0	0.252766	-0.0627427	0.832252	11.0	0.256201	-0.04379	0.764256	12.0	-0.0618179	0.0464137	0.857602	13.0	-0.131347	-0.0503868	0.57218	14.0	-0.0626421	-0.269904	0.20819	15.0	-0.0121579	-0.11386	0.182916	16.0	0.0838019	-0.000639788	0.868758	17.0	0.0837479	0.180795	0.472309	18.0	0.0465703	0.170416	0.141616	19.0	0.0848815	0.288214	0.0790167	20.0	-0.0335473	-0.0318105	1.3808	21.0	-0.20706	0.308337	0.860611	22.0	-0.188621	0.292906	0.847157	23.0	0.251141	-0.0504496	0.691779	24.0	0.24072	-0.00296232	0.732568
17.903	0.0	0.0044123	0.00726236	0.855656	1.0	-0.0201388	-0.00639883	1.15443	2.0	-0.0390571	-0.00750973	1.446	3.0	-0.0421668	0.00782825	1.57819	4.0	-0.210789	0.0314503	1.32198	5.0	-0.284703	0.0395018	1.11824	6.0	-0.241131	0.213928	0.951812	7.0	-0.219826	0.2752	0.877303	8.0	0.134843	-0.0061528	1.3107	9.0	0.207158	-0.05553	1.04816	10.0	0.270967	-0.00663931	0.826844	11.0	0.268339	0.00351536	0.77034	12.0	-0.0519871	0.062624	0.847302	13.0	-0.127068	-0.036071	0.566303	14.0	-0.0617362	-0.264612	0.207713	15.0	-0.0113933	-0.108555	0.181799	16.0	0.0925907	0.0199387	0.868129	17.0	0.0946729	0.192054	0.473294	18.0	0.0472783	0.171948	0.142315	19.0	0.0834899	0.28757	0.0772403	20.0	-0.0353094	-0.0094257	1.37406	21.0	-0.212877	0.296718	0.828172	22.0	-0.178743	0.311988	0.864653	23.0	0.265243	-5.15292e-05	0.704979	24.0	0.245863	0.0330185	0.76799
17.936	0.0	0.0201303	0.0402026	0.84149	1.0	-0.0116385	0.030378	1.14441	2.0	-0.0374148	0.0329003	1.44015	3.0	-0.0394106	0.0302447	1.57253	4.0	-0.204096	0.0637466	1.31252	5.0	-0.282106	0.0488292	1.10046	6.0	-0.239467	0.214133	0.933474	7.0	-0.217106	0.269829	0.853246	8.0	0.134883	0.0277343	1.31044	9.0	0.222412	-0.00217619	1.04825	10.0	0.281202	0.0440099	0.830953	11.0	0.279382	0.0535062	0.771942	12.0	-0.0295489	0.0994698	0.831361	13.0	-0.117759	-0.0106775	0.538436	14.0	-0.0567806	-0.262272	0.195963	15.0	-0.00738399	-0.105253	0.17228	16.0	0.101829	0.0477655	0.856327	17.0	0.106555	0.206544	0.477297	18.0	0.0478904	0.173507	0.142587	19.0	0.0815785	0.285466	0.0749665	20.0	-0.0320188	0.0300606	1.36717	21.0	-0.207276	0.28778	0.801508	22.0	-0.187169	0.268858	0.797042	23.0	0.280566	0.0464255	0.696644	24.0	0.239997	0.091755	0.801744
17.97	0.0	0.0157088	0.0581665	0.833628	1.0	-0.0148006	0.0505901	1.13948	2.0	-0.0391944	0.0547405	1.43835	3.0	-0.0399212	0.0653443	1.56929	4.0	-0.204855	0.0685039	1.31027	5.0	-0.278701	0.0599513	1.08667	6.0	-0.235964	0.218986	0.89589	7.0	-0.217612	0.261858	0.833441	8.0	0.13812	0.0629588	1.30543	9.0	0.232219	0.0383328	1.0549	10.0	0.305353	0.0995698	0.829066	11.0	0.295961	0.106022	0.784682	12.0	-0.0331671	0.110577	0.825946	13.0	-0.107451	0.0152502	0.509169	14.0	-0.050498	-0.258966	0.184967	15.0	-0.00246599	-0.100906	0.163636	16.0	0.0962919	0.074409	0.845681	17.0	0.112013	0.214314	0.474697	18.0	0.0484796	0.174024	0.142879	19.0	0.0815449	0.28539	0.0748123	20.0	-0.0341786	0.0515881	1.36459	21.0	-0.209719	0.286304	0.787562	22.0	-0.173974	0.28038	0.81473	23.0	0.291559	0.11396	0.688777	24.0	0.265795	0.139703	0.789862
18.003	0.0	0.017888	0.0786976	0.828675	1.0	-0.0128643	0.0746386	1.13804	2.0	-0.0375115	0.0826227	1.44072	3.0	-0.0408633	0.0866553	1.56908	4.0	-0.200822	0.111665	1.29833	5.0	-0.27388	0.0749231	1.07583	6.0	-0.234784	0.219825	0.88739	7.0	-0.218045	0.256738	0.816351	8.0	0.135924	0.105125	1.31298	9.0	0.244313	0.0835733	1.07386	10.0	0.315559	0.146722	0.864703	11.0	0.314793	0.161617	0.797469	12.0	-0.0322991	0.127213	0.817897	13.0	-0.103518	0.033679	0.500269	14.0	-0.0471595	-0.253582	0.188055	15.0	0.000359626	-0.095505	0.165547	16.0	0.0999055	0.0975004	0.844841	17.0	0.115716	0.219577	0.475512	18.0	0.0521247	0.17585	0.144093	19.0	0.0805847	0.283079	0.0743491	20.0	-0.0324405	0.078474	1.36598	21.0	-0.207703	0.274097	0.75525	22.0	-0.182565	0.270642	0.784228	23.0	0.31815	0.175233	0.728364	24.0	0.268162	0.171227	0.823593
18.037	0.0	0.0219315	0.102425	0.826778	1.0	-0.00945994	0.101164	1.13826	2.0	-0.0347762	0.111193	1.44273	3.0	-0.0412224	0.110568	1.56855	4.0	-0.192078	0.128394	1.29172	5.0	-0.271386	0.0768199	1.07353	6.0	-0.233899	0.219394	0.879899	7.0	-0.21737	0.251591	0.805736	8.0	0.137433	0.132133	1.31959	9.0	0.24987	0.110621	1.08585	10.0	0.33638	0.204558	0.875766	11.0	0.34404	0.221321	0.812883	12.0	-0.0283457	0.148861	0.814124	13.0	-0.100027	0.0499324	0.495505	14.0	-0.0387009	-0.250171	0.197014	15.0	0.00595333	-0.0920553	0.171194	16.0	0.104012	0.122696	0.844795	17.0	0.122232	0.226992	0.477134	18.0	0.0569586	0.177918	0.145608	19.0	0.0806156	0.279381	0.0746128	20.0	-0.0295427	0.106617	1.36759	21.0	-0.214208	0.272505	0.750646	22.0	-0.181965	0.247553	0.798401	23.0	0.342395	0.24267	0.752984	24.0	0.331968	0.259559	0.831729
18.069	0.0	0.0250931	0.123852	0.831618	1.0	-0.00577469	0.120394	1.14511	2.0	-0.0304769	0.12858	1.45123	3.0	-0.0411897	0.131554	1.57548	4.0	-0.191463	0.137066	1.29647	5.0	-0.265048	0.0846794	1.06933	6.0	-0.231303	0.217334	0.869322	7.0	-0.212486	0.24775	0.795275	8.0	0.138464	0.166779	1.33174	9.0	0.259186	0.157372	1.10396	10.0	0.35204	0.261184	0.90183	11.0	0.3548	0.273064	0.830128	12.0	-0.0245592	0.166988	0.817956	13.0	-0.0886488	0.0820413	0.503663	14.0	-0.0390709	-0.230394	0.216688	15.0	0.00658115	-0.0742251	0.184507	16.0	0.106563	0.147658	0.850474	17.0	0.124848	0.230363	0.47912	18.0	0.0607347	0.178065	0.146779	19.0	0.080999	0.279082	0.0747423	20.0	-0.0254071	0.124425	1.37571	21.0	-0.208086	0.267289	0.73967	22.0	-0.179557	0.25316	0.778988	23.0	0.35621	0.278263	0.762937	24.0	0.389766	0.304026	0.853604
18.103	0.0	0.0264207	0.140956	0.837177	1.0	-0.00454386	0.138897	1.15311	2.0	-0.0293056	0.148257	1.46169	3.0	-0.0458814	0.152073	1.58471	4.0	-0.190517	0.149398	1.30377	5.0	-0.257563	0.0944579	1.06354	6.0	-0.225729	0.220481	0.86039	7.0	-0.210365	0.242806	0.788318	8.0	0.137764	0.185772	1.34023	9.0	0.280313	0.203359	1.12857	10.0	0.368581	0.317606	0.914008	11.0	0.374554	0.337263	0.858713	12.0	-0.0237189	0.178289	0.823293	13.0	0.0120782	0.161196	0.502847	14.0	-0.0165067	-0.17577	0.245937	15.0	0.0255198	-0.0234215	0.200945	16.0	0.108742	0.171502	0.855731	17.0	0.132424	0.238546	0.4949	18.0	0.0644107	0.177187	0.14751	19.0	0.0810169	0.277916	0.0747568	20.0	-0.0242245	0.143835	1.38556	21.0	-0.205895	0.25807	0.728126	22.0	-0.171815	0.254466	0.786775	23.0	0.374966	0.337001	0.796501	24.0	0.377633	0.378788	0.860558
18.136	0.0	0.0265331	0.155072	0.84446	1.0	-0.00445197	0.153122	1.16108	2.0	-0.0291936	0.162416	1.47009	3.0	-0.0472941	0.163997	1.59428	4.0	-0.183086	0.165456	1.3196	5.0	-0.247572	0.102901	1.06191	6.0	-0.222518	0.221023	0.857225	7.0	-0.207861	0.241845	0.787102	8.0	0.137939	0.213353	1.35277	9.0	0.27926	0.212399	1.13367	10.0	0.368037	0.359592	0.957994	11.0	0.384978	0.395818	0.887675	12.0	-0.02353	0.18883	0.831359	13.0	-0.0544231	0.138309	0.521339	14.0	-0.0190435	-0.189541	0.250995	15.0	0.021542	-0.0370571	0.205218	16.0	0.108854	0.188564	0.861861	17.0	0.132915	0.239509	0.497649	18.0	0.0663078	0.177293	0.149741	19.0	0.0805884	0.27498	0.0745275	20.0	-0.024122	0.158027	1.39388	21.0	-0.205462	0.250014	0.728878	22.0	-0.16548	0.262474	0.771249	23.0	0.386959	0.401447	0.829837	24.0	0.383115	0.439527	0.908055
18.17	0.0	0.0233384	0.175979	0.852301	1.0	-0.00390893	0.175339	1.16965	2.0	-0.0246029	0.186558	1.47949	3.0	-0.0518904	0.19479	1.60554	4.0	-0.187984	0.166046	1.324	5.0	-0.233268	0.116438	1.06057	6.0	-0.216796	0.222329	0.85622	7.0	-0.201554	0.247822	0.787653	8.0	0.139036	0.236481	1.36295	9.0	0.29151	0.26589	1.17438	10.0	0.371898	0.40628	0.985615	11.0	0.385938	0.448493	0.914239	12.0	-0.0243399	0.206424	0.84048	13.0	-0.0525916	0.147975	0.523691	14.0	-0.0143005	-0.179165	0.252731	15.0	0.0243626	-0.0271897	0.204672	16.0	0.103239	0.212489	0.868365	17.0	0.132869	0.240441	0.500765	18.0	0.0671177	0.176763	0.150113	19.0	0.0811967	0.273307	0.0746038	20.0	-0.020586	0.181632	1.40307	21.0	-0.200279	0.249969	0.730568	22.0	-0.168226	0.243328	0.739721	23.0	0.382794	0.455334	0.847535	24.0	0.387189	0.493086	0.920599
18.202	0.0	0.0196402	0.189606	0.854795	1.0	-0.00407546	0.185876	1.1742	2.0	-0.0218778	0.194972	1.48599	3.0	-0.0511107	0.204496	1.61258	4.0	-0.187508	0.178166	1.32321	5.0	-0.227503	0.125139	1.06188	6.0	-0.212803	0.223407	0.858231	7.0	-0.196723	0.254496	0.788379	8.0	0.143489	0.251199	1.36967	9.0	0.297383	0.297392	1.19122	10.0	0.371102	0.454902	1.01112	11.0	0.380109	0.500767	0.943835	12.0	-0.0280511	0.220287	0.845584	13.0	-0.0542584	0.156704	0.524079	14.0	-0.0169713	-0.170808	0.253456	15.0	0.0229703	-0.019355	0.204565	16.0	0.0998792	0.225581	0.868544	17.0	0.132346	0.241357	0.504171	18.0	0.0677585	0.176279	0.15145	19.0	0.0822157	0.271036	0.0750212	20.0	-0.0185635	0.19051	1.40906	21.0	-0.193054	0.256464	0.729047	22.0	-0.175982	0.256129	0.729159	23.0	0.377822	0.517539	0.88265	24.0	0.346866	0.517296	0.9479
18.237	0.0	0.0172382	0.207964	0.857192	1.0	-0.00103922	0.20785	1.18123	2.0	-0.0117565	0.220523	1.49859	3.0	-0.0505453	0.231417	1.61368	4.0	-0.160999	0.228448	1.33535	5.0	-0.20595	0.157385	1.08439	6.0	-0.197224	0.232714	0.865311	7.0	-0.187371	0.266531	0.787695	8.0	0.146978	0.274694	1.37775	9.0	0.303879	0.323962	1.20447	10.0	0.366949	0.504969	1.03023	11.0	0.371182	0.554258	0.96967	12.0	-0.0312301	0.243359	0.851157	13.0	-0.0674048	0.166598	0.512329	14.0	-0.0189783	-0.163993	0.247028	15.0	0.0224491	-0.011599	0.200722	16.0	0.0984225	0.239528	0.86841	17.0	0.132095	0.242389	0.506627	18.0	0.0697584	0.174486	0.15516	19.0	0.0828071	0.269072	0.0751124	20.0	-0.0103478	0.215198	1.42021	21.0	-0.18132	0.263773	0.727393	22.0	-0.157463	0.252368	0.74166	23.0	0.368058	0.581812	0.920863	24.0	0.368002	0.591537	0.988781
18.27	0.0	0.0113156	0.223701	0.860117	1.0	-0.00165278	0.221553	1.18537	2.0	-0.00852805	0.232067	1.50313	3.0	-0.0490067	0.238827	1.61789	4.0	-0.16044	0.229545	1.33727	5.0	-0.204853	0.161078	1.08236	6.0	-0.19243	0.240032	0.865542	7.0	-0.182774	0.278882	0.79303	8.0	0.152772	0.291183	1.3823	9.0	0.303442	0.336389	1.21667	10.0	0.359729	0.542301	1.04674	11.0	0.357968	0.601797	0.992332	12.0	-0.0361057	0.257966	0.855535	13.0	-0.0765861	0.19016	0.510953	14.0	-0.0404618	-0.12663	0.227187	15.0	-0.101607	-0.0552768	0.131446	16.0	0.0919223	0.255577	0.869316	17.0	0.123835	0.242218	0.496813	18.0	0.070427	0.172461	0.155305	19.0	0.0842476	0.266171	0.0759922	20.0	-0.00794994	0.227281	1.42474	21.0	-0.179705	0.282266	0.735677	22.0	-0.153739	0.272899	0.751603	23.0	0.352543	0.629782	0.948177	24.0	0.3518	0.644283	1.00522
18.303	0.0	0.00777821	0.23386	0.865028	1.0	-0.0020451	0.232626	1.19018	2.0	-0.00570302	0.243577	1.50753	3.0	-0.0481444	0.254216	1.62789	4.0	-0.15679	0.236503	1.34222	5.0	-0.201006	0.169065	1.0809	6.0	-0.188462	0.251673	0.86744	7.0	-0.1787	0.288471	0.802486	8.0	0.155728	0.304393	1.38577	9.0	0.32284	0.356217	1.22208	10.0	0.348181	0.578018	1.0585	11.0	0.340286	0.635487	1.01178	12.0	-0.0394901	0.263676	0.860545	13.0	-0.0810613	0.201633	0.50612	14.0	-0.128449	-0.0276329	0.182029	15.0	-0.0931508	0.0228616	0.0953673	16.0	0.0884638	0.271822	0.873753	17.0	0.118777	0.240713	0.492687	18.0	0.0701695	0.165512	0.150437	19.0	0.0849622	0.265175	0.0757737	20.0	-0.00591664	0.238708	1.42928	21.0	-0.176119	0.296043	0.74365	22.0	-0.139412	0.311702	0.804603	23.0	0.330786	0.66547	0.968819	24.0	0.350777	0.666854	1.03093
18.337	0.0	0.00928473	0.252186	0.871599	1.0	0.0031854	0.255019	1.19617	2.0	0.00375442	0.269773	1.51238	3.0	-0.0477943	0.284895	1.63485	4.0	-0.149356	0.250005	1.3505	5.0	-0.192879	0.187736	1.08573	6.0	-0.173989	0.268278	0.889025	7.0	-0.177688	0.296982	0.828588	8.0	0.163212	0.322869	1.38824	9.0	0.316996	0.369609	1.23165	10.0	0.34244	0.610875	1.06954	11.0	0.325469	0.672267	1.02893	12.0	-0.0388334	0.277189	0.86698	13.0	-0.0886164	0.252059	0.496515	14.0	-0.0824704	0.0530666	0.161278	15.0	-0.115027	0.0802996	0.0837544	16.0	0.0910574	0.293435	0.879918	17.0	0.114671	0.240567	0.491408	18.0	0.0654498	0.161668	0.151151	19.0	0.0857079	0.263701	0.0767967	20.0	0.00246553	0.263982	1.43448	21.0	-0.170162	0.318653	0.752733	22.0	-0.133661	0.330553	0.831644	23.0	0.310924	0.702112	0.993557	24.0	0.323868	0.723081	1.02272
18.369	0.0	0.0115818	0.26296	0.873633	1.0	0.00576004	0.266963	1.19768	2.0	0.00623598	0.282386	1.51336	3.0	-0.047697	0.295496	1.63365	4.0	-0.147931	0.262999	1.3533	5.0	-0.183329	0.209817	1.08873	6.0	-0.171695	0.283753	0.889443	7.0	-0.175112	0.326531	0.815962	8.0	0.165136	0.336247	1.38897	9.0	0.314898	0.383714	1.23458	10.0	0.333602	0.614132	1.0862	11.0	0.308477	0.70166	1.04442	12.0	-0.0369344	0.288681	0.870394	13.0	-0.0886801	0.297213	0.511779	14.0	-0.0874841	0.0912032	0.149472	15.0	-0.123493	0.133238	0.0749203	16.0	0.0937282	0.303328	0.880863	17.0	0.111509	0.241807	0.49057	18.0	0.0618819	0.160031	0.152492	19.0	0.0856523	0.263226	0.077068	20.0	0.00500528	0.276463	1.43559	21.0	-0.17465	0.345984	0.758506	22.0	-0.140592	0.349386	0.844192	23.0	0.290755	0.731628	1.01047	24.0	0.330912	0.729891	1.06386
18.402	0.0	0.0137763	0.279827	0.87733	1.0	0.00888477	0.285558	1.19905	2.0	0.0102537	0.303055	1.51228	3.0	-0.0425566	0.317547	1.63774	4.0	-0.142648	0.285241	1.35656	5.0	-0.180905	0.218231	1.09183	6.0	-0.172479	0.293627	0.892945	7.0	-0.177485	0.341642	0.821755	8.0	0.171536	0.355317	1.38972	9.0	0.315807	0.404938	1.22875	10.0	0.325314	0.624439	1.09895	11.0	0.293017	0.724167	1.05458	12.0	-0.0356504	0.304483	0.874651	13.0	-0.0914946	0.345683	0.541908	14.0	-0.0854647	0.15609	0.154544	15.0	-0.102402	0.210667	0.0735382	16.0	0.0970045	0.321077	0.883986	17.0	0.108399	0.240592	0.483378	18.0	0.0495249	0.154561	0.152476	19.0	0.0848955	0.261276	0.0779617	20.0	0.00880231	0.296581	1.43514	21.0	-0.179872	0.361217	0.756713	22.0	-0.146083	0.368872	0.83762	23.0	0.271042	0.760203	1.02654	24.0	0.310975	0.753528	1.08004
18.437	0.0	0.00963058	0.292524	0.877403	1.0	0.00839248	0.30112	1.19812	2.0	0.014071	0.322391	1.51028	3.0	-0.042501	0.338866	1.63639	4.0	-0.142176	0.291716	1.35416	5.0	-0.179194	0.230007	1.0953	6.0	-0.175347	0.309049	0.897679	7.0	-0.18339	0.352449	0.839031	8.0	0.173375	0.371239	1.38841	9.0	0.316778	0.420456	1.22389	10.0	0.320418	0.632745	1.10197	11.0	0.280142	0.742275	1.06122	12.0	-0.0399707	0.314579	0.875903	13.0	-0.0922092	0.375831	0.535732	14.0	-0.0780962	0.22473	0.152179	15.0	-0.105663	0.296509	0.0831683	16.0	0.0932974	0.336683	0.882709	17.0	0.107386	0.245779	0.49219	18.0	0.0510444	0.156504	0.15325	19.0	0.0834502	0.260325	0.0779097	20.0	0.0114549	0.314901	1.43342	21.0	-0.184498	0.379813	0.780206	22.0	-0.158309	0.37301	0.859776	23.0	0.257595	0.77539	1.03268	24.0	0.287564	0.771244	1.08931
18.469	0.0	0.00930628	0.314086	0.875227	1.0	0.0119077	0.325964	1.19562	2.0	0.0211564	0.349165	1.50773	3.0	-0.0365195	0.366828	1.63191	4.0	-0.134876	0.331203	1.34869	5.0	-0.17588	0.25329	1.09801	6.0	-0.174015	0.335267	0.90151	7.0	-0.178706	0.378773	0.8439	8.0	0.176434	0.398043	1.38554	9.0	0.31262	0.437883	1.21442	10.0	0.312765	0.645266	1.10048	11.0	0.271627	0.766403	1.05787	12.0	-0.04056	0.337564	0.875351	13.0	-0.0892683	0.427253	0.54036	14.0	-0.0812572	0.312852	0.142758	15.0	-0.0953331	0.388623	0.070618	16.0	0.0933778	0.356204	0.879316	17.0	0.106731	0.260068	0.511315	18.0	0.0566687	0.159348	0.158382	19.0	0.0701268	0.266704	0.0782633	20.0	0.0177131	0.341329	1.43086	21.0	-0.18154	0.400314	0.79745	22.0	-0.150171	0.420846	0.843184	23.0	0.24711	0.802897	1.03489	24.0	0.289785	0.793179	1.08564
18.503	0.0	0.00998233	0.329882	0.873487	1.0	0.0124998	0.342354	1.19331	2.0	0.0213388	0.366234	1.50485	3.0	-0.0363304	0.386987	1.62944	4.0	-0.135744	0.335433	1.34914	5.0	-0.177086	0.265754	1.09694	6.0	-0.169575	0.382786	0.883737	7.0	-0.176524	0.416246	0.821854	8.0	0.177839	0.414795	1.37992	9.0	0.309696	0.459921	1.20573	10.0	0.293162	0.699457	1.08094	11.0	0.263578	0.781088	1.04952	12.0	-0.0394619	0.351433	0.87398	13.0	-0.0887113	0.452544	0.541671	14.0	-0.0898897	0.409534	0.137568	15.0	-0.10222	0.486104	0.0659835	16.0	0.0937233	0.373964	0.877222	17.0	0.106577	0.271317	0.519975	18.0	0.0574627	0.160255	0.158794	19.0	0.0708885	0.266492	0.0787786	20.0	0.0180177	0.358194	1.42813	21.0	-0.129802	0.483705	0.794231	22.0	-0.149811	0.432773	0.851643	23.0	0.238108	0.819181	1.02437	24.0	0.287757	0.809582	1.06902
18.536	0.0	0.0115631	0.357186	0.868526	1.0	0.0135207	0.371633	1.18845	2.0	0.0216512	0.397514	1.5001	3.0	-0.0274055	0.424037	1.62554	4.0	-0.128553	0.383088	1.35168	5.0	-0.17711	0.296806	1.09551	6.0	-0.167986	0.399156	0.874127	7.0	-0.154462	0.464445	0.825003	8.0	0.18042	0.441495	1.37229	9.0	0.307256	0.483042	1.18654	10.0	0.287206	0.711082	1.07432	11.0	0.258282	0.794672	1.03641	12.0	-0.0377628	0.387821	0.869546	13.0	-0.087524	0.500852	0.518213	14.0	-0.0967542	0.496831	0.148277	15.0	-0.096467	0.578904	0.0771255	16.0	0.0953996	0.393298	0.872214	17.0	0.106493	0.278423	0.522234	18.0	0.0578384	0.165295	0.162269	19.0	0.0742748	0.263354	0.0796858	20.0	0.0185107	0.388983	1.42335	21.0	-0.138634	0.498067	0.802243	22.0	-0.127702	0.480943	0.854798	23.0	0.231022	0.842216	1.01045	24.0	0.266157	0.834665	1.05787
18.57	0.0	0.0123421	0.370516	0.863584	1.0	0.0146018	0.389029	1.18322	2.0	0.0231468	0.419471	1.49464	3.0	-0.0262087	0.438999	1.62322	4.0	-0.123333	0.409764	1.34929	5.0	-0.179342	0.313821	1.09831	6.0	-0.16936	0.415342	0.874699	7.0	-0.158381	0.469647	0.860455	8.0	0.175004	0.465988	1.36351	9.0	0.303548	0.493544	1.18723	10.0	0.286806	0.709245	1.07047	11.0	0.25273	0.811238	1.01448	12.0	-0.037207	0.400476	0.864974	13.0	-0.0846766	0.523856	0.507775	14.0	-0.098228	0.577903	0.143851	15.0	-0.101462	0.676644	0.0881858	16.0	0.0965342	0.405922	0.86711	17.0	0.105306	0.295379	0.524547	18.0	0.056516	0.169975	0.166246	19.0	0.0757824	0.26238	0.0801756	20.0	0.0198858	0.409755	1.41794	21.0	-0.142531	0.503263	0.837569	22.0	-0.138122	0.487159	0.860996	23.0	0.222032	0.85641	0.989581	24.0	0.246373	0.850435	1.03702
18.602	0.0	0.0127288	0.389444	0.856669	1.0	0.0143448	0.412061	1.17871	2.0	0.0222237	0.446631	1.49284	3.0	-0.0270947	0.465526	1.62059	4.0	-0.12196	0.434587	1.3439	5.0	-0.183498	0.344452	1.09408	6.0	-0.172946	0.443905	0.867096	7.0	-0.180761	0.480122	0.772788	8.0	0.173232	0.485661	1.35755	9.0	0.293343	0.51651	1.1741	10.0	0.282632	0.713354	1.05122	11.0	0.249052	0.826516	0.99	12.0	-0.0371448	0.419725	0.85751	13.0	-0.0835321	0.570449	0.495151	14.0	-0.0997731	0.667373	0.14777	15.0	-0.103152	0.766999	0.0920455	16.0	0.0974749	0.424404	0.860701	17.0	0.0984213	0.299488	0.495417	18.0	0.0558688	0.172618	0.167539	19.0	0.0698891	0.273742	0.0781764	20.0	0.0191256	0.435897	1.41544	21.0	-0.164847	0.513674	0.750215	22.0	-0.160358	0.497476	0.774059	23.0	0.220984	0.874736	0.965061	24.0	0.250097	0.866026	1.01632
18.637	0.0	0.0089877	0.411981	0.852698	1.0	0.0110489	0.437419	1.17298	2.0	0.0196395	0.474212	1.48493	3.0	-0.0300267	0.494286	1.61755	4.0	-0.134281	0.44695	1.34266	5.0	-0.18893	0.359582	1.09101	6.0	-0.17775	0.458563	0.86618	7.0	-0.185559	0.494752	0.771948	8.0	0.172793	0.506439	1.35394	9.0	0.287742	0.536108	1.16264	10.0	0.27462	0.731413	1.02589	11.0	0.244019	0.827423	0.966862	12.0	-0.0403637	0.438091	0.853417	13.0	-0.0828813	0.589483	0.51534	14.0	-0.101079	0.752899	0.126496	15.0	-0.107431	0.858757	0.0829163	16.0	0.0935526	0.451283	0.857017	17.0	0.102427	0.335666	0.531707	18.0	0.0560563	0.17778	0.169533	19.0	0.0749452	0.27171	0.0793884	20.0	0.016334	0.462967	1.40812	21.0	-0.169609	0.52828	0.749381	22.0	-0.165073	0.512051	0.773234	23.0	0.220845	0.865072	0.93763	24.0	0.234155	0.862862	0.984185
18.669	0.0	0.00761221	0.434372	0.848538	1.0	0.00927602	0.459919	1.16816	2.0	0.017485	0.496769	1.47943	3.0	-0.0274248	0.521747	1.61555	4.0	-0.148569	0.480581	1.3419	5.0	-0.197786	0.397593	1.08034	6.0	-0.187133	0.495858	0.857631	7.0	-0.194941	0.532053	0.763391	8.0	0.168894	0.534338	1.34605	9.0	0.277108	0.553672	1.14849	10.0	0.261366	0.758694	0.992277	11.0	0.238299	0.838914	0.939689	12.0	-0.0411696	0.466751	0.847732	13.0	-0.0802915	0.644527	0.469011	14.0	-0.0951088	0.807494	0.134264	15.0	-0.105625	0.907757	0.085976	16.0	0.0920497	0.467587	0.854233	17.0	0.102412	0.338986	0.530914	18.0	0.0557891	0.181254	0.17019	19.0	0.0778044	0.270002	0.0802874	20.0	0.0142674	0.485521	1.40279	21.0	-0.178907	0.565524	0.740863	22.0	-0.17426	0.549215	0.764769	23.0	0.213981	0.878813	0.906147	24.0	0.238077	0.876577	0.95761
18.702	0.0	0.00313831	0.470439	0.841642	1.0	0.00482172	0.494236	1.16128	2.0	0.013138	0.529347	1.47255	3.0	-0.0312933	0.543395	1.61096	4.0	-0.154105	0.507389	1.33323	5.0	-0.207599	0.41751	1.08065	6.0	-0.197026	0.517398	0.858898	7.0	-0.204835	0.553597	0.764655	8.0	0.167137	0.555886	1.34192	9.0	0.266227	0.56993	1.14107	10.0	0.258142	0.765573	0.978303	11.0	0.234957	0.843376	0.917005	12.0	-0.0460463	0.500413	0.841803	13.0	-0.0804003	0.664953	0.47306	14.0	-0.0938526	0.832985	0.140966	15.0	-0.0872845	0.946388	0.105297	16.0	0.0884482	0.504544	0.846829	17.0	0.0958436	0.347444	0.504816	18.0	0.0544511	0.186109	0.171042	19.0	0.0788726	0.268927	0.0806362	20.0	0.00987874	0.518536	1.39591	21.0	-0.18874	0.587027	0.742126	22.0	-0.184011	0.570664	0.766033	23.0	0.210274	0.880479	0.879743	24.0	0.250154	0.885899	0.932287
18.736	0.0	-0.00637203	0.499317	0.839547	1.0	-0.00271073	0.521763	1.15639	2.0	0.00747646	0.555844	1.46492	3.0	-0.0350935	0.582473	1.6008	4.0	-0.155369	0.554544	1.33532	5.0	-0.218016	0.471516	1.07691	6.0	-0.209285	0.562979	0.8569	7.0	-0.217087	0.599147	0.762745	8.0	0.164091	0.585294	1.33378	9.0	0.254316	0.594741	1.11805	10.0	0.255801	0.764432	0.973103	11.0	0.229338	0.845221	0.894776	12.0	-0.0586294	0.532341	0.84121	13.0	-0.0824939	0.707255	0.474889	14.0	-0.091206	0.848418	0.146118	15.0	-0.0836332	0.952987	0.0971501	16.0	0.0819919	0.531131	0.843401	17.0	0.0947273	0.361907	0.499235	18.0	0.0552012	0.189402	0.169851	19.0	0.0797485	0.269331	0.08073	20.0	0.00374972	0.545264	1.38896	21.0	-0.200882	0.632506	0.740233	22.0	-0.196008	0.616045	0.764165	23.0	0.209199	0.883769	0.851052	24.0	0.245062	0.893629	0.902489
18.77	0.0	-0.0129477	0.55226	0.83545	1.0	-0.00824444	0.568979	1.15211	2.0	0.00341646	0.594629	1.46061	3.0	-0.0378927	0.605136	1.59849	4.0	-0.167525	0.575175	1.33327	5.0	-0.224596	0.49142	1.07343	6.0	-0.214407	0.589099	0.856182	7.0	-0.222221	0.625327	0.761875	8.0	0.160145	0.61707	1.32823	9.0	0.243633	0.621764	1.109	10.0	0.242166	0.798112	0.917929	11.0	0.227479	0.859275	0.866013	12.0	-0.0640468	0.585533	0.838292	13.0	-0.0850242	0.745325	0.514086	14.0	-0.0861476	0.864873	0.149608	15.0	-0.0741335	0.960344	0.0901714	16.0	0.0754462	0.582811	0.838184	17.0	0.09228	0.400537	0.498828	18.0	0.0571531	0.198249	0.16846	19.0	0.0815616	0.271203	0.081809	20.0	-0.000685375	0.586145	1.38466	21.0	-0.205957	0.658647	0.739372	22.0	-0.201005	0.642135	0.76332	23.0	0.206865	0.893681	0.822459	24.0	0.222759	0.904742	0.869971
18.803	0.0	-0.023261	0.595717	0.832245	1.0	-0.0165819	0.603388	1.14991	2.0	-0.00369464	0.624554	1.45881	3.0	-0.043612	0.641828	1.59948	4.0	-0.178156	0.631131	1.32767	5.0	-0.233534	0.546362	1.07654	6.0	-0.225371	0.638436	0.862713	7.0	-0.233188	0.674669	0.768395	8.0	0.155959	0.642075	1.32574	9.0	0.239717	0.642707	1.10912	10.0	0.240725	0.799595	0.9106	11.0	0.224522	0.862333	0.840746	12.0	-0.0763833	0.635559	0.83757	13.0	-0.0852372	0.788245	0.478542	14.0	-0.0819004	0.871598	0.14925	15.0	-0.0698521	0.971143	0.0939422	16.0	0.067767	0.619358	0.833047	17.0	0.0905965	0.415394	0.490768	18.0	0.0588679	0.212219	0.169278	19.0	0.0820314	0.272433	0.0823797	20.0	-0.00812477	0.617244	1.38278	21.0	-0.216807	0.707912	0.745879	22.0	-0.211699	0.691297	0.769813	23.0	0.202951	0.89226	0.792432	24.0	0.238598	0.908124	0.843889
18.837	0.0	-0.0271506	0.635304	0.830811	1.0	-0.0222263	0.643196	1.14935	2.0	-0.0101812	0.660793	1.45911	3.0	-0.0472803	0.671599	1.60399	4.0	-0.18387	0.668484	1.32272	5.0	-0.240501	0.597967	1.06645	6.0	-0.231476	0.691628	0.867593	7.0	-0.239296	0.727867	0.773263	8.0	0.152803	0.671892	1.32452	9.0	0.232734	0.664227	1.10296	10.0	0.239235	0.801865	0.900395	11.0	0.22625	0.859762	0.824809	12.0	-0.0791882	0.673638	0.836981	13.0	-0.0897227	0.821451	0.486036	14.0	-0.0818907	0.892446	0.144178	15.0	-0.0735405	0.982444	0.0807081	16.0	0.0634695	0.660041	0.830498	17.0	0.0920537	0.475724	0.489223	18.0	0.0639122	0.234907	0.167115	19.0	0.0874667	0.285041	0.080672	20.0	-0.0144254	0.654363	1.38289	21.0	-0.222801	0.761034	0.750742	22.0	-0.217541	0.744313	0.774674	23.0	0.21027	0.8866	0.770879	24.0	0.216912	0.900506	0.825575
18.869	0.0	-0.0394181	0.682212	0.835839	1.0	-0.0327071	0.676887	1.15331	2.0	-0.0194346	0.685649	1.46216	3.0	-0.0551721	0.702461	1.60635	4.0	-0.200344	0.689967	1.3255	5.0	-0.251465	0.636792	1.0743	6.0	-0.244028	0.734791	0.866926	7.0	-0.251849	0.771037	0.772587	8.0	0.145016	0.698633	1.32719	9.0	0.223709	0.685281	1.09961	10.0	0.235296	0.804762	0.883182	11.0	0.226969	0.850177	0.812305	12.0	-0.090629	0.719869	0.841043	13.0	-0.100552	0.860294	0.490563	14.0	-0.0847363	0.902555	0.143285	15.0	-0.0763696	0.98731	0.0758971	16.0	0.0512675	0.707135	0.836427	17.0	0.0958061	0.535385	0.495974	18.0	0.0733908	0.263359	0.175804	19.0	0.0916946	0.302038	0.0875032	20.0	-0.0239935	0.681329	1.38617	21.0	-0.235242	0.804123	0.750078	22.0	-0.229834	0.787294	0.774029	23.0	0.212412	0.87	0.750017	24.0	0.21096	0.880536	0.813651
18.903	0.0	-0.0463316	0.72373	0.840873	1.0	-0.0406556	0.716099	1.15979	2.0	-0.0275165	0.718071	1.46912	3.0	-0.0622527	0.734451	1.61259	4.0	-0.213882	0.735857	1.32939	5.0	-0.259956	0.688421	1.07272	6.0	-0.252282	0.784844	0.860558	7.0	-0.164192	0.868819	0.811644	8.0	0.139389	0.728984	1.33313	9.0	0.208916	0.711911	1.08606	10.0	0.234433	0.808492	0.873096	11.0	0.232441	0.843511	0.803453	12.0	-0.09607	0.770386	0.845912	13.0	-0.106488	0.885012	0.505538	14.0	-0.0862428	0.911111	0.142612	15.0	-0.0799176	0.991301	0.0724299	16.0	0.0439296	0.740009	0.841411	17.0	0.098602	0.606003	0.503881	18.0	0.0798794	0.315897	0.189854	19.0	0.0985214	0.32264	0.101185	20.0	-0.0320746	0.715585	1.39307	21.0	-0.146165	0.905269	0.759317	22.0	-0.128641	0.889232	0.830328	23.0	0.224468	0.866378	0.742285	24.0	0.213812	0.878529	0.802889
18.937	0.0	-0.0507606	0.759187	0.849432	1.0	-0.0457483	0.748201	1.16703	2.0	-0.0338113	0.749621	1.47566	3.0	-0.0677356	0.770821	1.61892	4.0	-0.215988	0.775198	1.3334	5.0	-0.267013	0.727466	1.08275	6.0	-0.253445	0.815232	0.887809	7.0	-0.235976	0.820208	0.877265	8.0	0.136055	0.748693	1.33888	9.0	0.202377	0.726905	1.08619	10.0	0.235535	0.811518	0.870725	11.0	0.23121	0.838562	0.799905	12.0	-0.09955	0.799775	0.851439	13.0	-0.10852	0.900556	0.502021	14.0	-0.0868954	0.916386	0.142135	15.0	-0.0812262	0.992686	0.0696436	16.0	0.0388221	0.780515	0.85323	17.0	0.103847	0.667322	0.500465	18.0	0.0837754	0.373948	0.189722	19.0	0.106193	0.510756	0.151814	20.0	-0.0380518	0.747267	1.39977	21.0	-0.195791	0.870877	0.859727	22.0	-0.183045	0.882439	0.864261	23.0	0.227313	0.853775	0.734243	24.0	0.22281	0.876538	0.799479
18.969	0.0	-0.057919	0.797007	0.856177	1.0	-0.0518307	0.785318	1.17415	2.0	-0.0385692	0.783959	1.48255	3.0	-0.0668634	0.800181	1.62468	4.0	-0.217126	0.822071	1.34687	5.0	-0.27063	0.781536	1.08782	6.0	-0.260755	0.842152	0.883874	7.0	-0.255424	0.870688	0.823633	8.0	0.132515	0.781101	1.34886	9.0	0.197252	0.74981	1.08809	10.0	0.235291	0.81742	0.866456	11.0	0.230607	0.840374	0.800861	12.0	-0.105616	0.850859	0.859102	13.0	-0.108055	0.916819	0.497257	14.0	-0.0849428	0.918611	0.142319	15.0	-0.0832352	0.991864	0.0687867	16.0	0.0318665	0.805872	0.858558	17.0	0.106472	0.746458	0.511296	18.0	0.0928112	0.44477	0.20825	19.0	0.120047	0.581239	0.170473	20.0	-0.0431423	0.78233	1.40674	21.0	-0.25328	0.88143	0.770503	22.0	-0.228683	0.90208	0.773792	23.0	0.22737	0.8443	0.727864	24.0	0.186115	0.842021	0.802327
19.003	0.0	-0.0623922	0.817137	0.858781	1.0	-0.0558711	0.801986	1.17791	2.0	-0.0423717	0.798489	1.4874	3.0	-0.0736246	0.821779	1.63493	4.0	-0.221827	0.835765	1.34685	5.0	-0.286964	0.819208	1.09842	6.0	-0.27457	0.903733	0.885596	7.0	-0.262422	0.921574	0.819012	8.0	0.127948	0.792831	1.35263	9.0	0.192866	0.758788	1.09065	10.0	0.233494	0.820727	0.867143	11.0	0.226832	0.84184	0.80137	12.0	-0.109664	0.862775	0.859959	13.0	-0.109723	0.925911	0.492078	14.0	-0.0842964	0.919324	0.140845	15.0	-0.0837005	0.99269	0.0675091	16.0	0.0273428	0.834461	0.863477	17.0	0.0985209	0.804754	0.510492	18.0	0.090835	0.507946	0.201066	19.0	0.100574	0.503786	0.109577	20.0	-0.0470076	0.797371	1.41134	21.0	-0.25253	0.933499	0.746003	22.0	-0.20606	0.944801	0.840954	23.0	0.2226	0.842525	0.727809	24.0	0.187379	0.8516	0.814671
19.037	0.0	-0.0661614	0.845961	0.865906	1.0	-0.0618298	0.83306	1.18479	2.0	-0.05041	0.831144	1.49391	3.0	-0.0779097	0.845943	1.64215	4.0	-0.233042	0.865513	1.35356	5.0	-0.298053	0.868795	1.11715	6.0	-0.282006	0.965688	0.917978	7.0	-0.279021	0.993216	0.8413	8.0	0.122239	0.814322	1.35767	9.0	0.184417	0.770661	1.09715	10.0	0.229806	0.83004	0.869231	11.0	0.222883	0.852726	0.804984	12.0	-0.114545	0.893998	0.86577	13.0	-0.112348	0.934951	0.491064	14.0	-0.0841277	0.919397	0.140664	15.0	-0.084316	0.992775	0.067415	16.0	0.0247432	0.858315	0.870914	17.0	0.100086	0.849943	0.493209	18.0	0.0926985	0.559975	0.177516	19.0	0.111317	0.584896	0.0895246	20.0	-0.0545412	0.829676	1.41796	21.0	-0.273006	1.00074	0.774654	22.0	-0.221153	1.01166	0.845787	23.0	0.224601	0.854659	0.734146	24.0	0.185896	0.874816	0.819031
19.069	0.0	-0.0648309	0.878909	0.870917	1.0	-0.0596376	0.864558	1.19034	2.0	-0.0472332	0.861344	1.49991	3.0	-0.0727694	0.885226	1.64871	4.0	-0.225775	0.919596	1.36056	5.0	-0.301585	0.91884	1.12823	6.0	-0.288315	1.03791	0.937029	7.0	-0.28334	1.07306	0.862078	8.0	0.120652	0.832316	1.36317	9.0	0.181389	0.794314	1.10424	10.0	0.225381	0.851026	0.877194	11.0	0.224443	0.873518	0.808768	12.0	-0.111659	0.938787	0.871207	13.0	-0.113653	0.946746	0.48991	14.0	-0.0828315	0.921404	0.13892	15.0	-0.084901	0.995762	0.0665819	16.0	0.0251531	0.881777	0.875601	17.0	0.0927923	0.906853	0.49181	18.0	0.0961855	0.657871	0.182988	19.0	0.106889	0.681343	0.0954035	20.0	-0.0516235	0.860204	1.42387	21.0	-0.282073	1.08678	0.795093	22.0	-0.234687	1.13191	0.843805	23.0	0.214806	0.873725	0.731363	24.0	0.200175	0.917176	0.813429
19.102	0.0	-0.0698495	0.89935	0.875978	1.0	-0.0635061	0.882429	1.19322	2.0	-0.0500436	0.876804	1.50089	3.0	-0.0747406	0.89654	1.64908	4.0	-0.228544	0.93102	1.36278	5.0	-0.312195	0.958419	1.14241	6.0	-0.297983	1.10092	0.960141	7.0	-0.295267	1.1429	0.886446	8.0	0.11872	0.84968	1.36639	9.0	0.177807	0.801303	1.10683	10.0	0.222945	0.866771	0.877344	11.0	0.221183	0.89076	0.809629	12.0	-0.116252	0.952693	0.874847	13.0	-0.113924	0.955401	0.488137	14.0	-0.0815494	0.921583	0.137618	15.0	-0.0855477	0.997636	0.0666787	16.0	0.0202939	0.906894	0.881954	17.0	0.0872135	0.966268	0.49603	18.0	0.0888054	0.754375	0.157977	19.0	0.122426	0.808651	0.0750831	20.0	-0.0546925	0.876248	1.42529	21.0	-0.293625	1.16223	0.82936	22.0	-0.258501	1.18663	0.877172	23.0	0.211453	0.897077	0.733641	24.0	0.194653	0.924559	0.816238
19.136	0.0	-0.0749792	0.920522	0.879777	1.0	-0.067317	0.904737	1.19715	2.0	-0.0523175	0.899911	1.50466	3.0	-0.0766929	0.921134	1.65305	4.0	-0.231533	0.959997	1.3676	5.0	-0.318103	0.98638	1.15573	6.0	-0.305771	1.15682	0.983366	7.0	-0.301586	1.2054	0.915416	8.0	0.115611	0.863965	1.36873	9.0	0.17068	0.816542	1.11255	10.0	0.221284	0.881976	0.879557	11.0	0.220187	0.910433	0.813262	12.0	-0.122309	0.97645	0.880072	13.0	-0.117748	0.968784	0.486965	14.0	-0.0814214	0.921754	0.137409	15.0	-0.085089	0.997004	0.0657974	16.0	0.0161245	0.924878	0.884446	17.0	0.0869168	1.0318	0.51257	18.0	0.0873777	0.856746	0.145935	19.0	0.102604	0.909341	0.0618585	20.0	-0.0573738	0.899195	1.42914	21.0	-0.301547	1.23298	0.862495	22.0	-0.305481	1.24325	0.921915	23.0	0.206386	0.918634	0.735922	24.0	0.197472	0.946884	0.814288
19.17	0.0	-0.0802429	0.948289	0.883325	1.0	-0.0702861	0.931554	1.19989	2.0	-0.0530764	0.925956	1.5065	3.0	-0.0769107	0.942332	1.65577	4.0	-0.231005	0.9855	1.36942	5.0	-0.322665	1.03732	1.17001	6.0	-0.310779	1.20523	1.00717	7.0	-0.306089	1.26421	0.942115	8.0	0.113382	0.881516	1.37139	9.0	0.166246	0.829571	1.11619	10.0	0.221773	0.906328	0.884855	11.0	0.220172	0.936348	0.814672	12.0	-0.128231	1.00288	0.884179	13.0	-0.12755	0.990315	0.484939	14.0	-0.0801475	0.923828	0.136283	15.0	-0.086362	1.00362	0.0681193	16.0	0.0119772	0.953451	0.887276	17.0	0.0785165	1.07151	0.508066	18.0	0.0777725	0.960278	0.143533	19.0	0.110211	1.02646	0.0654377	20.0	-0.0586839	0.925419	1.43121	21.0	-0.29928	1.29513	0.894841	22.0	-0.320358	1.30232	0.951669	23.0	0.216394	0.944914	0.745665	24.0	0.194249	0.969213	0.821701
19.203	0.0	-0.078027	0.964728	0.883892	1.0	-0.0700396	0.947651	1.2007	2.0	-0.0546314	0.94172	1.50744	3.0	-0.0772377	0.962393	1.65663	4.0	-0.229614	1.01003	1.37261	5.0	-0.325192	1.05969	1.1734	6.0	-0.313939	1.25289	1.03	7.0	-0.308245	1.31578	0.967048	8.0	0.111257	0.901643	1.37061	9.0	0.159771	0.851905	1.11565	10.0	0.220355	0.927196	0.8858	11.0	0.220405	0.962079	0.815418	12.0	-0.126172	1.01984	0.883875	13.0	-0.137882	1.00312	0.479188	14.0	-0.104031	0.957132	0.126996	15.0	-0.0546772	1.04924	0.0694182	16.0	0.0145123	0.969275	0.888708	17.0	0.0785764	1.11435	0.510142	18.0	0.07223	1.05368	0.142779	19.0	0.119685	1.13522	0.0772292	20.0	-0.0598039	0.941271	1.43213	21.0	-0.308226	1.35724	0.917263	22.0	-0.302558	1.34596	0.991173	23.0	0.211974	0.974569	0.740619	24.0	0.196292	0.993023	0.829714
19.237	0.0	-0.0785075	0.987436	0.883336	1.0	-0.0696991	0.970944	1.20034	2.0	-0.053403	0.965309	1.50719	3.0	-0.0750331	0.983682	1.65783	4.0	-0.22853	1.03828	1.37141	5.0	-0.323507	1.10564	1.18075	6.0	-0.320228	1.27367	1.04347	7.0	-0.307913	1.36646	0.986221	8.0	0.11222	0.921607	1.36992	9.0	0.155676	0.874298	1.11101	10.0	0.218663	0.949348	0.886726	11.0	0.21972	0.988592	0.816018	12.0	-0.126263	1.04213	0.884418	13.0	-0.118888	1.06015	0.508933	14.0	-0.135239	0.988714	0.197644	15.0	-0.0800333	1.11715	0.161377	16.0	0.0139774	0.992131	0.887111	17.0	0.0732956	1.14512	0.521924	18.0	0.0652348	1.15002	0.131557	19.0	0.102239	1.24107	0.0711637	20.0	-0.0588073	0.964817	1.43187	21.0	-0.302327	1.39947	0.949008	22.0	-0.288	1.38744	1.0127	23.0	0.216637	1.00566	0.738561	24.0	0.196639	1.0234	0.817565
19.269	0.0	-0.068702	1.01477	0.882926	1.0	-0.0654156	0.994598	1.19914	2.0	-0.053623	0.986287	1.50518	3.0	-0.0733702	1.0028	1.6571	4.0	-0.226692	1.05573	1.37035	5.0	-0.325518	1.12456	1.18252	6.0	-0.321424	1.31057	1.06991	7.0	-0.30427	1.4073	1.00545	8.0	0.112022	0.9437	1.36732	9.0	0.154744	0.899761	1.10877	10.0	0.218245	0.98629	0.880497	11.0	0.222352	1.01788	0.813786	12.0	-0.11526	1.07252	0.882366	13.0	-0.170627	1.06014	0.571002	14.0	-0.0783856	0.909928	0.171794	15.0	-0.0252116	1.0397	0.136049	16.0	0.022878	1.01645	0.88826	17.0	0.0607944	1.18899	0.51637	18.0	0.0538994	1.22031	0.140682	19.0	0.0946837	1.33409	0.0801325	20.0	-0.0579758	0.986372	1.43006	21.0	-0.297952	1.44598	0.968726	22.0	-0.290623	1.43276	1.03715	23.0	0.217073	1.03184	0.737332	24.0	0.202619	1.05568	0.812816
19.302	0.0	-0.0611631	1.0404	0.881857	1.0	-0.0591315	1.02169	1.19772	2.0	-0.0493729	1.01334	1.50326	3.0	-0.068226	1.03245	1.65472	4.0	-0.221875	1.08762	1.36909	5.0	-0.334621	1.169	1.18784	6.0	-0.317648	1.34797	1.06524	7.0	-0.298205	1.44619	1.01883	8.0	0.113729	0.966113	1.36416	9.0	0.156369	0.923604	1.10667	10.0	0.220425	1.00952	0.880009	11.0	0.224225	1.04913	0.80963	12.0	-0.10768	1.09872	0.880102	13.0	-0.184152	1.08342	0.575748	14.0	-0.0997507	0.936921	0.173443	15.0	-0.0432138	1.06551	0.137667	16.0	0.0305312	1.04108	0.888573	17.0	0.0530707	1.21987	0.520332	18.0	0.0485365	1.2906	0.130156	19.0	0.0922163	1.39834	0.090657	20.0	-0.0531779	1.01358	1.42828	21.0	-0.291084	1.49607	0.980712	22.0	-0.278221	1.49959	1.0374	23.0	0.221203	1.06531	0.737608	24.0	0.199237	1.07303	0.828461
19.337	0.0	-0.0452007	1.06755	0.880398	1.0	-0.0505602	1.0461	1.19587	2.0	-0.046704	1.03662	1.50083	3.0	-0.066622	1.05266	1.65132	4.0	-0.218076	1.11411	1.36419	5.0	-0.335522	1.17673	1.19008	6.0	-0.314192	1.37025	1.0891	7.0	-0.291496	1.47071	1.02886	8.0	0.114461	0.986787	1.36059	9.0	0.161577	0.959583	1.10555	10.0	0.221279	1.04255	0.874814	11.0	0.225819	1.0773	0.808155	12.0	-0.0903616	1.12975	0.878515	13.0	-0.218471	1.11845	0.596616	14.0	-0.138346	0.966846	0.195308	15.0	-0.0792905	1.09463	0.159524	16.0	0.0453124	1.06461	0.887408	17.0	0.0431677	1.2602	0.522634	18.0	0.0432499	1.31155	0.132797	19.0	0.0862093	1.43587	0.0955203	20.0	-0.049125	1.03699	1.42602	21.0	-0.269786	1.53549	0.987363	22.0	-0.269228	1.49831	1.05871	23.0	0.223668	1.09465	0.732392	24.0	0.213229	1.12341	0.809303
19.37	0.0	-0.0414606	1.08264	0.877854	1.0	-0.0477572	1.06334	1.19252	2.0	-0.0457897	1.05466	1.49669	3.0	-0.0638072	1.07586	1.64562	4.0	-0.217548	1.12895	1.3596	5.0	-0.337618	1.20661	1.1894	6.0	-0.311925	1.39272	1.07911	7.0	-0.291483	1.49675	1.02687	8.0	0.116702	1.01578	1.35553	9.0	0.159096	0.982225	1.10307	10.0	0.222274	1.07251	0.87243	11.0	0.226956	1.10939	0.801032	12.0	-0.0879689	1.1418	0.875937	13.0	-0.225953	1.13237	0.599537	14.0	-0.15158	0.979276	0.197833	15.0	-0.0963471	1.10841	0.161908	16.0	0.050743	1.08266	0.885134	17.0	0.0415265	1.28693	0.508593	18.0	0.036927	1.32921	0.132836	19.0	0.0794651	1.45272	0.0909414	20.0	-0.0476915	1.05497	1.42206	21.0	-0.279002	1.55419	0.994707	22.0	-0.264076	1.53863	1.05286	23.0	0.227793	1.1276	0.734189	24.0	0.205605	1.14524	0.804484
19.403	0.0	-0.0375842	1.10387	0.873025	1.0	-0.0471832	1.08238	1.18663	2.0	-0.0483761	1.07225	1.48956	3.0	-0.0659412	1.08636	1.64245	4.0	-0.221162	1.13772	1.35629	5.0	-0.340215	1.22095	1.18812	6.0	-0.314255	1.40826	1.08008	7.0	-0.296038	1.50819	1.02505	8.0	0.118252	1.03674	1.34824	9.0	0.160014	1.01447	1.095	10.0	0.223208	1.09822	0.869945	11.0	0.228167	1.13555	0.799246	12.0	-0.0852258	1.15804	0.870712	13.0	-0.0709172	1.01521	0.467234	14.0	-0.0697612	0.95031	0.153622	15.0	-0.0193091	1.0812	0.118536	16.0	0.0560272	1.10893	0.88113	17.0	0.0416716	1.30472	0.471097	18.0	0.0319531	1.32273	0.148682	19.0	0.0670845	1.45741	0.0841824	20.0	-0.0494969	1.07286	1.41528	21.0	-0.288732	1.55987	0.988791	22.0	-0.281388	1.54495	1.04358	23.0	0.226963	1.15369	0.720662	24.0	0.206844	1.17482	0.801156
19.436	0.0	-0.0344623	1.13867	0.865462	1.0	-0.0470224	1.11001	1.17804	2.0	-0.0507719	1.0931	1.48031	3.0	-0.0687807	1.11108	1.63171	4.0	-0.226861	1.15762	1.34674	5.0	-0.342099	1.2404	1.18092	6.0	-0.313382	1.42683	1.07218	7.0	-0.293192	1.52708	1.01287	8.0	0.119948	1.0658	1.34041	9.0	0.162822	1.04233	1.08275	10.0	0.229259	1.13713	0.86219	11.0	0.231029	1.17066	0.789294	12.0	-0.0818256	1.19511	0.862522	13.0	-0.0680453	1.03159	0.468937	14.0	-0.0691256	0.956793	0.157967	15.0	-0.0218524	1.08874	0.123256	16.0	0.0591114	1.14021	0.874329	17.0	0.0426092	1.32439	0.460238	18.0	0.0212415	1.34235	0.138823	19.0	0.0630096	1.46977	0.0669124	20.0	-0.0513144	1.09535	1.40614	21.0	-0.280295	1.55907	0.966537	22.0	-0.305187	1.55801	1.02104	23.0	0.2276	1.18988	0.714278	24.0	0.193305	1.19022	0.802397
19.47	0.0	-0.0330653	1.16052	0.85846	1.0	-0.0475817	1.13294	1.17007	2.0	-0.0537407	1.11597	1.47115	3.0	-0.0700595	1.13018	1.62351	4.0	-0.229713	1.17525	1.33618	5.0	-0.344429	1.25431	1.17111	6.0	-0.313318	1.4412	1.0639	7.0	-0.292532	1.53998	1.00286	8.0	0.121954	1.09194	1.33115	9.0	0.171142	1.07631	1.07464	10.0	0.237283	1.16697	0.857117	11.0	0.240301	1.20655	0.781891	12.0	-0.0783513	1.2184	0.851384	13.0	-0.0647716	1.05567	0.457546	14.0	-0.0686539	0.956272	0.154684	15.0	-0.0242576	1.08901	0.119954	16.0	0.0589722	1.16124	0.871079	17.0	0.0545555	1.36724	0.473353	18.0	0.0193125	1.3572	0.118307	19.0	0.0605237	1.47104	0.0621739	20.0	-0.0536525	1.11837	1.39729	21.0	-0.269676	1.58822	0.949278	22.0	-0.281839	1.56887	1.02451	23.0	0.238653	1.22416	0.710473	24.0	0.212214	1.23222	0.791718
19.503	0.0	-0.0147018	1.20529	0.844316	1.0	-0.0365073	1.17056	1.15805	2.0	-0.0486399	1.14749	1.46062	3.0	-0.0691744	1.16264	1.60919	4.0	-0.219018	1.21399	1.31502	5.0	-0.343275	1.27309	1.15729	6.0	-0.307019	1.46	1.05169	7.0	-0.28204	1.56182	0.987778	8.0	0.121572	1.11983	1.32534	9.0	0.18284	1.11782	1.06364	10.0	0.253125	1.21797	0.842949	11.0	0.251755	1.2465	0.772848	12.0	-0.057333	1.26664	0.835633	13.0	-0.05873	1.08043	0.455836	14.0	-0.0648666	0.969209	0.157698	15.0	-0.0173338	1.10137	0.123307	16.0	0.0731449	1.19734	0.860891	17.0	0.0704712	1.38845	0.475904	18.0	0.0235839	1.37472	0.113919	19.0	0.0593808	1.47251	0.0614519	20.0	-0.0471733	1.15132	1.38644	21.0	-0.259254	1.6168	0.938433	22.0	-0.265966	1.60401	1.00649	23.0	0.240738	1.26555	0.699764	24.0	0.214719	1.25773	0.785197
19.605	0.0	-0.00222156	1.27352	0.828155	1.0	-0.0393258	1.23465	1.14068	2.0	-0.0671327	1.20758	1.44168	3.0	-0.080159	1.21284	1.59054	4.0	-0.233259	1.25446	1.28605	5.0	-0.339881	1.30518	1.10636	6.0	-0.310995	1.49311	1.00122	7.0	-0.28986	1.58866	0.931215	8.0	0.116786	1.1994	1.31056	9.0	0.211604	1.21669	1.05586	10.0	0.290664	1.32315	0.842003	11.0	0.28837	1.34921	0.78687	12.0	-0.046873	1.32465	0.819778	13.0	-0.0470853	1.12112	0.450628	14.0	-0.0620127	0.987429	0.164097	15.0	-0.0275964	1.1223	0.129725	16.0	0.090339	1.27956	0.844146	17.0	0.105013	1.42973	0.491097	18.0	0.0277603	1.37956	0.114074	19.0	0.0516149	1.46514	0.0494001	20.0	-0.0616832	1.21242	1.36793	21.0	-0.273848	1.62542	0.883258	22.0	-0.290524	1.63387	0.930751	23.0	0.296722	1.36269	0.720688	24.0	0.245934	1.36106	0.802701
