37.133	0.0	-0.00187891	-0.188203	0.825353	1.0	-0.025674	-0.1656	1.1417	2.0	-0.0548439	-0.130105	1.45094	3.0	-0.0277619	-0.118095	1.59592	4.0	-0.223963	-0.119761	1.31293	5.0	-0.27791	-0.157836	1.05317	6.0	-0.278617	-0.134837	0.824254	7.0	-0.269027	-0.119565	0.759041	8.0	0.128806	-0.118525	1.31315	9.0	0.206504	-0.161469	1.04095	10.0	0.232015	-0.114589	0.816901	11.0	0.226631	-0.0980466	0.76719	12.0	-0.0953915	-0.160153	0.82833	13.0	-0.147544	-0.0299484	0.485919	14.0	-0.159744	-0.0462943	0.167785	15.0	-0.190944	0.0495305	0.0896479	16.0	0.0576178	-0.145135	0.826589	17.0	0.076529	-0.201677	0.469538	18.0	0.0339022	-0.263013	0.141385	19.0	0.0452044	-0.181553	0.0794432	20.0	-0.0465236	-0.141277	1.37463	21.0	-0.264167	-0.131308	0.684604	22.0	-0.24752	-0.0787489	0.773478	23.0	0.225977	-0.107063	0.697094	24.0	0.20512	-0.101059	0.781575
37.167	0.0	-0.0103917	-0.167793	0.822093	1.0	-0.0299392	-0.14376	1.13807	2.0	-0.0550613	-0.106822	1.44691	3.0	-0.030449	-0.0776123	1.58748	4.0	-0.22428	-0.0999745	1.30904	5.0	-0.277409	-0.140132	1.04797	6.0	-0.278582	-0.115658	0.8191	7.0	-0.26933	-0.103573	0.757974	8.0	0.129488	-0.093264	1.31159	9.0	0.206461	-0.137025	1.04189	10.0	0.232865	-0.0960043	0.817092	11.0	0.225842	-0.0663292	0.762795	12.0	-0.10312	-0.141517	0.824968	13.0	-0.141897	0.015687	0.45858	14.0	-0.166895	0.043987	0.159781	15.0	-0.195497	0.16501	0.0873949	16.0	0.0482751	-0.122915	0.823187	17.0	0.0830635	-0.193869	0.452607	18.0	0.0486773	-0.233152	0.182117	19.0	0.0640447	-0.184106	0.0761798	20.0	-0.0477438	-0.11839	1.37071	21.0	-0.265564	-0.11663	0.67758	22.0	-0.242901	-0.0618509	0.760433	23.0	0.218488	-0.0720228	0.692668	24.0	0.200439	-0.0677096	0.736776
37.2	0.0	-0.0147859	-0.141245	0.817839	1.0	-0.0327791	-0.111588	1.13177	2.0	-0.0561707	-0.0694436	1.43845	3.0	-0.0324768	-0.0468645	1.58181	4.0	-0.225712	-0.0611947	1.29913	5.0	-0.283209	-0.110475	1.04924	6.0	-0.281171	-0.088531	0.805406	7.0	-0.273555	-0.0824147	0.755928	8.0	0.128372	-0.0609921	1.30694	9.0	0.20473	-0.0974461	1.04003	10.0	0.236903	-0.0482078	0.817385	11.0	0.226573	-0.0348078	0.762377	12.0	-0.108074	-0.112314	0.820352	13.0	-0.140812	0.0328052	0.458582	14.0	-0.164596	0.127999	0.179981	15.0	-0.190825	0.253282	0.110746	16.0	0.0443148	-0.0991209	0.819281	17.0	0.0831012	-0.143187	0.5085	18.0	0.0597562	-0.205839	0.242386	19.0	-0.00917728	-0.0681268	0.21617	20.0	-0.0492818	-0.0822459	1.36279	21.0	-0.271713	-0.0955337	0.669399	22.0	-0.24839	-0.0357768	0.741841	23.0	0.216246	-0.0319797	0.693766	24.0	0.189492	-0.0213442	0.778167
37.233	0.0	-0.0265714	-0.109428	0.815065	1.0	-0.0413086	-0.0797669	1.12607	2.0	-0.061952	-0.0375478	1.43001	3.0	-0.0391764	-0.0105504	1.57276	4.0	-0.230498	-0.0369536	1.29338	5.0	-0.285723	-0.0839166	1.04334	6.0	-0.285124	-0.0700807	0.802929	7.0	-0.27768	-0.0621424	0.737499	8.0	0.125681	-0.0302711	1.30181	9.0	0.203861	-0.0698207	1.03818	10.0	0.233299	-0.0252651	0.814334	11.0	0.224094	-0.00504532	0.755944	12.0	-0.119021	-0.0845216	0.820851	13.0	-0.151535	0.0894438	0.458978	14.0	-0.15901	0.18748	0.192818	15.0	-0.190326	0.320261	0.13801	16.0	0.0315771	-0.06296	0.812855	17.0	0.0853404	-0.134758	0.516109	18.0	0.0619757	-0.197425	0.249963	19.0	-0.00555353	-0.0586746	0.22474	20.0	-0.0557043	-0.0503974	1.35503	21.0	-0.266489	-0.084207	0.652221	22.0	-0.257438	-0.0104238	0.725909	23.0	0.210172	-0.00776693	0.678781	24.0	0.187091	0.00838386	0.775545
37.267	0.0	-0.0250915	-0.0849032	0.810613	1.0	-0.0428414	-0.0515222	1.12168	2.0	-0.066907	-0.00559997	1.42577	3.0	-0.047227	0.0212669	1.56877	4.0	-0.236455	0.000111685	1.28488	5.0	-0.289142	-0.0566459	1.03458	6.0	-0.292631	-0.0430212	0.800935	7.0	-0.285526	-0.034873	0.73185	8.0	0.115387	0.0117975	1.29096	9.0	0.199603	-0.033699	1.03224	10.0	0.223244	0.0226258	0.809495	11.0	0.218517	0.0299001	0.747789	12.0	-0.119257	-0.0595563	0.814757	13.0	-0.147852	0.107105	0.462597	14.0	-0.159271	0.226072	0.201116	15.0	-0.194403	0.358739	0.143563	16.0	0.0345202	-0.0394931	0.810436	17.0	0.0832081	-0.104017	0.528203	18.0	0.0597976	-0.166709	0.262001	19.0	-0.00356678	-0.0255469	0.238376	20.0	-0.0597625	-0.0193578	1.35074	21.0	-0.276933	-0.0544092	0.647252	22.0	-0.25449	0.00678874	0.73619	23.0	0.211823	0.0265548	0.68047	24.0	0.1813	0.0540593	0.758112
37.301	0.0	-0.0238794	-0.0338194	0.799221	1.0	-0.0503919	-0.00916985	1.11257	2.0	-0.0814575	0.0283614	1.41867	3.0	-0.0540581	0.0455205	1.56571	4.0	-0.24629	0.0289082	1.27828	5.0	-0.297652	-0.0164738	1.02563	6.0	-0.300618	-0.0126667	0.784319	7.0	-0.295087	-0.0108193	0.714327	8.0	0.105195	0.0425021	1.28607	9.0	0.193283	0.00250178	1.02604	10.0	0.224727	0.0394474	0.80154	11.0	0.214412	0.0561895	0.746213	12.0	-0.120331	-0.00895065	0.800318	13.0	-0.147995	0.151819	0.461517	14.0	-0.15771	0.277653	0.172506	15.0	-0.200553	0.393216	0.112172	16.0	0.0376377	0.0118043	0.802582	17.0	0.0885943	-0.0725822	0.529372	18.0	0.0534829	-0.115201	0.307989	19.0	-0.0135987	0.0198302	0.271546	20.0	-0.0726762	0.0164968	1.3432	21.0	-0.283985	-0.0269705	0.641036	22.0	-0.259312	0.0189378	0.724032	23.0	0.208705	0.0502672	0.673336	24.0	0.198589	0.0928091	0.754743
37.334	0.0	-0.0370383	0.0154066	0.798066	1.0	-0.0630327	0.0355789	1.10799	2.0	-0.0944862	0.0676786	1.41114	3.0	-0.0720557	0.0872124	1.55668	4.0	-0.25633	0.0670093	1.27211	5.0	-0.303054	0.0115128	1.01315	6.0	-0.310462	0.0216131	0.775408	7.0	-0.30634	0.0284086	0.709166	8.0	0.0963286	0.076799	1.2788	9.0	0.187798	0.0333011	1.01475	10.0	0.221734	0.0784869	0.791795	11.0	0.210621	0.0921016	0.739343	12.0	-0.135419	0.040676	0.798573	13.0	-0.140974	0.176568	0.471027	14.0	-0.16073	0.286055	0.167335	15.0	-0.195917	0.403339	0.106635	16.0	0.02622	0.0604188	0.802111	17.0	0.092443	-0.0606215	0.553992	18.0	0.00920315	-0.226498	0.232708	19.0	-0.0423563	-0.0799591	0.212921	20.0	-0.0856087	0.0574786	1.33631	21.0	-0.281303	0.0166471	0.628503	22.0	-0.279649	0.0521385	0.71907	23.0	0.211892	0.0839981	0.667381	24.0	0.163541	0.126336	0.744165
37.367	0.0	-0.0469827	0.0486909	0.800865	1.0	-0.0732833	0.0660111	1.10876	2.0	-0.105372	0.0961787	1.4097	3.0	-0.0844942	0.114907	1.55755	4.0	-0.268698	0.100393	1.26688	5.0	-0.315659	0.0586259	1.01318	6.0	-0.320229	0.0675012	0.771941	7.0	-0.314192	0.0622505	0.697836	8.0	0.083979	0.112853	1.2762	9.0	0.174575	0.0786699	1.01382	10.0	0.211079	0.117967	0.790517	11.0	0.203111	0.127238	0.737224	12.0	-0.149044	0.0798227	0.800251	13.0	-0.1553	0.224999	0.473765	14.0	-0.163411	0.291803	0.16361	15.0	-0.1947	0.41375	0.097853	16.0	0.0193093	0.0884991	0.805804	17.0	0.103469	-0.0241615	0.559308	18.0	-0.0124579	-0.20872	0.258834	19.0	-0.060256	-0.0627006	0.232621	20.0	-0.0962615	0.0862894	1.33546	21.0	-0.299791	0.0478295	0.622417	22.0	-0.28275	0.0887834	0.708306	23.0	0.199225	0.124979	0.670661	24.0	0.172196	0.135289	0.74143
37.4	0.0	-0.0505722	0.0679041	0.799585	1.0	-0.0809365	0.0919979	1.11189	2.0	-0.118221	0.129922	1.41841	3.0	-0.0970737	0.147052	1.56558	4.0	-0.276918	0.128534	1.27002	5.0	-0.321338	0.0926028	1.01577	6.0	-0.331841	0.102462	0.774785	7.0	-0.329038	0.103411	0.707035	8.0	0.0752001	0.14237	1.27672	9.0	0.167683	0.102371	1.01227	10.0	0.20739	0.14254	0.789703	11.0	0.197821	0.160058	0.74063	12.0	-0.150437	0.0929711	0.799491	13.0	-0.155935	0.238116	0.475026	14.0	-0.166953	0.303125	0.155659	15.0	-0.193108	0.418881	0.0924477	16.0	0.0131884	0.113942	0.804125	17.0	0.10127	-0.0163063	0.506164	18.0	-0.0152013	-0.202849	0.207438	19.0	-0.0630242	-0.0547843	0.189999	20.0	-0.107729	0.118081	1.34269	21.0	-0.319542	0.0820792	0.62846	22.0	-0.301812	0.133473	0.712643	23.0	0.198856	0.152877	0.674468	24.0	0.153139	0.192081	0.724115
37.433	0.0	-0.0671628	0.116206	0.802622	1.0	-0.0929535	0.129717	1.11726	2.0	-0.124916	0.155253	1.42369	3.0	-0.105557	0.167489	1.56926	4.0	-0.285989	0.160898	1.27578	5.0	-0.326033	0.131755	1.01544	6.0	-0.341166	0.152456	0.773785	7.0	-0.337658	0.143699	0.707281	8.0	0.0695796	0.175272	1.29061	9.0	0.162127	0.125674	1.01364	10.0	0.198449	0.166226	0.7904	11.0	0.188024	0.186564	0.752321	12.0	-0.16225	0.139215	0.806764	13.0	-0.159671	0.260752	0.464605	14.0	-0.167571	0.309084	0.150567	15.0	-0.195367	0.431525	0.0797743	16.0	-0.00737925	0.162483	0.802932	17.0	0.0821381	0.052725	0.515693	18.0	0.0137408	-0.177201	0.236163	19.0	-0.0403772	-0.0326997	0.212192	20.0	-0.115723	0.146441	1.34816	21.0	-0.317619	0.121657	0.624116	22.0	-0.339649	0.184152	0.698583	23.0	0.185964	0.193503	0.686653	24.0	0.162114	0.181104	0.751845
37.467	0.0	-0.0630112	0.1288	0.806286	1.0	-0.094839	0.147843	1.12409	2.0	-0.135729	0.182783	1.43603	3.0	-0.112292	0.197055	1.58236	4.0	-0.292706	0.18572	1.28401	5.0	-0.333409	0.165948	1.0248	6.0	-0.350532	0.194783	0.780585	7.0	-0.347754	0.196045	0.717531	8.0	0.0579295	0.208444	1.30019	9.0	0.150077	0.164531	1.02593	10.0	0.187391	0.187523	0.801195	11.0	0.176792	0.211014	0.763485	12.0	-0.158078	0.153166	0.809096	13.0	-0.162346	0.267901	0.471368	14.0	-0.166873	0.311304	0.148359	15.0	-0.194322	0.433695	0.0775143	16.0	-0.00339784	0.17461	0.808019	17.0	0.0632953	0.110989	0.526216	18.0	0.120713	-0.0845435	0.355414	19.0	0.0457277	0.0408843	0.307963	20.0	-0.124064	0.171561	1.35898	21.0	-0.336991	0.180382	0.647893	22.0	-0.325746	0.238459	0.728227	23.0	0.175344	0.210849	0.696243	24.0	0.158968	0.203885	0.707233
37.5	0.0	-0.064085	0.162636	0.813951	1.0	-0.100704	0.181847	1.13309	2.0	-0.142897	0.211114	1.44395	3.0	-0.118993	0.217929	1.59175	4.0	-0.301007	0.220548	1.2946	5.0	-0.350776	0.209811	1.04781	6.0	-0.355118	0.250199	0.796603	7.0	-0.35677	0.246459	0.726214	8.0	0.0548342	0.228178	1.30644	9.0	0.148851	0.180817	1.03457	10.0	0.179381	0.219612	0.809942	11.0	0.164611	0.237429	0.774457	12.0	-0.159089	0.187074	0.815099	13.0	-0.164328	0.273376	0.475845	14.0	-0.166254	0.31259	0.14773	15.0	-0.19482	0.433628	0.0769142	16.0	-0.00507891	0.208056	0.817169	17.0	0.0614289	0.128355	0.521899	18.0	0.114038	-0.0689493	0.351512	19.0	0.0388299	0.0558558	0.303356	20.0	-0.131296	0.201681	1.36737	21.0	-0.337904	0.237085	0.645661	22.0	-0.336346	0.286239	0.739527	23.0	0.158709	0.229762	0.699884	24.0	0.130742	0.261927	0.780928
37.533	0.0	-0.0658867	0.18451	0.816928	1.0	-0.103901	0.201971	1.13785	2.0	-0.147861	0.232794	1.45116	3.0	-0.124498	0.239212	1.60034	4.0	-0.302761	0.243203	1.29954	5.0	-0.355718	0.23483	1.05812	6.0	-0.368685	0.294668	0.808022	7.0	-0.338495	0.286774	0.742315	8.0	0.0505569	0.25352	1.31239	9.0	0.140901	0.20564	1.04084	10.0	0.175826	0.23825	0.816268	11.0	0.154082	0.26037	0.780107	12.0	-0.160357	0.2082	0.818155	13.0	-0.168204	0.279116	0.471776	14.0	-0.166362	0.314271	0.148589	15.0	-0.194738	0.431285	0.0769633	16.0	-0.00765301	0.230624	0.820016	17.0	0.0535721	0.171259	0.510405	18.0	0.116995	-0.0487483	0.329909	19.0	0.0392487	0.0754108	0.283753	20.0	-0.135776	0.222762	1.37391	21.0	-0.351006	0.290149	0.665779	22.0	-0.280558	0.280018	0.734709	23.0	0.143458	0.259677	0.711017	24.0	0.126184	0.257737	0.767917
37.567	0.0	-0.0580995	0.214839	0.823804	1.0	-0.104125	0.229908	1.14533	2.0	-0.155353	0.258795	1.45916	3.0	-0.130049	0.266469	1.60853	4.0	-0.308068	0.273571	1.30637	5.0	-0.371447	0.279501	1.06917	6.0	-0.374659	0.34953	0.81989	7.0	-0.37359	0.361884	0.744329	8.0	0.0455866	0.274088	1.31992	9.0	0.137334	0.223604	1.04419	10.0	0.168464	0.266854	0.8202	11.0	0.152718	0.278215	0.786723	12.0	-0.15122	0.243244	0.822887	13.0	-0.174097	0.287185	0.471897	14.0	-0.167539	0.314124	0.148751	15.0	-0.194983	0.429121	0.0787397	16.0	-0.00148877	0.256529	0.828625	17.0	0.0478992	0.192511	0.495501	18.0	0.095644	-0.00575654	0.324916	19.0	0.0177568	0.116321	0.275719	20.0	-0.141484	0.24919	1.3818	21.0	-0.356444	0.361921	0.674888	22.0	-0.313424	0.332055	0.757275	23.0	0.143425	0.267829	0.711446	24.0	0.123068	0.283677	0.817616
37.6	0.0	-0.0553043	0.235667	0.824506	1.0	-0.103696	0.247494	1.14667	2.0	-0.15702	0.272251	1.46073	3.0	-0.131796	0.281877	1.60993	4.0	-0.310221	0.295904	1.30997	5.0	-0.377271	0.304935	1.07954	6.0	-0.378606	0.392925	0.830056	7.0	-0.384875	0.420443	0.756	8.0	0.0408305	0.297902	1.32066	9.0	0.131557	0.248596	1.04694	10.0	0.162897	0.283909	0.82198	11.0	0.148925	0.308144	0.791273	12.0	-0.148663	0.261955	0.822943	13.0	-0.175138	0.290064	0.471321	14.0	-0.170249	0.312069	0.154152	15.0	-0.195677	0.427469	0.079582	16.0	0.00110403	0.27869	0.8302	17.0	0.0376026	0.246634	0.509646	18.0	0.0894305	0.0221818	0.309059	19.0	0.0861181	0.0418741	0.19701	20.0	-0.142694	0.26373	1.38335	21.0	-0.369762	0.420258	0.69279	22.0	-0.389528	0.403186	0.705376	23.0	0.144427	0.310223	0.726158	24.0	0.121195	0.309864	0.762588
37.633	0.0	-0.0531969	0.261767	0.827193	1.0	-0.102947	0.274163	1.15027	2.0	-0.15811	0.298976	1.46516	3.0	-0.134221	0.30743	1.61565	4.0	-0.311718	0.319382	1.31071	5.0	-0.386355	0.345942	1.08844	6.0	-0.384165	0.442931	0.834618	7.0	-0.390947	0.473296	0.764718	8.0	0.0382405	0.313595	1.32759	9.0	0.131147	0.26202	1.04518	10.0	0.166633	0.318368	0.824263	11.0	0.15065	0.32815	0.766445	12.0	-0.146773	0.293189	0.82407	13.0	-0.17824	0.296995	0.468622	14.0	-0.17083	0.312126	0.154362	15.0	-0.19601	0.425935	0.0802057	16.0	0.00307433	0.300171	0.834163	17.0	0.0384688	0.259921	0.504075	18.0	0.0550728	0.0816503	0.182398	19.0	0.0753561	0.10537	0.0908755	20.0	-0.143288	0.290532	1.3876	21.0	-0.381479	0.478337	0.705616	22.0	-0.356901	0.487059	0.743232	23.0	0.152216	0.313842	0.721469	24.0	0.122474	0.353281	0.752204
37.667	0.0	-0.0485178	0.279972	0.829208	1.0	-0.100927	0.291465	1.15183	2.0	-0.158646	0.315814	1.46629	3.0	-0.132537	0.324421	1.61616	4.0	-0.313251	0.345756	1.3132	5.0	-0.389219	0.371207	1.09124	6.0	-0.398524	0.499045	0.849761	7.0	-0.399707	0.528081	0.775595	8.0	0.0391994	0.329579	1.33084	9.0	0.127711	0.289119	1.04945	10.0	0.166232	0.325094	0.825909	11.0	0.151401	0.350272	0.797399	12.0	-0.142345	0.308737	0.824749	13.0	-0.177563	0.303624	0.466963	14.0	-0.171478	0.314347	0.153535	15.0	-0.195476	0.423134	0.0794588	16.0	0.00763935	0.320404	0.837807	17.0	0.0370162	0.289099	0.490458	18.0	0.0343222	0.138754	0.152753	19.0	0.0643105	0.181265	0.0872405	20.0	-0.143186	0.307432	1.38884	21.0	-0.385605	0.535165	0.717939	22.0	-0.371909	0.537415	0.709811	23.0	0.150459	0.353548	0.728479	24.0	0.132287	0.342912	0.780834
37.7	0.0	-0.0498113	0.311315	0.827151	1.0	-0.102268	0.321401	1.15213	2.0	-0.160232	0.344024	1.46867	3.0	-0.134762	0.352529	1.6185	4.0	-0.310676	0.371658	1.3154	5.0	-0.389822	0.403253	1.09475	6.0	-0.403702	0.542464	0.864085	7.0	-0.406175	0.578134	0.789976	8.0	0.0390044	0.355288	1.32548	9.0	0.125468	0.302097	1.05058	10.0	0.161621	0.343281	0.827228	11.0	0.154567	0.365765	0.793996	12.0	-0.143235	0.343474	0.822395	13.0	-0.176427	0.314224	0.465189	14.0	-0.173321	0.315018	0.155514	15.0	-0.191305	0.415955	0.0803168	16.0	0.00577735	0.348141	0.836092	17.0	0.0298337	0.317524	0.463041	18.0	0.0223792	0.196993	0.129984	19.0	0.0629027	0.240473	0.0730201	20.0	-0.144698	0.336112	1.39073	21.0	-0.395876	0.595804	0.732956	22.0	-0.37672	0.6028	0.792163	23.0	0.16038	0.36915	0.729421	24.0	0.115573	0.387562	0.777778
37.733	0.0	-0.0481314	0.328643	0.828758	1.0	-0.101094	0.338856	1.15296	2.0	-0.159628	0.361628	1.46876	3.0	-0.134557	0.371274	1.61678	4.0	-0.310052	0.394675	1.31604	5.0	-0.394729	0.445067	1.09947	6.0	-0.40601	0.569252	0.874239	7.0	-0.40959	0.62062	0.800861	8.0	0.0339693	0.380158	1.32921	9.0	0.121868	0.324197	1.05638	10.0	0.155372	0.379397	0.829418	11.0	0.150518	0.383194	0.782913	12.0	-0.141698	0.360086	0.822916	13.0	-0.179369	0.326101	0.466603	14.0	-0.173392	0.315526	0.155312	15.0	-0.191067	0.41453	0.0801077	16.0	0.00734781	0.36599	0.838811	17.0	0.0247064	0.357834	0.465783	18.0	0.0111348	0.256879	0.135284	19.0	0.0390168	0.319864	0.0749985	20.0	-0.143943	0.353678	1.39101	21.0	-0.398598	0.641365	0.742485	22.0	-0.372573	0.636318	0.780712	23.0	0.153388	0.37752	0.720993	24.0	0.115691	0.377207	0.823999
37.767	0.0	-0.0444901	0.349513	0.828839	1.0	-0.098915	0.360884	1.15299	2.0	-0.159034	0.384882	1.46871	3.0	-0.134406	0.394174	1.61977	4.0	-0.309719	0.413472	1.31566	5.0	-0.391746	0.460128	1.09757	6.0	-0.409588	0.613987	0.88693	7.0	-0.408434	0.659804	0.808782	8.0	0.0338478	0.398635	1.3282	9.0	0.122873	0.344253	1.05583	10.0	0.154605	0.38214	0.8293	11.0	0.145112	0.402143	0.787736	12.0	-0.138985	0.380533	0.821361	13.0	-0.178898	0.336457	0.466814	14.0	-0.17318	0.317069	0.153703	15.0	-0.190923	0.414323	0.0798004	16.0	0.011638	0.387195	0.840559	17.0	0.0240314	0.388441	0.464837	18.0	0.0168667	0.333925	0.146621	19.0	0.0366694	0.393942	0.0809557	20.0	-0.142938	0.376622	1.39098	21.0	-0.394072	0.680814	0.748604	22.0	-0.3747	0.682615	0.800303	23.0	0.152393	0.403274	0.725925	24.0	0.106679	0.42891	0.769863
37.8	0.0	-0.0435176	0.370639	0.828059	1.0	-0.0970421	0.383511	1.15154	2.0	-0.156237	0.408923	1.46653	3.0	-0.128806	0.419866	1.61585	4.0	-0.30778	0.440932	1.31576	5.0	-0.387088	0.494743	1.09788	6.0	-0.406241	0.636048	0.893073	7.0	-0.404621	0.695421	0.818013	8.0	0.0378175	0.413142	1.32925	9.0	0.123474	0.364092	1.05774	10.0	0.154733	0.392883	0.829713	11.0	0.147232	0.413063	0.786726	12.0	-0.1385	0.405728	0.819721	13.0	-0.178673	0.345465	0.465439	14.0	-0.17265	0.318879	0.152776	15.0	-0.190387	0.414517	0.0798335	16.0	0.0127394	0.404347	0.840513	17.0	0.0194862	0.414898	0.46496	18.0	0.0153721	0.392086	0.165821	19.0	0.0235694	0.474332	0.0990647	20.0	-0.140369	0.400322	1.38899	21.0	-0.390175	0.716817	0.75698	22.0	-0.384876	0.731371	0.827172	23.0	0.147932	0.42004	0.72414	24.0	0.103047	0.444085	0.777352
37.833	0.0	-0.047901	0.385662	0.823531	1.0	-0.0988132	0.401178	1.14863	2.0	-0.155228	0.430042	1.46533	3.0	-0.127887	0.443639	1.61341	4.0	-0.305028	0.46045	1.31365	5.0	-0.384257	0.513688	1.09567	6.0	-0.401847	0.66622	0.896311	7.0	-0.399645	0.728343	0.820322	8.0	0.0405472	0.446851	1.31988	9.0	0.125117	0.385051	1.05638	10.0	0.153035	0.406775	0.829948	11.0	0.149164	0.426971	0.785378	12.0	-0.141958	0.417281	0.816394	13.0	-0.179636	0.357297	0.467684	14.0	-0.172817	0.320099	0.153061	15.0	-0.192087	0.414694	0.083055	16.0	0.00734396	0.422763	0.834907	17.0	0.0143525	0.447567	0.461719	18.0	0.0177283	0.45662	0.149972	19.0	0.0215337	0.540137	0.0913985	20.0	-0.140081	0.420506	1.38735	21.0	-0.391362	0.75887	0.763144	22.0	-0.371087	0.756242	0.81566	23.0	0.148179	0.425743	0.716349	24.0	0.114581	0.460008	0.780036
37.867	0.0	-0.0493116	0.405283	0.821687	1.0	-0.095984	0.42171	1.14645	2.0	-0.148229	0.451074	1.46268	3.0	-0.123045	0.459631	1.61185	4.0	-0.298807	0.485167	1.31197	5.0	-0.380703	0.528981	1.09345	6.0	-0.393644	0.692034	0.896326	7.0	-0.388803	0.75323	0.819969	8.0	0.0456809	0.457933	1.32098	9.0	0.127699	0.403934	1.05343	10.0	0.153201	0.430935	0.827013	11.0	0.151295	0.443428	0.784168	12.0	-0.143135	0.438746	0.814942	13.0	-0.180447	0.367806	0.469209	14.0	-0.172688	0.320367	0.153184	15.0	-0.191822	0.414488	0.0832693	16.0	0.00560642	0.440103	0.832889	17.0	0.0101722	0.480144	0.477085	18.0	0.0216546	0.50655	0.151433	19.0	0.0221449	0.596144	0.0972719	20.0	-0.134103	0.44147	1.38484	21.0	-0.37794	0.78547	0.762404	22.0	-0.371644	0.781056	0.836062	23.0	0.147681	0.449322	0.718927	24.0	0.113106	0.472041	0.796946
37.9	0.0	-0.051974	0.422001	0.818414	1.0	-0.0949985	0.439225	1.14402	2.0	-0.143768	0.469419	1.46101	3.0	-0.113529	0.485436	1.60931	4.0	-0.293189	0.507009	1.30908	5.0	-0.369901	0.556464	1.08968	6.0	-0.385914	0.715352	0.890491	7.0	-0.375839	0.774338	0.815923	8.0	0.0492568	0.480298	1.32314	9.0	0.133904	0.421764	1.0566	10.0	0.155803	0.44666	0.823333	11.0	0.15616	0.460517	0.78328	12.0	-0.145965	0.454845	0.812967	13.0	-0.181869	0.377649	0.468886	14.0	-0.172622	0.320603	0.153478	15.0	-0.184188	0.420606	0.0834241	16.0	0.00296067	0.457398	0.828361	17.0	0.00907414	0.50721	0.468273	18.0	0.0224609	0.549892	0.14447	19.0	0.0320685	0.652963	0.0823599	20.0	-0.130495	0.459605	1.38298	21.0	-0.364881	0.800426	0.760367	22.0	-0.329519	0.756886	0.793223	23.0	0.164198	0.453809	0.718754	24.0	0.12623	0.49025	0.788948
37.933	0.0	-0.0518004	0.449884	0.81487	1.0	-0.0909715	0.46605	1.14049	2.0	-0.136374	0.494738	1.45745	3.0	-0.10814	0.505697	1.60624	4.0	-0.287842	0.529211	1.30635	5.0	-0.363175	0.577266	1.08632	6.0	-0.37303	0.739701	0.878594	7.0	-0.362032	0.790956	0.809907	8.0	0.0600617	0.497613	1.32168	9.0	0.141582	0.441515	1.05361	10.0	0.158261	0.468988	0.818062	11.0	0.161938	0.480019	0.78525	12.0	-0.145415	0.481591	0.809578	13.0	-0.180742	0.392635	0.466489	14.0	-0.172354	0.32428	0.153106	15.0	-0.186421	0.421142	0.0823387	16.0	0.00241293	0.486125	0.824848	17.0	0.01065	0.540108	0.469533	18.0	0.0187061	0.578612	0.141403	19.0	0.0334105	0.670574	0.0850277	20.0	-0.123881	0.485339	1.37944	21.0	-0.349443	0.817311	0.755465	22.0	-0.349477	0.822413	0.828477	23.0	0.169059	0.478012	0.731515	24.0	0.143141	0.511172	0.786998
37.967	0.0	-0.0507098	0.479104	0.810641	1.0	-0.0870454	0.491413	1.13768	2.0	-0.130051	0.516562	1.45581	3.0	-0.0993673	0.526793	1.60388	4.0	-0.278206	0.555784	1.30267	5.0	-0.359867	0.602253	1.08449	6.0	-0.363614	0.748224	0.874527	7.0	-0.348533	0.803489	0.805095	8.0	0.0729636	0.524714	1.31454	9.0	0.147259	0.465687	1.05168	10.0	0.160347	0.499033	0.824533	11.0	0.1685	0.498096	0.79773	12.0	-0.144466	0.509611	0.806097	13.0	-0.180206	0.415789	0.464126	14.0	-0.171285	0.328146	0.152264	15.0	-0.187737	0.422811	0.0806847	16.0	0.00329658	0.516377	0.820005	17.0	0.00880782	0.564064	0.470395	18.0	0.0178478	0.590452	0.144335	19.0	0.0296848	0.682166	0.0886244	20.0	-0.118113	0.508021	1.37753	21.0	-0.334773	0.829593	0.750201	22.0	-0.31902	0.82534	0.804499	23.0	0.16938	0.508516	0.736695	24.0	0.143539	0.527292	0.789262
38.0	0.0	-0.0420146	0.505216	0.80859	1.0	-0.0779508	0.517914	1.13554	2.0	-0.120508	0.542672	1.45367	3.0	-0.0894424	0.550996	1.6003	4.0	-0.269918	0.576322	1.29913	5.0	-0.349091	0.619655	1.07971	6.0	-0.351574	0.757436	0.870864	7.0	-0.333947	0.808277	0.796998	8.0	0.0786629	0.548354	1.31131	9.0	0.153033	0.490492	1.05172	10.0	0.162395	0.515253	0.823631	11.0	0.175967	0.518094	0.806394	12.0	-0.136995	0.538033	0.803556	13.0	-0.179498	0.44093	0.459426	14.0	-0.171903	0.33396	0.149548	15.0	-0.184098	0.4319	0.0796023	16.0	0.0126627	0.540036	0.81851	17.0	0.0096694	0.589558	0.473149	18.0	0.0171098	0.59929	0.147335	19.0	0.0291953	0.683364	0.0888817	20.0	-0.108671	0.53431	1.37538	21.0	-0.317989	0.833296	0.740407	22.0	-0.327831	0.848408	0.816377	23.0	0.186761	0.516048	0.750224	24.0	0.150863	0.55387	0.790991
38.033	0.0	-0.0315132	0.537717	0.805172	1.0	-0.0683141	0.543032	1.13385	2.0	-0.111634	0.561699	1.45328	3.0	-0.0782077	0.570223	1.60034	4.0	-0.260331	0.59681	1.30019	5.0	-0.338134	0.632212	1.07945	6.0	-0.338006	0.764408	0.862259	7.0	-0.318979	0.809506	0.787803	8.0	0.0836541	0.572781	1.30596	9.0	0.166292	0.512933	1.0492	10.0	0.16267	0.556632	0.822566	11.0	0.177726	0.545288	0.824158	12.0	-0.12806	0.567205	0.799722	13.0	-0.175822	0.47732	0.460778	14.0	-0.169989	0.349622	0.149872	15.0	-0.184949	0.432511	0.0792438	16.0	0.0242355	0.575381	0.815756	17.0	0.0143867	0.611866	0.47291	18.0	0.0177069	0.600058	0.147203	19.0	0.0273181	0.682159	0.0889428	20.0	-0.0996122	0.554748	1.37471	21.0	-0.299674	0.83096	0.730618	22.0	-0.31665	0.850677	0.806284	23.0	0.163207	0.57286	0.77375	24.0	0.146902	0.580089	0.809537
38.067	0.0	-0.0218744	0.575415	0.805324	1.0	-0.0580095	0.572503	1.1347	2.0	-0.101223	0.582838	1.45477	3.0	-0.0669044	0.59557	1.59923	4.0	-0.249282	0.620408	1.30032	5.0	-0.3282	0.644302	1.07915	6.0	-0.317666	0.768262	0.845198	7.0	-0.304601	0.807669	0.772979	8.0	0.0961484	0.59672	1.30794	9.0	0.175337	0.546417	1.04172	10.0	0.171425	0.584557	0.814388	11.0	0.173895	0.592847	0.781949	12.0	-0.118895	0.608419	0.800857	13.0	-0.167981	0.530827	0.456544	14.0	-0.173641	0.366265	0.145593	15.0	-0.186675	0.437956	0.075956	16.0	0.0336055	0.609249	0.814996	17.0	0.0219046	0.627875	0.470522	18.0	0.0177003	0.601953	0.147926	19.0	0.0256823	0.681564	0.0890752	20.0	-0.0891741	0.577936	1.37605	21.0	-0.280246	0.823182	0.714875	22.0	-0.303676	0.848576	0.789617	23.0	0.179067	0.591148	0.743105	24.0	0.149244	0.629342	0.78797
38.101	0.0	-0.00817007	0.609643	0.807658	1.0	-0.045592	0.604468	1.13653	2.0	-0.08984	0.61129	1.45622	3.0	-0.0546417	0.618375	1.59912	4.0	-0.241355	0.640393	1.3014	5.0	-0.319865	0.652242	1.07884	6.0	-0.308528	0.768618	0.838693	7.0	-0.294599	0.799645	0.767527	8.0	0.101266	0.629285	1.30883	9.0	0.180787	0.569429	1.03973	10.0	0.17612	0.601732	0.811786	11.0	0.185399	0.611079	0.776936	12.0	-0.107643	0.637243	0.803319	13.0	-0.156907	0.590891	0.462029	14.0	-0.171219	0.393824	0.155041	15.0	-0.187063	0.446814	0.0787005	16.0	0.0492343	0.648599	0.817029	17.0	0.028632	0.640384	0.467817	18.0	0.0188521	0.603607	0.148314	19.0	0.0248246	0.681676	0.0880738	20.0	-0.0775337	0.607442	1.37759	21.0	-0.271439	0.815908	0.706717	22.0	-0.285766	0.832828	0.786866	23.0	0.188406	0.6158	0.738285	24.0	0.160844	0.642114	0.772299
38.133	0.0	0.00937051	0.634694	0.812332	1.0	-0.0344908	0.625259	1.13772	2.0	-0.083524	0.629104	1.45473	3.0	-0.0448329	0.643248	1.59927	4.0	-0.234864	0.66277	1.3012	5.0	-0.308238	0.670573	1.06543	6.0	-0.302855	0.771291	0.83091	7.0	-0.282013	0.788308	0.762637	8.0	0.112856	0.650555	1.30823	9.0	0.189426	0.60408	1.03045	10.0	0.208105	0.625159	0.803241	11.0	0.19448	0.635114	0.763619	12.0	-0.0884331	0.668308	0.809293	13.0	-0.152924	0.653991	0.466957	14.0	-0.174856	0.442236	0.166813	15.0	-0.195506	0.470921	0.0882952	16.0	0.064317	0.667567	0.820475	17.0	0.0362995	0.661026	0.469228	18.0	0.0189684	0.60711	0.148058	19.0	0.0252266	0.682678	0.0863547	20.0	-0.0701568	0.625869	1.37671	21.0	-0.267283	0.804936	0.696647	22.0	-0.215562	0.76132	0.775356	23.0	0.188441	0.642054	0.717181	24.0	0.167336	0.664122	0.78638
38.167	0.0	0.00969517	0.656301	0.814028	1.0	-0.029819	0.649051	1.13861	2.0	-0.0751936	0.654185	1.45415	3.0	-0.03646	0.668993	1.5969	4.0	-0.228518	0.683155	1.30089	5.0	-0.30426	0.678335	1.0642	6.0	-0.297343	0.769899	0.826847	7.0	-0.28186	0.783616	0.761058	8.0	0.122499	0.679415	1.30581	9.0	0.194947	0.629504	1.03478	10.0	0.209238	0.65566	0.807379	11.0	0.202998	0.658281	0.774582	12.0	-0.0893285	0.686339	0.813513	13.0	-0.147393	0.704778	0.469922	14.0	-0.168417	0.493916	0.168869	15.0	-0.196876	0.533554	0.0912871	16.0	0.0657365	0.692396	0.819128	17.0	0.049253	0.675738	0.463793	18.0	0.019306	0.60805	0.14759	19.0	0.0244615	0.68787	0.0866602	20.0	-0.0626722	0.650742	1.37654	21.0	-0.267183	0.798842	0.690292	22.0	-0.253699	0.804167	0.775383	23.0	0.194631	0.663277	0.704223	24.0	0.192371	0.69121	0.769658
38.2	0.0	0.01992	0.675642	0.814878	1.0	-0.0204559	0.673876	1.13847	2.0	-0.0677598	0.685047	1.45273	3.0	-0.033999	0.701321	1.60133	4.0	-0.22521	0.705738	1.30118	5.0	-0.293552	0.692368	1.06062	6.0	-0.287935	0.768189	0.813974	7.0	-0.273666	0.776696	0.753292	8.0	0.125464	0.704271	1.30714	9.0	0.201676	0.660851	1.02958	10.0	0.212247	0.676502	0.80139	11.0	0.201984	0.695624	0.739216	12.0	-0.078728	0.704434	0.814828	13.0	-0.149664	0.762586	0.480277	14.0	-0.165979	0.564314	0.169861	15.0	-0.189733	0.606264	0.0922508	16.0	0.0748814	0.712102	0.819733	17.0	0.061746	0.68921	0.454576	18.0	0.0192587	0.610487	0.146983	19.0	0.0254609	0.691558	0.0860251	20.0	-0.0546622	0.68001	1.37547	21.0	-0.260019	0.793272	0.683674	22.0	-0.241035	0.792737	0.767561	23.0	0.184284	0.702581	0.685545	24.0	0.161658	0.719884	0.752424
38.233	0.0	0.02047	0.695593	0.814713	1.0	-0.018045	0.699017	1.13754	2.0	-0.0631895	0.714734	1.45103	3.0	-0.0286339	0.729497	1.60066	4.0	-0.222645	0.728685	1.30067	5.0	-0.284815	0.708044	1.05903	6.0	-0.283253	0.765599	0.810269	7.0	-0.263358	0.769158	0.746689	8.0	0.132071	0.736997	1.30222	9.0	0.205865	0.689931	1.02704	10.0	0.221319	0.717097	0.799857	11.0	0.211541	0.725084	0.760966	12.0	-0.0781083	0.721078	0.815353	13.0	-0.145409	0.817116	0.486708	14.0	-0.156432	0.645135	0.162706	15.0	-0.175748	0.698631	0.0874546	16.0	0.0751082	0.735563	0.818891	17.0	0.0706108	0.700525	0.452582	18.0	0.016068	0.614597	0.142069	19.0	0.0253124	0.693491	0.0838999	20.0	-0.050652	0.708671	1.37396	21.0	-0.244707	0.782937	0.66268	22.0	-0.23234	0.809549	0.751623	23.0	0.20072	0.732507	0.69147	24.0	0.17904	0.724405	0.698569
38.267	0.0	0.00766655	0.723594	0.815458	1.0	-0.0218124	0.727616	1.13775	2.0	-0.0586481	0.745784	1.45077	3.0	-0.0235071	0.760121	1.59833	4.0	-0.2213	0.756642	1.29833	5.0	-0.276011	0.728008	1.05058	6.0	-0.281605	0.765201	0.809895	7.0	-0.262166	0.764905	0.746427	8.0	0.132714	0.762414	1.30704	9.0	0.213008	0.727258	1.02553	10.0	0.227745	0.745721	0.797794	11.0	0.220119	0.763402	0.757282	12.0	-0.0912985	0.746324	0.817981	13.0	-0.13692	0.863678	0.485027	14.0	-0.14256	0.734027	0.137177	15.0	-0.169166	0.810374	0.0711824	16.0	0.0627203	0.766016	0.817793	17.0	0.0841893	0.720518	0.454869	18.0	-0.000548078	0.661649	0.131314	19.0	0.0229625	0.702708	0.065533	20.0	-0.0482197	0.738906	1.37383	21.0	-0.25575	0.767405	0.665596	22.0	-0.233119	0.80154	0.758806	23.0	0.210932	0.762115	0.689408	24.0	0.187935	0.756506	0.69991
38.3	0.0	0.0166338	0.741507	0.81289	1.0	-0.0163219	0.755204	1.1339	2.0	-0.0582925	0.782685	1.44549	3.0	-0.0235386	0.802277	1.59622	4.0	-0.220772	0.78531	1.29858	5.0	-0.270874	0.751726	1.03961	6.0	-0.279892	0.766334	0.808077	7.0	-0.262166	0.766021	0.751306	8.0	0.136995	0.792782	1.30902	9.0	0.21585	0.752449	1.02546	10.0	0.233159	0.790252	0.79947	11.0	0.227055	0.804008	0.757292	12.0	-0.081759	0.765826	0.814103	13.0	-0.133035	0.908003	0.487285	14.0	-0.139726	0.841435	0.134334	15.0	-0.173856	0.919246	0.070381	16.0	0.070679	0.782027	0.816609	17.0	0.103479	0.737502	0.451454	18.0	0.0102543	0.669304	0.128323	19.0	-0.0118158	0.768532	0.0661969	20.0	-0.0463418	0.773642	1.3689	21.0	-0.261234	0.752028	0.668699	22.0	-0.238872	0.800288	0.739211	23.0	0.215315	0.809512	0.690278	24.0	0.189569	0.81397	0.735525
38.333	0.0	-0.0144798	0.780795	0.81203	1.0	-0.0282604	0.789229	1.13324	2.0	-0.0549881	0.812544	1.44497	3.0	-0.0230615	0.828165	1.59412	4.0	-0.218894	0.812278	1.29543	5.0	-0.268015	0.773472	1.03123	6.0	-0.277482	0.769401	0.802407	7.0	-0.266797	0.76867	0.746167	8.0	0.140287	0.822437	1.30705	9.0	0.22013	0.789102	1.02555	10.0	0.241113	0.832551	0.800728	11.0	0.232702	0.841501	0.757729	12.0	-0.11272	0.800633	0.816704	13.0	-0.121924	0.949517	0.470606	14.0	-0.13719	0.927941	0.136172	15.0	-0.168114	1.02676	0.0769646	16.0	0.0405618	0.824502	0.812505	17.0	0.102811	0.765153	0.465306	18.0	-0.00872804	0.610562	0.144023	19.0	0.0477576	0.670205	0.0660265	20.0	-0.0466415	0.804073	1.36837	21.0	-0.260041	0.744432	0.663729	22.0	-0.238241	0.817693	0.753854	23.0	0.229492	0.84281	0.686412	24.0	0.192953	0.866516	0.744612
38.368	0.0	-0.0117772	0.795667	0.809486	1.0	-0.0290132	0.815839	1.12924	2.0	-0.0565466	0.848695	1.43966	3.0	-0.0243958	0.865923	1.58747	4.0	-0.217182	0.850053	1.28711	5.0	-0.268285	0.794772	1.0209	6.0	-0.277914	0.78047	0.793008	7.0	-0.275267	0.779225	0.737514	8.0	0.138889	0.858528	1.30432	9.0	0.219556	0.821593	1.02601	10.0	0.243992	0.868222	0.802111	11.0	0.232555	0.885511	0.755474	12.0	-0.11123	0.816984	0.813531	13.0	-0.121151	0.980584	0.474233	14.0	-0.134751	1.02537	0.137482	15.0	-0.154288	1.12956	0.0806585	16.0	0.043669	0.839059	0.810597	17.0	0.0997209	0.791429	0.464426	18.0	-0.00578183	0.624171	0.148105	19.0	-0.0264441	0.748714	0.111831	20.0	-0.0482283	0.838668	1.36332	21.0	-0.265222	0.756984	0.657143	22.0	-0.233641	0.800306	0.734579	23.0	0.225232	0.887073	0.683584	24.0	0.187311	0.91003	0.754776
38.401	0.0	-0.0113299	0.825062	0.80589	1.0	-0.0292339	0.85106	1.12361	2.0	-0.0554546	0.888108	1.43187	3.0	-0.0273028	0.901797	1.58306	4.0	-0.219572	0.873613	1.28274	5.0	-0.27117	0.824715	1.01708	6.0	-0.281567	0.804404	0.789919	7.0	-0.281564	0.796397	0.728661	8.0	0.13284	0.90393	1.29581	9.0	0.22326	0.859164	1.01756	10.0	0.248279	0.918158	0.796132	11.0	0.239464	0.92567	0.748938	12.0	-0.113354	0.844901	0.810201	13.0	-0.11631	1.01398	0.461614	14.0	-0.134007	1.10665	0.14474	15.0	-0.152796	1.2219	0.0964655	16.0	0.0459494	0.869644	0.807016	17.0	0.0964424	0.822139	0.468034	18.0	0.00106232	0.640573	0.157234	19.0	-0.0255644	0.764461	0.120235	20.0	-0.0474968	0.876594	1.35619	21.0	-0.262455	0.7659	0.644941	22.0	-0.251425	0.825616	0.729161	23.0	0.228627	0.933729	0.676821	24.0	0.196893	0.940189	0.758665
38.432	0.0	-0.0185593	0.858697	0.801364	1.0	-0.0352656	0.886758	1.1186	2.0	-0.0600919	0.926522	1.42636	3.0	-0.0297996	0.942156	1.57603	4.0	-0.220779	0.915541	1.27251	5.0	-0.275324	0.85553	1.01505	6.0	-0.286143	0.829809	0.788673	7.0	-0.286509	0.82258	0.718291	8.0	0.134193	0.926586	1.29163	9.0	0.224026	0.895409	1.01502	10.0	0.24618	0.950963	0.792431	11.0	0.237737	0.967597	0.739443	12.0	-0.121768	0.878078	0.806521	13.0	-0.115672	1.04146	0.455734	14.0	-0.129909	1.18318	0.127277	15.0	-0.142005	1.28689	0.0941905	16.0	0.0394079	0.903355	0.801892	17.0	0.00524642	0.715822	0.448128	18.0	-0.000805789	0.665463	0.178068	19.0	-0.0223368	0.789395	0.140631	20.0	-0.0524798	0.914699	1.35074	21.0	-0.270282	0.791704	0.6388	22.0	-0.256418	0.848619	0.72038	23.0	0.227983	0.974085	0.671659	24.0	0.189119	0.993517	0.744749
38.467	0.0	-0.030556	0.897854	0.792725	1.0	-0.0429839	0.923277	1.10951	2.0	-0.064011	0.960207	1.41688	3.0	-0.0320855	0.98165	1.56488	4.0	-0.224572	0.941814	1.26685	5.0	-0.277243	0.885954	1.00559	6.0	-0.288853	0.866872	0.778219	7.0	-0.292928	0.855815	0.711995	8.0	0.128869	0.978163	1.27527	9.0	0.21949	0.941541	1.00723	10.0	0.246352	0.99802	0.785539	11.0	0.235524	1.0062	0.724514	12.0	-0.134348	0.913085	0.799666	13.0	-0.110161	1.09085	0.409361	14.0	-0.126755	1.19791	0.127004	15.0	-0.139188	1.33431	0.0880788	16.0	0.0277235	0.946713	0.791686	17.0	0.00251482	0.735882	0.454057	18.0	0.000129377	0.681474	0.18499	19.0	-0.0283242	0.805159	0.147842	20.0	-0.0572474	0.948826	1.34141	21.0	-0.282937	0.833748	0.633144	22.0	-0.265089	0.884029	0.711463	23.0	0.231182	1.00891	0.663149	24.0	0.190217	1.0321	0.718291
38.5	0.0	-0.00985223	0.936838	0.782089	1.0	-0.0350237	0.961532	1.09973	2.0	-0.0675613	1.00053	1.40717	3.0	-0.035356	1.02107	1.55847	4.0	-0.230027	0.986681	1.25563	5.0	-0.279828	0.922264	0.992716	6.0	-0.295314	0.896866	0.7664	7.0	-0.297075	0.891288	0.698297	8.0	0.125387	1.01056	1.26553	9.0	0.216167	0.981727	0.992771	10.0	0.244773	1.02813	0.769516	11.0	0.232394	1.04897	0.702952	12.0	-0.113465	0.954174	0.786277	13.0	-0.107376	1.11607	0.470128	14.0	-0.125958	1.21493	0.116211	15.0	-0.133355	1.34203	0.0744036	16.0	0.0471266	0.982485	0.784157	17.0	0.0160964	0.777986	0.441669	18.0	0.00122195	0.688994	0.183667	19.0	-0.0238821	0.812753	0.146334	20.0	-0.0579039	0.988592	1.3317	21.0	-0.286861	0.868464	0.61977	22.0	-0.269952	0.919133	0.706713	23.0	0.220361	1.05178	0.644702	24.0	0.194377	1.05092	0.685496
38.533	0.0	-0.0170361	0.975271	0.776593	1.0	-0.042116	0.998653	1.09478	2.0	-0.074888	1.03184	1.4035	3.0	-0.0397531	1.05356	1.54973	4.0	-0.236256	1.01897	1.24924	5.0	-0.288069	0.960577	0.97964	6.0	-0.302984	0.948191	0.751537	7.0	-0.302841	0.933149	0.678161	8.0	0.114717	1.05813	1.25735	9.0	0.210387	1.0213	0.985695	10.0	0.242303	1.07513	0.764353	11.0	0.233183	1.08796	0.709351	12.0	-0.121645	0.989154	0.78001	13.0	-0.108778	1.14941	0.475363	14.0	-0.122962	1.22216	0.113266	15.0	-0.129935	1.34644	0.0609689	16.0	0.0406647	1.02433	0.779904	17.0	0.0140163	0.803121	0.4498	18.0	0.00111514	0.709094	0.193765	19.0	-0.0283	0.832614	0.156735	20.0	-0.0652589	1.0216	1.32769	21.0	-0.290505	0.925472	0.605283	22.0	-0.285309	0.976917	0.694781	23.0	0.22916	1.09471	0.647817	24.0	0.187774	1.10579	0.71523
38.567	0.0	-0.0446346	1.00317	0.771893	1.0	-0.056437	1.02667	1.09284	2.0	-0.0797582	1.06499	1.40351	3.0	-0.0437368	1.08441	1.55371	4.0	-0.237433	1.05822	1.25098	5.0	-0.296927	1.0107	0.994835	6.0	-0.304879	0.989017	0.767601	7.0	-0.308642	0.983993	0.691825	8.0	0.104245	1.09577	1.25517	9.0	0.204073	1.05833	0.98124	10.0	0.237573	1.09743	0.757762	11.0	0.229875	1.11794	0.705676	12.0	-0.148709	1.01728	0.777885	13.0	-0.11155	1.17643	0.481732	14.0	-0.121426	1.22761	0.117151	15.0	-0.128056	1.3474	0.0593422	16.0	0.0126099	1.05188	0.772802	17.0	0.0117998	0.832067	0.443278	18.0	-0.0067108	0.714715	0.198382	19.0	-0.035901	0.838157	0.161193	20.0	-0.0723948	1.05304	1.32723	21.0	-0.294873	0.966115	0.602552	22.0	-0.284458	1.02302	0.690781	23.0	0.227547	1.12765	0.643336	24.0	0.200615	1.10685	0.671575
38.6	0.0	-0.0497117	1.04759	0.77604	1.0	-0.0631843	1.07021	1.09784	2.0	-0.085037	1.10108	1.40902	3.0	-0.0537121	1.12687	1.5611	4.0	-0.241525	1.09439	1.25708	5.0	-0.300841	1.05289	0.99338	6.0	-0.314463	1.05333	0.760935	7.0	-0.315155	1.04551	0.692424	8.0	0.0995921	1.12801	1.25744	9.0	0.192583	1.09357	0.980473	10.0	0.229234	1.12965	0.7572	11.0	0.226359	1.14551	0.708637	12.0	-0.154442	1.06349	0.782217	13.0	-0.115006	1.19923	0.485374	14.0	-0.120252	1.2379	0.114967	15.0	-0.122832	1.33599	0.0522218	16.0	0.00762216	1.09403	0.776761	17.0	0.00995747	0.873166	0.448077	18.0	0.00568733	0.647125	0.109703	19.0	0.0366759	0.718356	0.0604736	20.0	-0.078087	1.0916	1.33271	21.0	-0.296077	1.03197	0.606221	22.0	-0.29913	1.08336	0.691981	23.0	0.226891	1.16765	0.645763	24.0	0.218591	1.12263	0.696531
38.633	0.0	-0.056428	1.0717	0.779996	1.0	-0.0683378	1.094	1.10335	2.0	-0.0893107	1.129	1.41692	3.0	-0.0558264	1.14914	1.56881	4.0	-0.248416	1.12727	1.26658	5.0	-0.306233	1.09825	1.0038	6.0	-0.322034	1.11503	0.766989	7.0	-0.322101	1.11243	0.699916	8.0	0.0983008	1.15803	1.26561	9.0	0.184116	1.12657	0.992693	10.0	0.219364	1.15806	0.768553	11.0	0.215551	1.1745	0.714885	12.0	-0.1598	1.08842	0.78482	13.0	-0.117111	1.21937	0.483728	14.0	-0.119847	1.24205	0.114506	15.0	-0.123771	1.33568	0.0526009	16.0	-0.000717532	1.11727	0.782022	17.0	0.00462739	0.898709	0.451683	18.0	0.0164194	0.674372	0.112738	19.0	0.0511251	0.740894	0.0641398	20.0	-0.0825383	1.11814	1.33991	21.0	-0.31231	1.10012	0.616569	22.0	-0.301592	1.14712	0.70674	23.0	0.209187	1.19565	0.65568	24.0	0.203283	1.14674	0.694371
38.667	0.0	-0.0494627	1.10101	0.786277	1.0	-0.0666527	1.12296	1.11212	2.0	-0.0926224	1.15626	1.42751	3.0	-0.0570709	1.18325	1.57722	4.0	-0.25095	1.15783	1.27475	5.0	-0.314895	1.1358	1.0224	6.0	-0.326958	1.17368	0.769601	7.0	-0.326192	1.17942	0.703002	8.0	0.0991815	1.18129	1.27443	9.0	0.182987	1.14772	0.998409	10.0	0.21106	1.18384	0.773416	11.0	0.200658	1.20147	0.722939	12.0	-0.151429	1.11763	0.793222	13.0	-0.120503	1.22803	0.487634	14.0	-0.119482	1.24356	0.114395	15.0	-0.123563	1.32848	0.0549904	16.0	0.00432791	1.14618	0.786102	17.0	0.00237525	0.930383	0.452554	18.0	0.0147416	0.787916	0.223402	19.0	-0.0110706	0.911386	0.186385	20.0	-0.0846169	1.14598	1.35014	21.0	-0.318232	1.1781	0.630121	22.0	-0.294954	1.20278	0.716157	23.0	0.189644	1.22438	0.660731	24.0	0.188097	1.17319	0.703712
38.7	0.0	-0.0281129	1.14981	0.796161	1.0	-0.0604057	1.16169	1.12239	2.0	-0.0983889	1.18749	1.43808	3.0	-0.06189	1.20388	1.58433	4.0	-0.25607	1.18771	1.28265	5.0	-0.324634	1.17677	1.03207	6.0	-0.32899	1.23378	0.79138	7.0	-0.331241	1.2515	0.719002	8.0	0.096645	1.20955	1.28455	9.0	0.177615	1.17367	1.01122	10.0	0.201164	1.21341	0.785896	11.0	0.184199	1.23227	0.734844	12.0	-0.131442	1.16671	0.801447	13.0	-0.124821	1.23905	0.493104	14.0	-0.120056	1.24479	0.117135	15.0	-0.120934	1.3186	0.0578268	16.0	0.0257536	1.19362	0.797302	17.0	0.054802	1.03788	0.429057	18.0	0.0238514	0.777694	0.170815	19.0	0.0253702	0.77935	0.100503	20.0	-0.0875591	1.17867	1.36058	21.0	-0.321799	1.26418	0.644836	22.0	-0.29043	1.25373	0.741353	23.0	0.172109	1.24464	0.676509	24.0	0.157525	1.20839	0.702638
38.733	0.0	-0.0204769	1.17131	0.801593	1.0	-0.0568172	1.18197	1.12844	2.0	-0.100213	1.20435	1.44423	3.0	-0.0612351	1.22727	1.59407	4.0	-0.25568	1.21313	1.28933	5.0	-0.331113	1.21264	1.04217	6.0	-0.333808	1.29469	0.802648	7.0	-0.328335	1.31539	0.732472	8.0	0.0952197	1.22808	1.29165	9.0	0.177508	1.19147	1.01981	10.0	0.198247	1.23074	0.793996	11.0	0.181108	1.25369	0.748379	12.0	-0.124346	1.19079	0.806643	13.0	-0.128017	1.2434	0.490229	14.0	-0.120018	1.24486	0.12088	15.0	-0.123322	1.31728	0.0600009	16.0	0.0333783	1.21237	0.802797	17.0	0.00368378	1.20457	0.492159	18.0	0.00198933	0.918586	0.262634	19.0	-0.0222844	1.04223	0.226587	20.0	-0.0880204	1.19671	1.36682	21.0	-0.321276	1.33135	0.665124	22.0	-0.252822	1.28595	0.738938	23.0	0.161556	1.26288	0.680653	24.0	0.137474	1.24028	0.712106
38.767	0.0	0.0116122	1.20931	0.81181	1.0	-0.0446242	1.21237	1.13652	2.0	-0.10304	1.23169	1.4516	3.0	-0.0640454	1.25041	1.60252	4.0	-0.259606	1.24627	1.29694	5.0	-0.339449	1.26031	1.05946	6.0	-0.334962	1.35088	0.823211	7.0	-0.338966	1.3893	0.748611	8.0	0.0911466	1.25645	1.29741	9.0	0.1764	1.21507	1.02569	10.0	0.192641	1.25481	0.799356	11.0	0.17979	1.27764	0.759461	12.0	-0.0947962	1.2323	0.810657	13.0	-0.132049	1.2483	0.485873	14.0	-0.119313	1.24527	0.125269	15.0	-0.125231	1.31865	0.0631759	16.0	0.0673956	1.24634	0.819088	17.0	0.0828636	1.21361	0.519267	18.0	0.0188636	0.954355	0.263007	19.0	-0.00447999	1.07794	0.227511	20.0	-0.0872159	1.22432	1.37423	21.0	-0.322833	1.40715	0.686826	22.0	-0.30016	1.4016	0.734431	23.0	0.158597	1.29228	0.68979	24.0	0.137946	1.27627	0.778551
38.8	0.0	0.0127301	1.21531	0.812977	1.0	-0.0432765	1.22674	1.13961	2.0	-0.105873	1.252	1.45602	3.0	-0.0656018	1.26917	1.607	4.0	-0.262313	1.26644	1.29901	5.0	-0.338296	1.28939	1.06517	6.0	-0.343011	1.41675	0.834475	7.0	-0.342656	1.45445	0.763163	8.0	0.0915114	1.27136	1.30693	9.0	0.176247	1.23312	1.02583	10.0	0.188926	1.27051	0.798829	11.0	0.176069	1.29922	0.733667	12.0	-0.0926086	1.23815	0.811056	13.0	-0.13617	1.2535	0.483877	14.0	-0.120412	1.24541	0.129738	15.0	-0.125868	1.31715	0.0660362	16.0	0.0671268	1.25214	0.820933	17.0	0.080763	1.22925	0.512082	18.0	0.00796745	0.982509	0.245067	19.0	-0.0140106	1.1056	0.20923	20.0	-0.0887283	1.24366	1.37845	21.0	-0.321518	1.47349	0.701749	22.0	-0.318805	1.47914	0.773814	23.0	0.157791	1.31296	0.689985	24.0	0.160837	1.27243	0.72114
38.833	0.0	0.010851	1.23367	0.811056	1.0	-0.04412	1.24817	1.13969	2.0	-0.106813	1.2739	1.45772	3.0	-0.0652709	1.28863	1.61065	4.0	-0.263803	1.29437	1.29848	5.0	-0.338433	1.33699	1.07534	6.0	-0.349539	1.46373	0.860084	7.0	-0.345033	1.51426	0.781319	8.0	0.091075	1.29738	1.30511	9.0	0.175223	1.25227	1.02616	10.0	0.18975	1.28635	0.798969	11.0	0.182251	1.31735	0.739076	12.0	-0.0927897	1.25586	0.808428	13.0	-0.141136	1.26652	0.491492	14.0	-0.120871	1.24452	0.132444	15.0	-0.125787	1.31707	0.0665288	16.0	0.0629849	1.27055	0.819778	17.0	0.0768578	1.25644	0.501292	18.0	0.00621016	1.00161	0.241771	19.0	0.0489616	1.06684	0.157878	20.0	-0.0896474	1.26551	1.37978	21.0	-0.33285	1.54289	0.72264	22.0	-0.336402	1.54906	0.798476	23.0	0.165263	1.33679	0.69264	24.0	0.174928	1.28885	0.736397
38.867	0.0	0.00871896	1.25106	0.809954	1.0	-0.0460569	1.26805	1.14031	2.0	-0.109165	1.29695	1.45994	3.0	-0.0688719	1.31391	1.61119	4.0	-0.261619	1.32393	1.2977	5.0	-0.344176	1.36573	1.07688	6.0	-0.352523	1.5103	0.882759	7.0	-0.347217	1.56854	0.798508	8.0	0.0887302	1.31573	1.30624	9.0	0.175495	1.27008	1.02499	10.0	0.190582	1.32495	0.801128	11.0	0.186079	1.33398	0.753943	12.0	-0.0942931	1.27582	0.807022	13.0	-0.14125	1.27363	0.475355	14.0	-0.121164	1.24395	0.134372	15.0	-0.126255	1.31717	0.0667808	16.0	0.0600451	1.28522	0.818979	17.0	0.0719738	1.28349	0.496895	18.0	0.0684509	1.1568	0.147144	19.0	0.0907204	1.18355	0.0719879	20.0	-0.0918816	1.28774	1.38161	21.0	-0.333226	1.60211	0.737454	22.0	-0.341917	1.60757	0.813646	23.0	0.174041	1.35228	0.689696	24.0	0.125424	1.34711	0.726894
38.901	0.0	0.00855749	1.2693	0.808683	1.0	-0.0465224	1.28935	1.14043	2.0	-0.110276	1.32094	1.46129	3.0	-0.0685104	1.33189	1.61314	4.0	-0.260249	1.34804	1.29728	5.0	-0.345558	1.40446	1.07983	6.0	-0.349642	1.57401	0.87184	7.0	-0.343411	1.62022	0.804411	8.0	0.0866591	1.3406	1.3077	9.0	0.178147	1.29274	1.02461	10.0	0.191245	1.32784	0.79743	11.0	0.187828	1.34974	0.76039	12.0	-0.0946799	1.29563	0.804721	13.0	-0.139623	1.28089	0.461663	14.0	-0.12036	1.24404	0.13589	15.0	-0.126522	1.31652	0.0675052	16.0	0.0597035	1.30146	0.818723	17.0	0.0656812	1.30929	0.479433	18.0	0.0557565	1.20182	0.122589	19.0	0.0802775	1.25248	0.0647183	20.0	-0.0928141	1.3111	1.38267	21.0	-0.322606	1.65147	0.748473	22.0	-0.329752	1.65135	0.822677	23.0	0.171265	1.37793	0.694832	24.0	0.160268	1.38463	0.783878
38.933	0.0	0.00353142	1.29112	0.807483	1.0	-0.0483326	1.31003	1.14002	2.0	-0.109256	1.34068	1.46129	3.0	-0.0680603	1.35527	1.61355	4.0	-0.260605	1.37612	1.29499	5.0	-0.348804	1.43459	1.07898	6.0	-0.347313	1.59539	0.885571	7.0	-0.340042	1.66305	0.815528	8.0	0.0902284	1.35789	1.30769	9.0	0.180085	1.31023	1.02295	10.0	0.191569	1.34062	0.795167	11.0	0.189201	1.3676	0.759277	12.0	-0.0986808	1.31745	0.80551	13.0	-0.132901	1.28684	0.429193	14.0	-0.114988	1.24441	0.129355	15.0	-0.126273	1.31704	0.0669356	16.0	0.0532813	1.32312	0.815658	17.0	0.0588368	1.33932	0.456222	18.0	0.0430901	1.25883	0.120342	19.0	0.0734704	1.317	0.0706886	20.0	-0.0924765	1.33106	1.38259	21.0	-0.324848	1.69943	0.761855	22.0	-0.312259	1.68584	0.819294	23.0	0.174419	1.39019	0.69011	24.0	0.162468	1.40003	0.779327
38.967	0.0	0.00251742	1.31089	0.808445	1.0	-0.0478452	1.33089	1.14111	2.0	-0.107185	1.36216	1.46236	3.0	-0.0669375	1.37589	1.61188	4.0	-0.258015	1.39703	1.29636	5.0	-0.342419	1.46503	1.08123	6.0	-0.339103	1.64705	0.889515	7.0	-0.334468	1.7025	0.820243	8.0	0.0875344	1.38273	1.31038	9.0	0.182083	1.32936	1.0229	10.0	0.19322	1.35536	0.794738	11.0	0.188592	1.38544	0.761541	12.0	-0.100907	1.33626	0.807478	13.0	-0.136958	1.29013	0.431306	14.0	-0.115027	1.24458	0.129409	15.0	-0.127844	1.31845	0.0675203	16.0	0.0532053	1.34344	0.815634	17.0	0.0487935	1.36166	0.446409	18.0	0.0520605	1.31812	0.11536	19.0	0.0706429	1.39232	0.0677253	20.0	-0.0907993	1.35243	1.38369	21.0	-0.319544	1.73789	0.76999	22.0	-0.303366	1.72232	0.835035	23.0	0.176273	1.40753	0.688482	24.0	0.134524	1.40075	0.775675
39.0	0.0	-0.0117685	1.33533	0.802387	1.0	-0.0521609	1.35459	1.13757	2.0	-0.10289	1.38784	1.46055	3.0	-0.0687122	1.3923	1.60956	4.0	-0.254225	1.42809	1.29391	5.0	-0.339951	1.50038	1.08041	6.0	-0.336774	1.6656	0.8919	7.0	-0.330027	1.73502	0.825817	8.0	0.0940469	1.39886	1.30833	9.0	0.184016	1.34968	1.0224	10.0	0.197574	1.37839	0.794707	11.0	0.192034	1.39931	0.771755	12.0	-0.111011	1.36071	0.806064	13.0	-0.136383	1.30033	0.434641	14.0	-0.115046	1.2474	0.130205	15.0	-0.127928	1.31962	0.0673354	16.0	0.0336545	1.36835	0.804546	17.0	0.0528009	1.40713	0.440456	18.0	0.0633212	1.38947	0.126713	19.0	0.0588739	1.46876	0.0726278	20.0	-0.0886972	1.37735	1.38149	21.0	-0.312566	1.77605	0.775109	22.0	-0.331717	1.7674	0.855046	23.0	0.182743	1.42074	0.692602	24.0	0.130906	1.42923	0.777303
39.033	0.0	-0.0103488	1.34868	0.800429	1.0	-0.0504604	1.37237	1.13576	2.0	-0.10052	1.40693	1.45943	3.0	-0.0648506	1.41739	1.60618	4.0	-0.250834	1.44914	1.29243	5.0	-0.334244	1.52045	1.07779	6.0	-0.328175	1.70547	0.888107	7.0	-0.321955	1.76371	0.824219	8.0	0.095296	1.42193	1.30893	9.0	0.18798	1.37138	1.02008	10.0	0.202428	1.40209	0.792693	11.0	0.196668	1.42326	0.753291	12.0	-0.107983	1.37583	0.805085	13.0	-0.140486	1.3145	0.439817	14.0	-0.115324	1.24994	0.131641	15.0	-0.127233	1.3201	0.0677483	16.0	0.0338745	1.37929	0.802236	17.0	0.0535388	1.42989	0.434792	18.0	0.0620934	1.44151	0.120157	19.0	0.0691241	1.52842	0.0791285	20.0	-0.0864134	1.3965	1.38018	21.0	-0.305906	1.80251	0.775258	22.0	-0.313667	1.79331	0.8508	23.0	0.193696	1.43582	0.694136	24.0	0.140934	1.44965	0.772068
39.067	0.0	-0.0115765	1.38446	0.794995	1.0	-0.0492595	1.40157	1.13302	2.0	-0.0970994	1.43064	1.45871	3.0	-0.0622097	1.43661	1.60388	4.0	-0.245075	1.4731	1.28987	5.0	-0.322875	1.55197	1.07558	6.0	-0.322893	1.71996	0.886826	7.0	-0.313362	1.78436	0.821965	8.0	0.094467	1.44532	1.30697	9.0	0.189246	1.39555	1.01873	10.0	0.200801	1.43954	0.78234	11.0	0.205356	1.43997	0.752931	12.0	-0.110061	1.41557	0.801589	13.0	-0.144474	1.32546	0.44432	14.0	-0.114143	1.25143	0.130019	15.0	-0.123837	1.32144	0.0664159	16.0	0.0330766	1.41037	0.795559	17.0	0.0501648	1.46401	0.433329	18.0	0.0600402	1.48593	0.125177	19.0	0.0642321	1.57186	0.0761816	20.0	-0.0834845	1.42141	1.37902	21.0	-0.298885	1.82607	0.773077	22.0	-0.318175	1.81792	0.851112	23.0	0.19851	1.45648	0.701598	24.0	0.160476	1.46198	0.775506
39.1	0.0	-0.0105218	1.39911	0.791048	1.0	-0.0458131	1.42065	1.12946	2.0	-0.0905425	1.45366	1.456	3.0	-0.0556244	1.45906	1.60047	4.0	-0.238617	1.49624	1.28678	5.0	-0.317845	1.57047	1.07149	6.0	-0.313232	1.73695	0.883526	7.0	-0.302296	1.80051	0.81622	8.0	0.104551	1.46724	1.30279	9.0	0.201266	1.41496	1.01594	10.0	0.209467	1.44702	0.780935	11.0	0.213521	1.46014	0.748077	12.0	-0.10851	1.42597	0.798917	13.0	-0.145221	1.33637	0.441978	14.0	-0.113813	1.2535	0.127584	15.0	-0.123777	1.32308	0.0637618	16.0	0.0331514	1.42959	0.790156	17.0	0.0499481	1.49461	0.434202	18.0	0.0568447	1.51512	0.12038	19.0	0.0614237	1.59334	0.0707861	20.0	-0.0777437	1.44355	1.37606	21.0	-0.286541	1.84107	0.765837	22.0	-0.273048	1.82806	0.826182	23.0	0.202316	1.47547	0.696453	24.0	0.179112	1.48711	0.718839
39.133	0.0	0.000273058	1.43493	0.789803	1.0	-0.0382351	1.45043	1.12877	2.0	-0.0860911	1.47709	1.45561	3.0	-0.050916	1.48172	1.59852	4.0	-0.233713	1.52289	1.28476	5.0	-0.311418	1.5904	1.06704	6.0	-0.301034	1.75804	0.871189	7.0	-0.291608	1.8124	0.807344	8.0	0.105776	1.49109	1.3021	9.0	0.200084	1.4494	1.01194	10.0	0.22475	1.48218	0.718318	11.0	0.217956	1.49381	0.70289	12.0	-0.104004	1.45707	0.795492	13.0	-0.144354	1.36095	0.442548	14.0	-0.113229	1.25863	0.125144	15.0	-0.123705	1.32644	0.0603995	16.0	0.0505958	1.46923	0.791694	17.0	0.0511705	1.52211	0.438802	18.0	0.0498888	1.52933	0.123402	19.0	0.0565417	1.60504	0.0729037	20.0	-0.0725263	1.46856	1.37563	21.0	-0.274613	1.85152	0.755984	22.0	-0.262323	1.8315	0.824835	23.0	0.211029	1.49861	0.700064	24.0	0.183387	1.5205	0.674165
39.167	0.0	0.00731466	1.45994	0.792278	1.0	-0.0302809	1.47542	1.12811	2.0	-0.0775719	1.50186	1.45181	3.0	-0.0459412	1.50246	1.59574	4.0	-0.227849	1.54642	1.28209	5.0	-0.305097	1.60493	1.06201	6.0	-0.293253	1.76587	0.863507	7.0	-0.280643	1.81801	0.796951	8.0	0.116054	1.51506	1.29655	9.0	0.208714	1.46809	1.00688	10.0	0.128595	1.58093	0.723119	11.0	0.0838489	1.60843	0.62736	12.0	-0.0970526	1.49049	0.797569	13.0	-0.10467	1.42543	0.431565	14.0	-0.113694	1.26465	0.12059	15.0	-0.127848	1.34207	0.0612265	16.0	0.0562452	1.48576	0.794049	17.0	0.0400515	1.53887	0.448752	18.0	0.0451076	1.53964	0.123758	19.0	0.0555977	1.61494	0.0721468	20.0	-0.0640888	1.49344	1.37261	21.0	-0.263495	1.85704	0.743758	22.0	-0.277874	1.85253	0.822463	23.0	0.0742744	1.62364	0.553231	24.0	0.0299907	1.62009	0.644729
39.2	0.0	0.0114002	1.49484	0.789181	1.0	-0.0247069	1.50416	1.12732	2.0	-0.0710689	1.52495	1.4528	3.0	-0.0354914	1.52875	1.59688	4.0	-0.218802	1.57212	1.28042	5.0	-0.293701	1.62339	1.05663	6.0	-0.282448	1.77219	0.850212	7.0	-0.268823	1.81811	0.783997	8.0	0.116255	1.55799	1.28433	9.0	0.209158	1.51255	0.994435	10.0	0.12341	1.60182	0.704397	11.0	0.0789922	1.62772	0.610175	12.0	-0.0958039	1.5177	0.793856	13.0	-0.105909	1.43508	0.429081	14.0	-0.116449	1.27317	0.122979	15.0	-0.128271	1.34366	0.059688	16.0	0.0628238	1.52652	0.792151	17.0	0.0376202	1.55117	0.439269	18.0	0.0457189	1.5412	0.122676	19.0	0.0554961	1.61562	0.0711524	20.0	-0.0577727	1.51788	1.3732	21.0	-0.250467	1.85511	0.72929	22.0	-0.227735	1.83977	0.793858	23.0	0.0625862	1.6392	0.53652	24.0	0.0205684	1.63782	0.626552
39.233	0.0	0.0155642	1.52318	0.781582	1.0	-0.0187194	1.53207	1.12396	2.0	-0.0632503	1.55198	1.45365	3.0	-0.0302028	1.55131	1.59563	4.0	-0.213373	1.59384	1.27993	5.0	-0.287008	1.63671	1.04881	6.0	-0.273939	1.77446	0.839054	7.0	-0.260318	1.81437	0.77009	8.0	0.120029	1.5722	1.2875	9.0	0.212755	1.52583	0.997626	10.0	0.127741	1.62614	0.710675	11.0	0.0810174	1.64607	0.623718	12.0	-0.0878118	1.5483	0.786199	13.0	-0.110643	1.50571	0.450271	14.0	-0.123169	1.31914	0.13617	15.0	-0.12994	1.34466	0.0626274	16.0	0.0627152	1.55242	0.78464	17.0	0.0395188	1.5654	0.427111	18.0	0.0460521	1.54202	0.121631	19.0	0.0562838	1.61751	0.0705489	20.0	-0.050406	1.5452	1.37301	21.0	-0.238504	1.84842	0.712602	22.0	-0.255695	1.84886	0.79221	23.0	0.0694459	1.65572	0.539496	24.0	0.0272236	1.65604	0.624662
39.268	0.0	0.0291548	1.56732	0.777142	1.0	-0.00825982	1.5673	1.12187	2.0	-0.0556343	1.57884	1.45345	3.0	-0.0208117	1.58302	1.59518	4.0	-0.20864	1.61839	1.27932	5.0	-0.278288	1.65282	1.03874	6.0	-0.262404	1.77159	0.82687	7.0	-0.252201	1.80443	0.755439	8.0	0.117051	1.62827	1.26776	9.0	0.209662	1.5816	0.977952	10.0	0.122971	1.67971	0.690729	11.0	0.0859368	1.66292	0.621249	12.0	-0.0793531	1.58685	0.781487	13.0	-0.131916	1.56625	0.46488	14.0	-0.127364	1.35303	0.163638	15.0	-0.134893	1.36917	0.0786598	16.0	0.0802823	1.60038	0.780847	17.0	0.0716704	1.60885	0.441446	18.0	0.0464688	1.54635	0.123991	19.0	0.0696106	1.64171	0.0548342	20.0	-0.0421024	1.57411	1.37239	21.0	-0.229174	1.83059	0.69358	22.0	-0.249393	1.842	0.771821	23.0	0.0729901	1.66873	0.568738	24.0	0.0428612	1.67939	0.666029
39.3	0.0	0.0554065	1.59776	0.78834	1.0	0.00501095	1.5951	1.12634	2.0	-0.0523422	1.60568	1.45316	3.0	-0.0158346	1.61146	1.59536	4.0	-0.206051	1.6379	1.28017	5.0	-0.274043	1.66039	1.03888	6.0	-0.256135	1.76897	0.816714	7.0	-0.246598	1.79262	0.741114	8.0	0.128376	1.6341	1.28341	9.0	0.220972	1.5873	0.993414	10.0	0.13422	1.68539	0.706075	11.0	0.0945902	1.67681	0.637052	12.0	-0.0492813	1.62425	0.790207	13.0	-0.126523	1.63156	0.47026	14.0	-0.124759	1.40381	0.179897	15.0	-0.141841	1.41656	0.089473	16.0	0.101846	1.62377	0.793544	17.0	0.0858488	1.62219	0.438158	18.0	0.0460303	1.54691	0.122794	19.0	0.067825	1.63921	0.0583223	20.0	-0.0364521	1.60098	1.37319	21.0	-0.222407	1.81386	0.674028	22.0	-0.211534	1.8075	0.758308	23.0	0.0812899	1.67967	0.586363	24.0	0.0481153	1.69765	0.68178
39.334	0.0	0.0614829	1.62547	0.793788	1.0	0.0120441	1.62689	1.12973	2.0	-0.0474154	1.63751	1.45304	3.0	-0.0123901	1.64262	1.5947	4.0	-0.200467	1.66656	1.27953	5.0	-0.269522	1.67273	1.03814	6.0	-0.249542	1.76552	0.796312	7.0	-0.231183	1.77323	0.733593	8.0	0.122262	1.67668	1.28168	9.0	0.214705	1.62964	0.991535	10.0	0.259581	1.61645	0.76957	11.0	0.250777	1.62855	0.748267	12.0	-0.0461603	1.64619	0.792971	13.0	-0.123056	1.68604	0.478654	14.0	-0.127443	1.47129	0.177543	15.0	-0.100954	1.52872	0.0868369	16.0	0.110181	1.65591	0.80226	17.0	0.113895	1.65414	0.450381	18.0	0.0456465	1.54708	0.122974	19.0	0.0651266	1.63021	0.0628501	20.0	-0.0308182	1.63325	1.37399	21.0	-0.216256	1.79342	0.65699	22.0	-0.156257	1.76994	0.735659	23.0	0.245171	1.63398	0.688865	24.0	0.201575	1.65074	0.769327
39.367	0.0	0.0864578	1.64286	0.798116	1.0	0.0235407	1.64763	1.13149	2.0	-0.0466561	1.66903	1.45298	3.0	-0.00747283	1.68713	1.59472	4.0	-0.198918	1.69035	1.27948	5.0	-0.262744	1.69044	1.03202	6.0	-0.249315	1.76135	0.793308	7.0	-0.216545	1.76461	0.731992	8.0	0.12585	1.70763	1.27536	9.0	0.218138	1.66039	0.985148	10.0	0.266679	1.6292	0.766685	11.0	0.251061	1.65538	0.752018	12.0	-0.0263078	1.65659	0.790888	13.0	-0.11598	1.74458	0.489335	14.0	-0.0932135	1.56038	0.169376	15.0	-0.0797511	1.60584	0.0715589	16.0	0.140504	1.68134	0.81472	17.0	0.165677	1.67768	0.51225	18.0	0.0818259	1.57929	0.15826	19.0	0.058616	1.62804	0.0626451	20.0	-0.0271063	1.6611	1.37443	21.0	-0.214626	1.77362	0.645828	22.0	-0.157844	1.79223	0.759205	23.0	0.245426	1.65841	0.677082	24.0	0.190696	1.68183	0.746475
39.401	0.0	0.0546288	1.69313	0.786452	1.0	0.0111458	1.69762	1.12592	2.0	-0.043675	1.70588	1.45252	3.0	-0.0057353	1.71188	1.59376	4.0	-0.195333	1.72422	1.27899	5.0	-0.257223	1.70693	1.02601	6.0	-0.250065	1.7585	0.79361	7.0	-0.240585	1.75398	0.724953	8.0	0.124927	1.75483	1.26177	9.0	0.216958	1.70732	0.971575	10.0	0.272003	1.65152	0.761136	11.0	0.254475	1.68185	0.749932	12.0	-0.0539969	1.70714	0.789009	13.0	-0.110526	1.7845	0.4763	14.0	-0.111648	1.64106	0.132987	15.0	-0.138285	1.69349	0.0617898	16.0	0.102685	1.72858	0.79171	17.0	0.0222936	1.56309	0.420769	18.0	0.0615696	1.60267	0.0930547	19.0	0.0905205	1.65196	0.0435058	20.0	-0.0277119	1.70236	1.37283	21.0	-0.228941	1.75642	0.643097	22.0	-0.203465	1.78075	0.735108	23.0	0.24754	1.68479	0.677661	24.0	0.192157	1.69822	0.775783
39.433	0.0	0.0362029	1.71786	0.78893	1.0	0.00361941	1.71991	1.12629	2.0	-0.0424116	1.73746	1.45065	3.0	-0.00601318	1.74897	1.58579	4.0	-0.19241	1.75087	1.27701	5.0	-0.25387	1.72619	1.02019	6.0	-0.250292	1.7564	0.790678	7.0	-0.23872	1.74695	0.723508	8.0	0.128855	1.77244	1.2638	9.0	0.220794	1.72479	0.973561	10.0	0.265167	1.70391	0.728892	11.0	0.269174	1.70301	0.701123	12.0	-0.074838	1.73491	0.792862	13.0	-0.106586	1.8375	0.482932	14.0	-0.103875	1.72627	0.12687	15.0	-0.132313	1.79893	0.0654412	16.0	0.0863329	1.75025	0.792979	17.0	0.0285894	1.5828	0.421221	18.0	0.0183353	1.51284	0.105185	19.0	0.0602905	1.62213	0.0672953	20.0	-0.0291929	1.73084	1.37152	21.0	-0.231979	1.74109	0.636868	22.0	-0.20531	1.78133	0.741475	23.0	0.259214	1.7062	0.669836	24.0	0.239764	1.74515	0.702327
39.467	0.0	0.0238076	1.7318	0.785944	1.0	-0.00523005	1.74755	1.12283	2.0	-0.0434371	1.77591	1.44668	3.0	-0.00988725	1.78801	1.58237	4.0	-0.193179	1.78401	1.27368	5.0	-0.248141	1.75151	1.00797	6.0	-0.251186	1.75576	0.777325	7.0	-0.242912	1.74622	0.723225	8.0	0.131932	1.80944	1.26595	9.0	0.24319	1.74913	0.986864	10.0	0.274473	1.7374	0.761656	11.0	0.268049	1.74238	0.721538	12.0	-0.0841221	1.74341	0.791759	13.0	-0.102789	1.88524	0.497246	14.0	-0.113694	1.83613	0.15841	15.0	-0.112919	1.87889	0.0923032	16.0	0.0704581	1.77068	0.787636	17.0	0.0351028	1.60021	0.417238	18.0	0.0248568	1.53188	0.0974665	19.0	0.00509829	1.60432	0.0377012	20.0	-0.0322637	1.76723	1.36758	21.0	-0.235984	1.73609	0.636575	22.0	-0.206253	1.78445	0.74839	23.0	0.248571	1.75277	0.677369	24.0	0.238263	1.78989	0.740579
39.5	0.0	-0.0239425	1.76736	0.792586	1.0	-0.025292	1.78446	1.12209	2.0	-0.0425693	1.81052	1.43947	3.0	-0.00920034	1.82512	1.57234	4.0	-0.191333	1.81737	1.26846	5.0	-0.247481	1.7728	0.996889	6.0	-0.252583	1.756	0.767706	7.0	-0.252308	1.75001	0.715487	8.0	0.135703	1.83418	1.26735	9.0	0.249193	1.7725	0.989662	10.0	0.275469	1.76745	0.763045	11.0	0.270037	1.77967	0.71955	12.0	-0.136806	1.7834	0.80326	13.0	-0.103042	1.91148	0.51106	14.0	-0.121078	1.92808	0.173444	15.0	-0.1213	1.98865	0.114699	16.0	0.0281434	1.80051	0.789934	17.0	0.0351958	1.61994	0.428367	18.0	0.0307623	1.54616	0.0984902	19.0	0.0275302	1.62737	0.0488952	20.0	-0.0358884	1.80147	1.36204	21.0	-0.232768	1.73047	0.628847	22.0	-0.207262	1.76949	0.725236	23.0	0.257071	1.78843	0.665919	24.0	0.236025	1.82477	0.744472
39.533	0.0	-0.0307613	1.78938	0.780614	1.0	-0.0328601	1.81628	1.11114	2.0	-0.0474451	1.8539	1.42886	3.0	-0.0128495	1.873	1.55805	4.0	-0.194133	1.85341	1.25916	5.0	-0.251747	1.79637	0.986661	6.0	-0.255652	1.77119	0.758676	7.0	-0.258982	1.76442	0.709148	8.0	0.111333	1.89108	1.25061	9.0	0.244076	1.82338	0.986915	10.0	0.276748	1.80805	0.762289	11.0	0.269472	1.81945	0.729294	12.0	-0.141546	1.79817	0.796542	13.0	-0.102444	1.93019	0.512019	14.0	-0.139372	2.01191	0.142499	15.0	-0.177331	2.12432	0.109313	16.0	0.0185166	1.83077	0.77196	17.0	0.0443134	1.64219	0.418579	18.0	0.0316925	1.5511	0.102706	19.0	0.0476902	1.62204	0.0544739	20.0	-0.0419889	1.84369	1.35106	21.0	-0.238595	1.74287	0.624336	22.0	-0.218357	1.79256	0.709376	23.0	0.256074	1.82515	0.666616	24.0	0.23577	1.86166	0.731666
39.567	0.0	-0.0362665	1.82222	0.768046	1.0	-0.0375765	1.8538	1.09994	2.0	-0.0512745	1.89296	1.41882	3.0	-0.0164094	1.90989	1.54761	4.0	-0.198189	1.89259	1.24761	5.0	-0.26097	1.82993	0.977436	6.0	-0.265242	1.79822	0.750545	7.0	-0.265939	1.78653	0.701287	8.0	0.0976823	1.93155	1.23957	9.0	0.234945	1.86926	0.975007	10.0	0.27598	1.84858	0.752891	11.0	0.267161	1.86211	0.717742	12.0	-0.148	1.82901	0.785222	13.0	-0.0945123	1.99169	0.464116	14.0	-0.155428	2.07109	0.140715	15.0	-0.194066	2.18217	0.109427	16.0	0.0140446	1.86231	0.760366	17.0	0.0398156	1.67397	0.406886	18.0	0.0316715	1.55449	0.104489	19.0	0.0741919	1.62911	0.053845	20.0	-0.045783	1.88126	1.34113	21.0	-0.246387	1.75543	0.617168	22.0	-0.220791	1.80864	0.719226	23.0	0.254644	1.86589	0.658812	24.0	0.231952	1.91069	0.708831
39.6	0.0	-0.0495412	1.85735	0.750039	1.0	-0.0457013	1.8897	1.08603	2.0	-0.05527	1.93189	1.40758	3.0	-0.0219672	1.95614	1.5312	4.0	-0.202618	1.93239	1.23656	5.0	-0.261546	1.86119	0.960565	6.0	-0.272486	1.82703	0.734124	7.0	-0.27226	1.81662	0.691079	8.0	0.0810523	1.98267	1.20723	9.0	0.228538	1.91009	0.95905	10.0	0.276436	1.88734	0.73907	11.0	0.265298	1.90291	0.713726	12.0	-0.161908	1.85775	0.770877	13.0	-0.0949049	1.99479	0.464477	14.0	-0.145671	2.09091	0.12723	15.0	-0.188785	2.20092	0.0961368	16.0	0.000703521	1.90585	0.738479	17.0	0.0406644	1.68304	0.412127	18.0	0.0320448	1.55842	0.103998	19.0	0.0742172	1.62906	0.0537414	20.0	-0.0508599	1.9203	1.32901	21.0	-0.255216	1.7901	0.604151	22.0	-0.232659	1.84219	0.712681	23.0	0.254329	1.91012	0.650118	24.0	0.227435	1.94848	0.721556
39.633	0.0	-0.0535435	1.90073	0.739832	1.0	-0.05098	1.93543	1.07442	2.0	-0.0616339	1.97685	1.3954	3.0	-0.0283839	1.99742	1.51964	4.0	-0.212174	1.97408	1.22414	5.0	-0.268836	1.90272	0.952027	6.0	-0.281546	1.86945	0.725404	7.0	-0.282712	1.84751	0.661862	8.0	0.106182	2.00683	1.24791	9.0	0.211279	1.9572	0.963126	10.0	0.262313	1.95665	0.658458	11.0	0.259116	1.94914	0.638046	12.0	-0.163124	1.90093	0.756543	13.0	-0.0953426	2.06036	0.494414	14.0	-0.159099	2.12747	0.125317	15.0	-0.204902	2.22999	0.0996748	16.0	-0.00649335	1.94587	0.733768	17.0	0.036074	1.7064	0.421248	18.0	0.031947	1.56352	0.104061	19.0	0.0712048	1.62867	0.0555192	20.0	-0.0568168	1.96488	1.31718	21.0	-0.266457	1.82787	0.593127	22.0	-0.248986	1.87778	0.667564	23.0	0.250908	1.93837	0.637162	24.0	0.225938	1.9755	0.641076
39.667	0.0	-0.0661329	1.93049	0.722417	1.0	-0.0595534	1.96546	1.0631	2.0	-0.067348	2.01009	1.38876	3.0	-0.0336445	2.04393	1.50945	4.0	-0.215097	2.01367	1.21706	5.0	-0.277272	1.9485	0.952164	6.0	-0.290657	1.91682	0.725146	7.0	-0.295505	1.89551	0.657331	8.0	0.0524743	2.07533	1.17561	9.0	0.203669	1.99701	0.925927	10.0	0.266873	1.96309	0.659247	11.0	0.264499	1.96727	0.644453	12.0	-0.178582	1.92502	0.742685	13.0	-0.0979709	2.09074	0.489639	14.0	0.029323	2.26479	0.181044	15.0	-0.0195841	2.37222	0.143909	16.0	-0.0166501	1.98297	0.71285	17.0	0.0325877	1.74764	0.422733	18.0	0.0311435	1.56751	0.104372	19.0	0.072039	1.63066	0.0561696	20.0	-0.0632772	1.99773	1.30929	21.0	-0.285473	1.87763	0.587801	22.0	-0.25229	1.91719	0.65559	23.0	0.263417	1.99169	0.625521	24.0	0.231823	2.01023	0.637906
39.7	0.0	-0.0706195	1.96882	0.721987	1.0	-0.0660329	2.00591	1.06128	2.0	-0.0752805	2.0495	1.38611	3.0	-0.0434125	2.0702	1.51075	4.0	-0.212635	2.05585	1.21252	5.0	-0.292272	1.99274	0.948362	6.0	-0.307909	1.97197	0.719612	7.0	-0.309388	1.95613	0.672924	8.0	0.026286	2.09988	1.24217	9.0	-0.0300769	2.12416	0.946198	10.0	0.197771	2.02062	0.785403	11.0	0.254834	1.98703	0.735134	12.0	-0.181139	1.96257	0.733433	13.0	-0.0930352	2.10235	0.472574	14.0	0.0440514	2.24539	0.15443	15.0	0.000715864	2.35326	0.117093	16.0	-0.0240605	2.02071	0.722354	17.0	0.0320912	1.77422	0.419529	18.0	0.0286299	1.5802	0.105237	19.0	0.0725443	1.64418	0.0571837	20.0	-0.0707822	2.03729	1.30692	21.0	-0.299676	1.93892	0.587285	22.0	-0.274005	1.97674	0.701124	23.0	0.281219	1.97794	0.664633	24.0	0.212376	2.01995	0.737044
39.92	0.0	-0.0917158	2.02515	0.689931	1.0	-0.0921328	2.1039	1.07615	2.0	-0.107025	2.18718	1.44408	3.0	-0.0737108	2.20761	1.57336	4.0	-0.249818	2.20155	1.22758	5.0	-0.306012	2.26553	0.969091	6.0	-0.216105	2.25626	0.703975	7.0	-0.195223	2.21008	0.644017	8.0	-0.00446885	2.23231	1.2999	9.0	-0.233198	2.2633	1.06957	10.0	-0.0793096	2.16739	0.826546	11.0	-0.0243439	2.13337	0.745987	12.0	-0.20953	2.00599	0.679348	13.0	-0.0923327	2.22376	0.408128	14.0	0.0317547	2.40032	0.164038	15.0	-0.00531928	2.50181	0.126744	16.0	-0.0316161	2.09641	0.694689	17.0	0.0529037	1.93437	0.343173	18.0	0.00399263	1.8599	0.0819284	19.0	0.0635	1.88964	0.0832129	20.0	-0.101317	2.16252	1.35273	21.0	-0.184219	2.23965	0.543206	22.0	-0.225009	2.17047	0.650702	23.0	-0.0274878	2.13772	0.744572	24.0	-0.0482876	2.14613	0.750539
39.946	0.0	-0.0755405	2.0611	0.55191	1.0	-0.120752	2.07434	0.840766	2.0	-0.179512	2.097	1.12032	3.0	-0.184883	2.14282	1.23553	4.0	-0.323648	2.11371	0.905124	5.0	-0.260161	2.34451	0.906323	6.0	-0.187503	2.2513	0.623997	7.0	-0.175071	2.20764	0.537755	8.0	-0.0774692	2.14322	0.977376	9.0	-0.321953	2.27956	0.978873	10.0	-0.0940146	2.17621	0.817372	11.0	-0.0143624	2.13957	0.763682	12.0	-0.202003	2.02056	0.546206	13.0	-0.019748	2.31104	0.414349	14.0	0.161495	2.55234	0.291122	15.0	0.118348	2.65389	0.257435	16.0	-0.01362	2.14253	0.577111	17.0	0.0626263	1.97977	0.2528	18.0	0.00994199	1.81008	0.0444954	19.0	0.00397089	1.93405	0.120177	20.0	-0.162585	2.08979	1.05183	21.0	-0.162396	2.19222	0.447134	22.0	-0.186684	2.17597	0.553733	23.0	-0.0175523	2.14387	0.762152	24.0	-0.0384117	2.15222	0.76797
39.968	0.0	-0.0650148	2.06592	0.52387	1.0	-0.121764	2.10211	0.817249	2.0	-0.184525	2.14601	1.0887	3.0	-0.188902	2.1931	1.20296	4.0	-0.3288	2.16271	0.873341	5.0	-0.228157	2.27503	1.04981	6.0	-0.141599	2.23002	0.768244	7.0	-0.206074	2.21862	0.676352	8.0	-0.0827165	2.19221	0.945808	9.0	-0.287725	2.25914	1.06349	10.0	-0.14967	2.10252	1.00747	11.0	-0.174165	2.11017	0.95006	12.0	-0.217889	2.0722	0.50731	13.0	0.0434147	2.27228	0.388132	14.0	0.296253	2.43292	0.274714	15.0	0.255533	2.53446	0.236861	16.0	0.0357702	2.09623	0.553659	17.0	0.056895	2.02858	0.221388	18.0	0.0041278	1.85857	0.0133537	19.0	-0.0673246	1.96831	0.0985933	20.0	-0.167364	2.13414	1.02048	21.0	-0.204106	2.22208	0.627634	22.0	-0.234748	2.19995	0.725272	23.0	-0.184445	2.11284	0.950247	24.0	-0.198605	2.11928	0.952946
40.0	0.0	-0.0561281	2.0937	0.572978	1.0	-0.109437	2.1207	0.847688	2.0	-0.174381	2.1599	1.11799	3.0	-0.178647	2.2077	1.23337	4.0	-0.318498	2.17648	0.902622	5.0	-0.18716	2.22566	1.07908	6.0	-0.105289	2.18785	0.795899	7.0	-0.196182	2.16423	0.731387	8.0	-0.0725659	2.20597	0.974954	9.0	-0.322438	2.30174	1.13176	10.0	-0.193821	2.16319	1.02206	11.0	-0.198675	2.1642	0.967748	12.0	-0.173799	2.03177	0.573247	13.0	-0.0268014	2.31487	0.388843	14.0	0.12356	2.55003	0.21973	15.0	0.0827974	2.65053	0.18513	16.0	-0.00408769	2.19528	0.591385	17.0	0.0671963	2.04206	0.250159	18.0	0.0143267	1.87194	0.0418875	19.0	-0.0624355	1.9823	0.122141	20.0	-0.155627	2.14923	1.0525	21.0	-0.196157	2.17532	0.69177	22.0	-0.226353	2.18723	0.747812	23.0	-0.190222	2.1458	0.926904	24.0	-0.190719	2.14928	1.01406
40.033	0.0	6.93847e-310	6.93846e-310	6.93846e-310	1.0	6.93846e-310	6.93846e-310	6.93846e-310	2.0	6.93846e-310	6.93846e-310	6.93846e-310	3.0	6.93846e-310	6.93846e-310	6.93846e-310	4.0	nan	6.93846e-310	6.93846e-310	5.0	6.93847e-310	6.93846e-310	6.93846e-310	6.0	2.122e-314	6.93846e-310	6.93846e-310	7.0	1.061e-312	6.93846e-310	6.93846e-310	8.0	0.0	6.93846e-310	6.93846e-310	9.0	0.0	6.93846e-310	6.93846e-310	10.0	2.3342e-312	6.93846e-310	6.93846e-310	11.0	0.0	6.93846e-310	6.93846e-310	12.0	0.0	6.93846e-310	6.93846e-310	13.0	2.63127e-312	6.93846e-310	6.93846e-310	14.0	6.93846e-310	6.93846e-310	6.93846e-310	15.0	6.93846e-310	6.93846e-310	6.93846e-310	16.0	6.93846e-310	6.93846e-310	6.93846e-310	17.0	6.93846e-310	6.93846e-310	6.93846e-310	18.0	1.6e-322	6.93846e-310	6.93846e-310	19.0	6.93846e-310	6.93846e-310	6.93846e-310	20.0	6.93846e-310	6.93846e-310	6.93846e-310	21.0	0.0	6.93846e-310	6.93846e-310	22.0	7.1e-322	6.93846e-310	6.93846e-310	23.0	6.93846e-310	6.93846e-310	6.93846e-310	24.0	6.93846e-310	6.93846e-310	6.93846e-310
40.067	0.0	3.95e-322	6.93846e-310	6.93846e-310	1.0	6.93847e-310	6.93846e-310	6.93846e-310	2.0	6.93847e-310	6.93846e-310	6.93846e-310	3.0	0.0	6.93846e-310	6.93846e-310	4.0	6.9385e-310	6.93846e-310	6.93846e-310	5.0	nan	6.93846e-310	6.93846e-310	6.0	5e-324	6.93846e-310	6.93846e-310	7.0	6.93847e-310	6.93846e-310	6.93846e-310	8.0	6.93847e-310	6.93846e-310	6.93846e-310	9.0	6.93847e-310	6.93846e-310	6.93846e-310	10.0	6.93847e-310	6.93846e-310	6.93846e-310	11.0	6.9385e-310	6.93846e-310	6.93846e-310	12.0	0.0	6.93846e-310	6.93846e-310	13.0	6.93847e-310	6.93846e-310	6.93846e-310	14.0	0.0	6.93846e-310	6.93846e-310	15.0	0.0	6.93846e-310	6.93846e-310	16.0	5e-323	6.93846e-310	6.93846e-310	17.0	0.0	6.93846e-310	6.93846e-310	18.0	6.93847e-310	6.93846e-310	6.93846e-310	19.0	6.9385e-310	6.93846e-310	6.93846e-310	20.0	7.29112e-304	6.93846e-310	6.93846e-310	21.0	6.93847e-310	6.93846e-310	6.93846e-310	22.0	6.93847e-310	6.93846e-310	6.93846e-310	23.0	6.9385e-310	6.93846e-310	6.93846e-310	24.0	6.36599e-314	6.93846e-310	6.93846e-310
40.1	0.0	6.9385e-310	6.93846e-310	6.93846e-310	1.0	6.37428e-314	6.93846e-310	6.93846e-310	2.0	8.48798e-314	6.93846e-310	6.93846e-310	3.0	6.93847e-310	6.93846e-310	6.93846e-310	4.0	1.65781e-317	6.93846e-310	6.93846e-310	5.0	6.93847e-310	6.93846e-310	6.93846e-310	6.0	6.93846e-310	6.93846e-310	6.93846e-310	7.0	7e-323	6.93846e-310	6.93846e-310	8.0	6.93847e-310	6.93846e-310	6.93846e-310	9.0	3.5e-323	6.93846e-310	6.93846e-310	10.0	1.84924e-314	6.93846e-310	6.93846e-310	11.0	6.9385e-310	6.93846e-310	6.93846e-310	12.0	6.93847e-310	6.93846e-310	6.93846e-310	13.0	6.9385e-310	6.93846e-310	6.93846e-310	14.0	3e-323	6.93846e-310	6.93846e-310	15.0	5e-324	6.93846e-310	6.93846e-310	16.0	5e-324	6.93846e-310	6.93846e-310	17.0	6.9385e-310	6.93846e-310	6.93846e-310	18.0	6.93847e-310	6.93846e-310	6.93846e-310	19.0	5e-324	6.93846e-310	6.93846e-310	20.0	6.93847e-310	6.93846e-310	6.93846e-310	21.0	5e-324	6.93846e-310	6.93846e-310	22.0	5e-324	6.93846e-310	6.93846e-310	23.0	6.93846e-310	6.93846e-310	6.93846e-310	24.0	6.93846e-310	6.93846e-310	6.93846e-310
40.133	0.0	6.93847e-310	6.93846e-310	6.93846e-310	1.0	2.5e-323	6.93846e-310	6.93846e-310	2.0	3e-323	6.93846e-310	6.93846e-310	3.0	6.93847e-310	6.93846e-310	6.93846e-310	4.0	6.93847e-310	6.93846e-310	6.93846e-310	5.0	6.93847e-310	6.93846e-310	6.93846e-310	6.0	6.93847e-310	6.93846e-310	6.93846e-310	7.0	6.9385e-310	6.93846e-310	6.93846e-310	8.0	6.93846e-310	6.93846e-310	6.93846e-310	9.0	6.93846e-310	6.93846e-310	6.93846e-310	10.0	6.93846e-310	6.93846e-310	6.93846e-310	11.0	6.93846e-310	6.93846e-310	6.93846e-310	12.0	2.5e-323	6.93846e-310	6.93846e-310	13.0	2.5e-323	6.93846e-310	6.93846e-310	14.0	3e-323	6.93846e-310	6.93846e-310	15.0	6.93847e-310	6.93846e-310	6.93846e-310	16.0	6.93847e-310	6.93846e-310	6.93846e-310	17.0	2.12469e-317	6.93846e-310	6.93846e-310	18.0	6.93846e-310	6.93846e-310	6.93846e-310	19.0	40.133	6.93846e-310	6.93846e-310	20.0	6.93846e-310	6.93846e-310	6.93846e-310	21.0	6.93846e-310	6.93846e-310	6.93846e-310	22.0	6.93846e-310	6.93846e-310	6.93846e-310	23.0	4.82512e-224	6.93846e-310	6.93846e-310	24.0	4.25e-322	6.93846e-310	6.93846e-310
