59.31	0.0	0.0950421	-1.33484	0.836115	1.0	0.0930582	-1.35139	1.12503	2.0	0.094421	-1.35648	1.40947	3.0	0.0981905	-1.35296	1.55102	4.0	-0.0558184	-1.27951	1.29329	5.0	-0.134084	-1.26054	1.07783	6.0	-0.110998	-1.16256	0.882217	7.0	-0.0931911	-1.1063	0.810648	8.0	0.255877	-1.35626	1.28909	9.0	0.329808	-1.36199	1.09872	10.0	0.350983	-1.29382	0.857437	11.0	0.339418	-1.27599	0.779896	12.0	0.0347059	-1.2828	0.838709	13.0	0.177918	-1.18328	0.4922	14.0	0.149927	-1.16426	0.163805	15.0	0.189124	-1.09685	0.0841716	16.0	0.17547	-1.31911	0.83678	17.0	0.174398	-1.17761	0.491581	18.0	0.163737	-1.16995	0.1667	19.0	0.169407	-1.08863	0.088793	20.0	0.0934444	-1.35738	1.33898	21.0	-0.0840932	-1.08109	0.76183	22.0	-0.0508556	-1.07875	0.818743	23.0	0.325369	-1.27753	0.704222	24.0	0.317219	-1.24013	0.76741
59.344	0.0	0.102132	-1.32215	0.830653	1.0	0.095586	-1.33053	1.11884	2.0	0.090251	-1.32307	1.40212	3.0	0.104434	-1.32	1.54163	4.0	-0.0591589	-1.25883	1.2909	5.0	-0.122873	-1.23815	1.07655	6.0	-0.119429	-1.14226	0.88228	7.0	-0.0999449	-1.09718	0.812085	8.0	0.254689	-1.34077	1.28182	9.0	0.330867	-1.34691	1.08832	10.0	0.358051	-1.26369	0.85236	11.0	0.342001	-1.23458	0.759068	12.0	0.0424153	-1.26864	0.834172	13.0	0.0106525	-1.32207	0.53927	14.0	0.149329	-1.16693	0.170546	15.0	0.185957	-1.03204	0.129531	16.0	0.181902	-1.30794	0.830521	17.0	0.189976	-1.15482	0.540871	18.0	0.164419	-1.17011	0.168451	19.0	0.167945	-1.08598	0.0912692	20.0	0.091226	-1.32752	1.33193	21.0	-0.067475	-1.06877	0.763333	22.0	-0.0521008	-1.06692	0.778539	23.0	0.333701	-1.22433	0.700061	24.0	0.353052	-1.18957	0.763194
59.378	0.0	0.114049	-1.29406	0.822087	1.0	0.104326	-1.30381	1.11697	2.0	0.097397	-1.30191	1.40621	3.0	0.109007	-1.29365	1.54715	4.0	-0.0495897	-1.22622	1.29737	5.0	-0.124519	-1.18422	1.06438	6.0	-0.11082	-1.10496	0.878129	7.0	-0.0895406	-1.07042	0.808875	8.0	0.252109	-1.31153	1.27135	9.0	0.330776	-1.3118	1.05424	10.0	0.367109	-1.22963	0.848643	11.0	0.344523	-1.2078	0.771226	12.0	0.0527371	-1.24342	0.830164	13.0	0.0267929	-1.28219	0.506021	14.0	0.154828	-1.16254	0.163167	15.0	0.194225	-1.02865	0.122844	16.0	0.195641	-1.27626	0.816872	17.0	0.190766	-1.15221	0.542255	18.0	0.167789	-1.16808	0.169286	19.0	0.165716	-1.08516	0.0924922	20.0	0.0985693	-1.30467	1.33467	21.0	-0.0603129	-1.06632	0.756201	22.0	-0.0452035	-1.05815	0.753637	23.0	0.347986	-1.17874	0.702664	24.0	0.304817	-1.20099	0.795042
59.41	0.0	0.122984	-1.27749	0.820457	1.0	0.102319	-1.28105	1.11754	2.0	0.0803152	-1.26611	1.41084	3.0	0.106971	-1.27095	1.54892	4.0	-0.0479922	-1.20049	1.30171	5.0	-0.12469	-1.17142	1.06623	6.0	-0.105273	-1.08332	0.872055	7.0	-0.0931123	-1.05947	0.795326	8.0	0.250169	-1.28878	1.27044	9.0	0.320923	-1.29977	1.06762	10.0	0.367186	-1.20171	0.829953	11.0	0.354348	-1.17889	0.778051	12.0	0.0640306	-1.22244	0.829406	13.0	0.0927089	-1.22087	0.512195	14.0	0.160471	-1.16348	0.165281	15.0	0.201053	-1.03019	0.124601	16.0	0.202293	-1.2637	0.815044	17.0	0.192312	-1.14932	0.544021	18.0	0.171257	-1.16729	0.169205	19.0	0.165946	-1.08804	0.0909901	20.0	0.0858816	-1.27255	1.33799	21.0	-0.0796173	-1.03708	0.741522	22.0	-0.0542002	-1.04484	0.779905	23.0	0.368975	-1.16192	0.710698	24.0	0.351567	-1.13263	0.75681
59.443	0.0	0.131347	-1.2555	0.831575	1.0	0.108311	-1.25021	1.12914	2.0	0.0869925	-1.23545	1.42057	3.0	0.112849	-1.23069	1.56343	4.0	-0.0549743	-1.16927	1.30795	5.0	-0.122179	-1.13089	1.07022	6.0	-0.0996265	-1.06034	0.876957	7.0	-0.0871191	-1.0277	0.802718	8.0	0.250672	-1.2637	1.26962	9.0	0.316756	-1.26518	1.05675	10.0	0.362818	-1.19229	0.847145	11.0	0.360394	-1.15551	0.781024	12.0	0.0723493	-1.20139	0.841668	13.0	0.0893827	-1.2047	0.518024	14.0	0.160986	-1.16278	0.165032	15.0	0.202867	-1.02977	0.123963	16.0	0.210478	-1.24104	0.824805	17.0	0.193485	-1.13605	0.542347	18.0	0.172535	-1.16681	0.169074	19.0	0.171597	-1.09103	0.0882139	20.0	0.0918186	-1.24111	1.34843	21.0	-0.0694047	-1.02517	0.748421	22.0	-0.0552967	-1.01937	0.749499	23.0	0.380822	-1.14298	0.721974	24.0	0.357782	-1.10841	0.785322
59.477	0.0	0.131935	-1.24125	0.836391	1.0	0.108909	-1.23877	1.13211	2.0	0.0886661	-1.22442	1.42286	3.0	0.111686	-1.2234	1.56384	4.0	-0.0574955	-1.1624	1.30972	5.0	-0.12223	-1.12481	1.07222	6.0	-0.0926767	-1.03232	0.877708	7.0	-0.0839644	-1.0132	0.805432	8.0	0.253267	-1.24541	1.27436	9.0	0.319399	-1.25291	1.05724	10.0	0.356703	-1.17778	0.848162	11.0	0.363257	-1.13658	0.786769	12.0	0.072195	-1.19089	0.845485	13.0	0.0484664	-1.1903	0.525191	14.0	0.165256	-1.1627	0.166955	15.0	0.203178	-1.02815	0.12583	16.0	0.212122	-1.22225	0.830756	17.0	0.186354	-1.1328	0.515759	18.0	0.174908	-1.16649	0.171036	19.0	0.168143	-1.0914	0.0904309	20.0	0.093116	-1.2302	1.35084	21.0	-0.0832787	-1.01388	0.745452	22.0	-0.052061	-0.98112	0.803682	23.0	0.374636	-1.09869	0.724466	24.0	0.394427	-1.10421	0.795593
59.51	0.0	0.124389	-1.2235	0.82932	1.0	0.106108	-1.21791	1.13251	2.0	0.0919024	-1.1967	1.43227	3.0	0.108794	-1.18479	1.5709	4.0	-0.0604324	-1.1413	1.31467	5.0	-0.118995	-1.10097	1.07555	6.0	-0.0965708	-0.997827	0.872411	7.0	-0.0791372	-0.977316	0.812588	8.0	0.257789	-1.2043	1.29148	9.0	0.326573	-1.22011	1.06781	10.0	0.364583	-1.14711	0.870216	11.0	0.362312	-1.11082	0.812336	12.0	0.06367	-1.17767	0.837877	13.0	0.0867742	-1.13884	0.52798	14.0	0.162272	-1.15711	0.155248	15.0	0.174589	-1.09016	0.0695495	16.0	0.205907	-1.19934	0.824436	17.0	0.170876	-1.12921	0.502768	18.0	0.176	-1.1647	0.167632	19.0	0.167442	-1.09174	0.0860184	20.0	0.0945735	-1.20459	1.35768	21.0	-0.0868809	-0.958961	0.745501	22.0	-0.0417228	-0.965157	0.791193	23.0	0.381423	-1.06901	0.740496	24.0	0.402476	-1.0679	0.806169
59.543	0.0	0.123143	-1.19814	0.835316	1.0	0.103731	-1.19237	1.13617	2.0	0.0886282	-1.1762	1.43252	3.0	0.101535	-1.17535	1.5654	4.0	-0.0623228	-1.12932	1.31403	5.0	-0.117204	-1.07587	1.08018	6.0	-0.0945982	-0.986665	0.879833	7.0	-0.0781068	-0.950363	0.818052	8.0	0.256449	-1.18793	1.29254	9.0	0.330862	-1.20198	1.07289	10.0	0.367833	-1.13582	0.872856	11.0	0.353396	-1.10642	0.808546	12.0	0.0624286	-1.14848	0.842448	13.0	0.0605585	-1.13444	0.532578	14.0	0.162625	-1.15689	0.155614	15.0	0.19184	-1.01986	0.113812	16.0	0.204668	-1.17865	0.8313	17.0	0.170729	-1.1267	0.503264	18.0	0.176596	-1.16427	0.167543	19.0	0.168504	-1.09695	0.0833543	20.0	0.0915784	-1.18241	1.35895	21.0	-0.0673714	-0.936945	0.766345	22.0	-0.0438146	-0.938643	0.792208	23.0	0.373693	-1.0576	0.761018	24.0	0.397266	-1.06287	0.821157
59.577	0.0	0.123089	-1.18441	0.83486	1.0	0.102977	-1.17801	1.13683	2.0	0.0868506	-1.15971	1.43415	3.0	0.0911583	-1.14906	1.563	4.0	-0.0698085	-1.10647	1.3101	5.0	-0.113869	-1.05872	1.0806	6.0	-0.0912964	-0.971665	0.898777	7.0	-0.0714333	-0.929789	0.817113	8.0	0.256152	-1.16022	1.29533	9.0	0.338536	-1.16519	1.06863	10.0	0.3701	-1.11253	0.878222	11.0	0.363518	-1.08728	0.803766	12.0	0.0629185	-1.1337	0.840501	13.0	0.052819	-1.12374	0.510707	14.0	0.161358	-1.15745	0.153647	15.0	0.188321	-1.02071	0.111992	16.0	0.20415	-1.16574	0.832426	17.0	0.169181	-1.1197	0.503278	18.0	0.17657	-1.16427	0.167328	19.0	0.16447	-1.09296	0.0862868	20.0	0.0901298	-1.1665	1.36043	21.0	-0.0658821	-0.913039	0.775769	22.0	-0.0307262	-0.889935	0.827045	23.0	0.38031	-1.05205	0.733284	24.0	0.407574	-1.04805	0.818017
59.61	0.0	0.118365	-1.16715	0.840579	1.0	0.0983465	-1.16152	1.13996	2.0	0.0822533	-1.14402	1.43471	3.0	0.0882301	-1.14005	1.56549	4.0	-0.0722562	-1.09841	1.31234	5.0	-0.115224	-1.05609	1.08113	6.0	-0.0894685	-0.95026	0.908163	7.0	-0.0766762	-0.920196	0.838044	8.0	0.258616	-1.14752	1.30005	9.0	0.3394	-1.16167	1.06836	10.0	0.376411	-1.09114	0.874884	11.0	0.370621	-1.07977	0.802842	12.0	0.0592654	-1.12335	0.840599	13.0	0.0493531	-1.1121	0.505561	14.0	0.146608	-1.16993	0.159479	15.0	0.13141	-1.12885	0.0716007	16.0	0.198269	-1.13884	0.847103	17.0	0.171239	-1.11603	0.501259	18.0	0.177908	-1.16549	0.167959	19.0	0.16168	-1.10185	0.0849153	20.0	0.0855444	-1.15062	1.36166	21.0	-0.0581992	-0.899683	0.790795	22.0	-0.0424513	-0.908189	0.813314	23.0	0.385207	-1.06654	0.748009	24.0	0.409187	-1.04513	0.829531
59.643	0.0	0.115031	-1.15019	0.839981	1.0	0.0960695	-1.14494	1.14238	2.0	0.0809956	-1.1276	1.43992	3.0	0.0821455	-1.12242	1.56147	4.0	-0.0780389	-1.08672	1.31128	5.0	-0.120454	-1.04722	1.08232	6.0	-0.0914272	-0.938034	0.910023	7.0	-0.0808792	-0.89642	0.852519	8.0	0.257794	-1.1297	1.30104	9.0	0.340107	-1.13617	1.07394	10.0	0.37696	-1.08875	0.87615	11.0	0.371026	-1.06149	0.805296	12.0	0.0545653	-1.10856	0.838121	13.0	0.0462286	-1.07755	0.496292	14.0	0.131736	-1.18074	0.163066	15.0	0.117318	-1.13273	0.0757614	16.0	0.196841	-1.12263	0.846691	17.0	0.176376	-1.10733	0.496592	18.0	0.172605	-1.16899	0.170129	19.0	0.145993	-1.11727	0.0873727	20.0	0.0840349	-1.13416	1.3662	21.0	-0.0671093	-0.878767	0.794982	22.0	-0.0935362	-0.89762	0.842969	23.0	0.37808	-1.05124	0.739763	24.0	0.412762	-1.03041	0.801661
59.677	0.0	0.117522	-1.12255	0.843665	1.0	0.0976919	-1.12337	1.14786	2.0	0.0819398	-1.11157	1.4465	3.0	0.0821831	-1.07532	1.58498	4.0	-0.0789026	-1.06793	1.30966	5.0	-0.125937	-1.03307	1.10494	6.0	-0.091661	-0.921186	0.915331	7.0	-0.0758778	-0.868253	0.838466	8.0	0.254436	-1.10513	1.30527	9.0	0.346721	-1.10282	1.07755	10.0	0.380258	-1.0436	0.871576	11.0	0.377509	-1.03013	0.803617	12.0	0.0549273	-1.08361	0.840318	13.0	0.0435966	-1.04315	0.48974	14.0	0.108107	-1.16967	0.158445	15.0	0.0747021	-1.12172	0.0807703	16.0	0.201675	-1.09199	0.850844	17.0	0.187347	-1.0946	0.491037	18.0	0.171117	-1.16874	0.167218	19.0	0.129737	-1.11973	0.093966	20.0	0.0851347	-1.11682	1.37258	21.0	-0.0659813	-0.848722	0.795051	22.0	-0.049254	-0.853215	0.812325	23.0	0.380162	-0.99951	0.732274	24.0	0.412892	-1.02032	0.789128
59.71	0.0	0.116164	-1.10283	0.850208	1.0	0.0999429	-1.08912	1.15274	2.0	0.0893144	-1.06088	1.44853	3.0	0.0779261	-1.05301	1.58302	4.0	-0.0734436	-1.03818	1.30864	5.0	-0.121381	-1.00514	1.09399	6.0	-0.0995135	-0.897978	0.911469	7.0	-0.0816318	-0.845233	0.833921	8.0	0.25858	-1.07071	1.30912	9.0	0.348962	-1.07026	1.06179	10.0	0.385498	-1.01486	0.871635	11.0	0.383466	-1.01101	0.79902	12.0	0.0538676	-1.06336	0.845556	13.0	0.0418175	-1.00226	0.491106	14.0	0.089126	-1.12971	0.160509	15.0	0.0705023	-1.04981	0.0879945	16.0	0.199976	-1.07299	0.858259	17.0	0.194688	-1.08605	0.491215	18.0	0.169937	-1.16423	0.163623	19.0	0.13514	-1.10627	0.0883221	20.0	0.0912178	-1.06949	1.37547	21.0	-0.0707153	-0.83351	0.805869	22.0	-0.0769021	-0.851429	0.784836	23.0	0.390157	-0.988974	0.743255	24.0	0.417023	-1.00864	0.781321
59.743	0.0	0.109851	-1.08851	0.852728	1.0	0.0972896	-1.08127	1.15496	2.0	0.0884855	-1.05844	1.45052	3.0	0.0794557	-1.04424	1.58677	4.0	-0.0737429	-1.02706	1.31537	5.0	-0.123939	-1.00289	1.09179	6.0	-0.105629	-0.896821	0.918294	7.0	-0.0955154	-0.851106	0.837568	8.0	0.258945	-1.06112	1.31188	9.0	0.343437	-1.05126	1.07385	10.0	0.38654	-0.9941	0.877193	11.0	0.380969	-0.989153	0.801684	12.0	0.0472834	-1.048	0.851052	13.0	0.0357625	-0.972174	0.505579	14.0	0.0528535	-1.08336	0.171244	15.0	0.0739231	-0.947463	0.129646	16.0	0.193868	-1.05926	0.857995	17.0	0.195808	-1.08341	0.491959	18.0	0.170313	-1.16318	0.163101	19.0	0.141334	-1.10656	0.0842207	20.0	0.090105	-1.06637	1.37742	21.0	-0.095036	-0.832946	0.802348	22.0	-0.10972	-0.851817	0.818316	23.0	0.380299	-0.984669	0.742936	24.0	0.39407	-1.01574	0.758049
59.777	0.0	0.0999806	-1.06188	0.859495	1.0	0.0907687	-1.06143	1.16064	2.0	0.0851548	-1.04783	1.45538	3.0	0.0745294	-1.0214	1.59394	4.0	-0.0821263	-1.0125	1.3189	5.0	-0.130916	-0.988817	1.08938	6.0	-0.111788	-0.889244	0.911687	7.0	-0.107953	-0.838191	0.837824	8.0	0.25308	-1.03238	1.32445	9.0	0.336534	-1.03484	1.07673	10.0	0.379306	-0.987025	0.878508	11.0	0.374308	-0.958563	0.798855	12.0	0.0380374	-1.02168	0.857342	13.0	0.0303737	-0.94216	0.509936	14.0	0.0359212	-1.01728	0.16802	15.0	0.0263201	-0.95801	0.0836178	16.0	0.183902	-1.03307	0.864795	17.0	0.197248	-1.07451	0.492708	18.0	0.170252	-1.16151	0.166084	19.0	0.146101	-1.10018	0.086039	20.0	0.0860017	-1.05372	1.38249	21.0	-0.097692	-0.808909	0.796643	22.0	-0.0817741	-0.82208	0.8059	23.0	0.379915	-0.945717	0.746082	24.0	0.375623	-0.955933	0.776508
59.81	0.0	0.0962566	-1.0466	0.861791	1.0	0.0878351	-1.03773	1.16366	2.0	0.0839165	-1.01593	1.46005	3.0	0.075894	-0.991163	1.60459	4.0	-0.0837253	-0.981041	1.33207	5.0	-0.139811	-0.966617	1.10142	6.0	-0.126313	-0.874837	0.910937	7.0	-0.114718	-0.818237	0.838822	8.0	0.253285	-1.00627	1.32535	9.0	0.330867	-0.993088	1.06199	10.0	0.373282	-0.941867	0.869427	11.0	0.367193	-0.940396	0.808113	12.0	0.0342946	-1.00893	0.859783	13.0	0.0238065	-0.90881	0.512706	14.0	0.0197736	-0.955739	0.164834	15.0	0.0172215	-0.884226	0.0832839	16.0	0.18031	-1.01467	0.866885	17.0	0.195283	-1.05926	0.497945	18.0	0.171439	-1.15737	0.170677	19.0	0.149529	-1.10361	0.0872821	20.0	0.0841387	-1.02356	1.3867	21.0	-0.101566	-0.774713	0.796249	22.0	-0.0797479	-0.793575	0.821418	23.0	0.36559	-0.929047	0.746281	24.0	0.333742	-0.954367	0.788706
59.842	0.0	0.0885418	-1.02741	0.863938	1.0	0.0811424	-1.01874	1.16748	2.0	0.0780183	-0.998323	1.4655	3.0	0.0746769	-0.984898	1.60581	4.0	-0.0838356	-0.965695	1.33251	5.0	-0.144235	-0.951472	1.10136	6.0	-0.133885	-0.871579	0.912739	7.0	-0.138831	-0.824906	0.836537	8.0	0.252425	-0.99454	1.33023	9.0	0.324203	-0.980947	1.10749	10.0	0.366363	-0.927243	0.877784	11.0	0.361545	-0.909992	0.81227	12.0	0.0265096	-0.986828	0.862721	13.0	0.00867734	-0.865507	0.526491	14.0	0.00490849	-0.888627	0.180871	15.0	0.00698309	-0.799583	0.108472	16.0	0.172959	-0.998529	0.868313	17.0	0.194254	-1.05088	0.497715	18.0	0.170526	-1.15494	0.172196	19.0	0.152698	-1.10049	0.0875041	20.0	0.0780694	-1.00566	1.39174	21.0	-0.1267	-0.78535	0.782785	22.0	-0.103581	-0.789809	0.82423	23.0	0.357492	-0.916048	0.746921	24.0	0.374749	-0.92101	0.817095
59.877	0.0	0.0842761	-1.00575	0.862349	1.0	0.0779803	-0.990546	1.164	2.0	0.0761163	-0.962682	1.45993	3.0	0.0697982	-0.944778	1.61569	4.0	-0.0856614	-0.94172	1.33561	5.0	-0.141028	-0.927669	1.10754	6.0	-0.146954	-0.833769	0.908225	7.0	-0.135865	-0.783016	0.822822	8.0	0.252825	-0.957968	1.32819	9.0	0.323145	-0.964912	1.10985	10.0	0.359712	-0.89031	0.885648	11.0	0.355398	-0.872494	0.815845	12.0	0.0225011	-0.968662	0.863909	13.0	0.00231915	-0.838093	0.519513	14.0	-0.00880662	-0.828271	0.194511	15.0	-0.00548822	-0.751185	0.114527	16.0	0.16853	-0.973058	0.863436	17.0	0.193037	-1.03232	0.506655	18.0	0.170694	-1.15246	0.173703	19.0	0.15575	-1.0952	0.0885962	20.0	0.0758066	-0.971918	1.38672	21.0	-0.13057	-0.758123	0.781998	22.0	-0.108497	-0.7772	0.801181	23.0	0.350727	-0.859701	0.75	24.0	0.357927	-0.883576	0.788304
59.91	0.0	0.077552	-0.977784	0.864324	1.0	0.0727947	-0.966963	1.16703	2.0	0.072117	-0.944139	1.46396	3.0	0.0667125	-0.93071	1.614	4.0	-0.0899344	-0.915735	1.33844	5.0	-0.147475	-0.920332	1.10609	6.0	-0.152065	-0.828189	0.902775	7.0	-0.154733	-0.778205	0.829742	8.0	0.250063	-0.935796	1.32951	9.0	0.316531	-0.916415	1.0866	10.0	0.349875	-0.872351	0.884477	11.0	0.349239	-0.838225	0.819837	12.0	0.016019	-0.936737	0.867376	13.0	-0.00585306	-0.81168	0.52275	14.0	-0.0137345	-0.771204	0.181818	15.0	-0.0121635	-0.686525	0.106331	16.0	0.161962	-0.949573	0.864412	17.0	0.191941	-1.02588	0.50808	18.0	0.170636	-1.14931	0.174525	19.0	0.156419	-1.09682	0.0878618	20.0	0.0715373	-0.952102	1.39052	21.0	-0.144493	-0.75005	0.771249	22.0	-0.155539	-0.783164	0.837317	23.0	0.337789	-0.843837	0.752317	24.0	0.368158	-0.848154	0.789824
59.943	0.0	0.0716265	-0.956965	0.865403	1.0	0.0657781	-0.9404	1.1697	2.0	0.063972	-0.911573	1.46884	3.0	0.0585502	-0.901752	1.61622	4.0	-0.0909543	-0.888149	1.33682	5.0	-0.157628	-0.880083	1.10816	6.0	-0.160488	-0.82257	0.898279	7.0	-0.168244	-0.768706	0.812107	8.0	0.245398	-0.916202	1.33625	9.0	0.314762	-0.901297	1.08136	10.0	0.339461	-0.840637	0.887379	11.0	0.33303	-0.818608	0.824488	12.0	0.0101948	-0.916557	0.867096	13.0	-0.0147758	-0.781866	0.523337	14.0	-0.0260985	-0.724104	0.197026	15.0	-0.0156448	-0.63516	0.12235	16.0	0.156046	-0.928207	0.86688	17.0	0.187559	-1.01171	0.499274	18.0	0.169219	-1.14638	0.173828	19.0	0.169201	-1.08272	0.0889962	20.0	0.0636642	-0.921008	1.39479	21.0	-0.169179	-0.748767	0.758194	22.0	-0.150925	-0.762482	0.799889	23.0	0.328497	-0.801737	0.753836	24.0	0.32689	-0.824223	0.819019
59.977	0.0	0.063362	-0.932732	0.861965	1.0	0.0585667	-0.917862	1.16843	2.0	0.057886	-0.891301	1.46936	3.0	0.0502597	-0.880703	1.61732	4.0	-0.100534	-0.867726	1.33057	5.0	-0.166293	-0.865942	1.075	6.0	-0.177868	-0.788263	0.885308	7.0	-0.177952	-0.753043	0.803123	8.0	0.239121	-0.891984	1.33462	9.0	0.306671	-0.880311	1.10834	10.0	0.336671	-0.79997	0.890377	11.0	0.303184	-0.800263	0.827746	12.0	0.001483	-0.892304	0.864143	13.0	-0.0217417	-0.759974	0.522718	14.0	-0.0353135	-0.68586	0.185459	15.0	-0.0229942	-0.572928	0.112214	16.0	0.148479	-0.904098	0.863008	17.0	0.18005	-0.982937	0.523382	18.0	0.170201	-1.14163	0.17708	19.0	0.1679	-1.08337	0.0919094	20.0	0.0572953	-0.900147	1.3949	21.0	-0.17355	-0.739491	0.757684	22.0	-0.155713	-0.757199	0.774631	23.0	0.33344	-0.758902	0.757284	24.0	0.276636	-0.802051	0.781195
0.01	0.0	0.0571201	-0.911954	0.861838	1.0	0.0544122	-0.900592	1.16634	2.0	0.0554706	-0.876967	1.4657	3.0	0.0460095	-0.868458	1.61352	4.0	-0.109941	-0.85472	1.32799	5.0	-0.172789	-0.857697	1.07544	6.0	-0.186112	-0.773208	0.873774	7.0	-0.192343	-0.74228	0.808793	8.0	0.223227	-0.860231	1.33757	9.0	0.305133	-0.854817	1.12129	10.0	0.325081	-0.784627	0.897109	11.0	0.312797	-0.749928	0.81907	12.0	-0.00397553	-0.874507	0.864284	13.0	-0.0267521	-0.733879	0.515204	14.0	-0.0343436	-0.674109	0.18825	15.0	-0.0221929	-0.570145	0.11558	16.0	0.141634	-0.880153	0.862578	17.0	0.176979	-0.98038	0.519218	18.0	0.168776	-1.13617	0.178998	19.0	0.167495	-1.08325	0.0934995	20.0	0.0544693	-0.885121	1.3916	21.0	-0.187296	-0.730189	0.750188	22.0	-0.170432	-0.738782	0.783428	23.0	0.30984	-0.738971	0.76088	24.0	0.2732	-0.756302	0.810243
0.043	0.0	0.0505533	-0.869546	0.860618	1.0	0.046036	-0.868031	1.16681	2.0	0.0462709	-0.853436	1.46717	3.0	0.034191	-0.833468	1.60853	4.0	-0.108627	-0.815121	1.33396	5.0	-0.181372	-0.834651	1.07231	6.0	-0.197214	-0.765549	0.87715	7.0	-0.203244	-0.730943	0.799722	8.0	0.220099	-0.836923	1.33807	9.0	0.296615	-0.827329	1.11523	10.0	0.312861	-0.741043	0.885655	11.0	0.302801	-0.725942	0.819495	12.0	-0.0110068	-0.828217	0.863291	13.0	-0.0315672	-0.716985	0.516864	14.0	-0.0407874	-0.650581	0.182342	15.0	-0.021818	-0.516421	0.142736	16.0	0.135921	-0.841932	0.861247	17.0	0.168783	-0.964301	0.507775	18.0	0.16488	-1.12914	0.177986	19.0	0.170904	-1.07801	0.0912555	20.0	0.0453901	-0.859429	1.39287	21.0	-0.193235	-0.707574	0.747422	22.0	-0.174624	-0.705936	0.768623	23.0	0.303961	-0.721384	0.755385	24.0	0.275807	-0.690186	0.807044
0.076	0.0	0.0413283	-0.837858	0.857175	1.0	0.0383089	-0.827677	1.16376	2.0	0.0401446	-0.805777	1.46499	3.0	0.0332479	-0.801275	1.60937	4.0	-0.115079	-0.783168	1.3347	5.0	-0.188874	-0.790138	1.07074	6.0	-0.206285	-0.724245	0.8745	7.0	-0.207652	-0.689217	0.79502	8.0	0.210494	-0.79699	1.33371	9.0	0.296803	-0.800314	1.11439	10.0	0.306411	-0.727	0.889142	11.0	0.294452	-0.69066	0.819883	12.0	-0.0194523	-0.802368	0.86161	13.0	-0.0341933	-0.672164	0.514081	14.0	-0.0385274	-0.644712	0.18278	15.0	-0.0213511	-0.562677	0.110336	16.0	0.126296	-0.803798	0.855805	17.0	0.162495	-0.931326	0.497943	18.0	0.161415	-1.11746	0.17671	19.0	0.170054	-1.05589	0.0936753	20.0	0.0388525	-0.813383	1.39044	21.0	-0.208542	-0.666159	0.739436	22.0	-0.182616	-0.679781	0.76659	23.0	0.291057	-0.686588	0.757897	24.0	0.254728	-0.695479	0.82277
0.11	0.0	0.0336797	-0.786968	0.852262	1.0	0.0312385	-0.78879	1.15754	2.0	0.033411	-0.778037	1.4579	3.0	0.0268105	-0.761252	1.60717	4.0	-0.116443	-0.752076	1.33304	5.0	-0.187184	-0.757701	1.06658	6.0	-0.211251	-0.711385	0.867434	7.0	-0.213869	-0.662133	0.801645	8.0	0.20833	-0.763688	1.32962	9.0	0.287132	-0.733492	1.07761	10.0	0.300135	-0.678149	0.878267	11.0	0.291046	-0.653844	0.814139	12.0	-0.0266836	-0.746786	0.856937	13.0	-0.0325849	-0.626346	0.535574	14.0	-0.0371941	-0.620291	0.180113	15.0	-0.0211378	-0.486793	0.141354	16.0	0.11924	-0.761961	0.851455	17.0	0.15574	-0.885821	0.485798	18.0	0.16193	-1.10819	0.168545	19.0	0.172773	-1.0537	0.0834632	20.0	0.032064	-0.783166	1.38355	21.0	-0.21497	-0.654848	0.736216	22.0	-0.206656	-0.673154	0.765802	23.0	0.278495	-0.656684	0.749811	24.0	0.310319	-0.663271	0.780549
0.143	0.0	0.0305991	-0.762694	0.853388	1.0	0.0275752	-0.769731	1.16004	2.0	0.0292644	-0.764287	1.46092	3.0	0.0223013	-0.744693	1.60752	4.0	-0.141064	-0.730139	1.32667	5.0	-0.200788	-0.720517	1.0555	6.0	-0.221515	-0.690599	0.853042	7.0	-0.224165	-0.657436	0.806234	8.0	0.201371	-0.739306	1.33034	9.0	0.281764	-0.721983	1.10364	10.0	0.291857	-0.655938	0.880382	11.0	0.280636	-0.626874	0.807548	12.0	-0.0296362	-0.723468	0.857918	13.0	-0.0325361	-0.61493	0.531514	14.0	-0.035669	-0.614071	0.179374	15.0	-0.020721	-0.479867	0.140918	16.0	0.115479	-0.731401	0.852569	17.0	0.146038	-0.841567	0.479457	18.0	0.163838	-1.08407	0.160858	19.0	0.174481	-1.05703	0.073319	20.0	0.0279856	-0.767925	1.38652	21.0	-0.205313	-0.609348	0.733338	22.0	-0.192246	-0.620937	0.754167	23.0	0.275738	-0.623513	0.746794	24.0	0.304803	-0.642326	0.768093
0.176	0.0	0.0207812	-0.718416	0.854698	1.0	0.0212519	-0.724395	1.16131	2.0	0.0260665	-0.719097	1.46217	3.0	0.0174558	-0.71273	1.61631	4.0	-0.14534	-0.685195	1.31671	5.0	-0.197574	-0.701089	1.0497	6.0	-0.232451	-0.639475	0.854677	7.0	-0.229547	-0.615128	0.798694	8.0	0.199369	-0.697596	1.32606	9.0	0.269685	-0.697228	1.09672	10.0	0.284572	-0.618616	0.872022	11.0	0.273608	-0.592211	0.803163	12.0	-0.0406071	-0.679412	0.856974	13.0	-0.035598	-0.589869	0.524762	14.0	-0.0329439	-0.608663	0.180872	15.0	-0.0172147	-0.473986	0.142148	16.0	0.1077	-0.690185	0.855823	17.0	0.144288	-0.770149	0.492917	18.0	0.163725	-1.03393	0.187045	19.0	0.1691	-1.02447	0.100754	20.0	0.0240595	-0.722556	1.38776	21.0	-0.226438	-0.590758	0.737767	22.0	-0.216663	-0.59467	0.732888	23.0	0.265955	-0.597777	0.735478	24.0	0.255215	-0.603691	0.741119
0.21	0.0	0.0134473	-0.686491	0.856797	1.0	0.018244	-0.696303	1.1646	2.0	0.0267643	-0.69351	1.46652	3.0	0.0175498	-0.670782	1.61342	4.0	-0.147803	-0.667623	1.32336	5.0	-0.201106	-0.654634	1.06106	6.0	-0.23431	-0.625249	0.859214	7.0	-0.232814	-0.59132	0.800197	8.0	0.195597	-0.672234	1.32848	9.0	0.268512	-0.645624	1.06496	10.0	0.282082	-0.594769	0.862737	11.0	0.271522	-0.564553	0.808746	12.0	-0.047248	-0.645442	0.859406	13.0	-0.0374588	-0.568724	0.516944	14.0	-0.0289692	-0.602986	0.16973	15.0	-0.022203	-0.540342	0.0868706	16.0	0.0995608	-0.65809	0.857745	17.0	0.134039	-0.717211	0.474104	18.0	0.155541	-0.993208	0.178174	19.0	0.166528	-0.856899	0.138966	20.0	0.0238677	-0.696483	1.39185	21.0	-0.224242	-0.570906	0.737042	22.0	-0.21088	-0.584825	0.78055	23.0	0.266327	-0.551242	0.745703	24.0	0.223813	-0.558397	0.77839
0.243	0.0	0.00628546	-0.661793	0.862674	1.0	0.00977192	-0.67434	1.17044	2.0	0.0176791	-0.675091	1.47217	3.0	0.0152412	-0.662419	1.6166	4.0	-0.151302	-0.624616	1.33468	5.0	-0.20218	-0.645711	1.06235	6.0	-0.241675	-0.579672	0.868282	7.0	-0.234146	-0.552708	0.789903	8.0	0.188124	-0.651613	1.33407	9.0	0.271547	-0.6453	1.11722	10.0	0.269669	-0.578729	0.884985	11.0	0.263283	-0.54313	0.808862	12.0	-0.0544725	-0.621406	0.863907	13.0	-0.0391463	-0.561367	0.508999	14.0	-0.0286281	-0.602363	0.168625	15.0	-0.0221482	-0.539089	0.0856398	16.0	0.093056	-0.633985	0.864744	17.0	0.125069	-0.650734	0.515365	18.0	0.150543	-0.928438	0.218438	19.0	0.168835	-0.791912	0.179128	20.0	0.0148791	-0.677116	1.39756	21.0	-0.237925	-0.54572	0.746079	22.0	-0.200938	-0.531654	0.781487	23.0	0.254019	-0.53712	0.74545	24.0	0.247999	-0.558017	0.774967
0.277	0.0	0.000657113	-0.639344	0.87053	1.0	0.00531298	-0.654003	1.17787	2.0	0.0142044	-0.656794	1.47922	3.0	0.0103604	-0.63668	1.62566	4.0	-0.15474	-0.616437	1.33979	5.0	-0.207971	-0.619248	1.06739	6.0	-0.238118	-0.545153	0.873371	7.0	-0.237282	-0.532758	0.80084	8.0	0.186037	-0.643158	1.33929	9.0	0.257669	-0.629183	1.10472	10.0	0.263457	-0.554445	0.895197	11.0	0.245562	-0.532444	0.813123	12.0	-0.0597062	-0.597714	0.87131	13.0	-0.0362483	-0.556086	0.506903	14.0	-0.0285187	-0.602032	0.168299	15.0	-0.0214018	-0.538456	0.0850207	16.0	0.087169	-0.612341	0.87306	17.0	0.112159	-0.609294	0.489839	18.0	0.138552	-0.896806	0.201866	19.0	0.169971	-0.877366	0.115823	20.0	0.0111741	-0.658296	1.40471	21.0	-0.236325	-0.530394	0.746793	22.0	-0.225521	-0.53039	0.775021	23.0	0.241386	-0.533129	0.75473	24.0	0.204737	-0.545773	0.826325
0.309	0.0	-0.00144703	-0.612213	0.879136	1.0	0.000693347	-0.623286	1.18527	2.0	0.00688768	-0.622268	1.48526	3.0	0.00886034	-0.605732	1.63532	4.0	-0.158443	-0.564427	1.34698	5.0	-0.21062	-0.576335	1.10494	6.0	-0.237696	-0.535473	0.88921	7.0	-0.237491	-0.50241	0.817944	8.0	0.181488	-0.608213	1.34844	9.0	0.25281	-0.61279	1.11356	10.0	0.252393	-0.53282	0.88102	11.0	0.23783	-0.510565	0.819184	12.0	-0.063175	-0.570737	0.877549	13.0	-0.0381403	-0.54713	0.502139	14.0	-0.0285575	-0.6013	0.167981	15.0	-0.020549	-0.538882	0.0839629	16.0	0.0867	-0.585136	0.883948	17.0	0.117725	-0.561275	0.519738	18.0	0.132736	-0.816086	0.200379	19.0	0.164846	-0.782071	0.113264	20.0	0.0045471	-0.624742	1.41111	21.0	-0.22521	-0.481671	0.760477	22.0	-0.2057	-0.483095	0.788066	23.0	0.239976	-0.516563	0.754091	24.0	0.199458	-0.543256	0.865753
0.342	0.0	-0.00685829	-0.594703	0.886149	1.0	-0.000907849	-0.601891	1.1913	2.0	0.00992897	-0.596139	1.49037	3.0	0.00569457	-0.587951	1.63639	4.0	-0.157732	-0.549837	1.34928	5.0	-0.211747	-0.555383	1.10546	6.0	-0.232404	-0.485008	0.908244	7.0	-0.229431	-0.462938	0.822313	8.0	0.179906	-0.602413	1.35143	9.0	0.229388	-0.577511	1.08893	10.0	0.249186	-0.524875	0.886127	11.0	0.231691	-0.496569	0.834303	12.0	-0.0675053	-0.546064	0.886175	13.0	-0.0399584	-0.540167	0.504276	14.0	-0.0297651	-0.601366	0.168387	15.0	-0.0202219	-0.540483	0.083506	16.0	0.0808338	-0.573501	0.889415	17.0	0.108468	-0.524408	0.51867	18.0	0.111497	-0.740689	0.200138	19.0	0.150736	-0.722772	0.115855	20.0	0.0063235	-0.599876	1.41646	21.0	-0.231144	-0.467275	0.771358	22.0	-0.210891	-0.481904	0.792536	23.0	0.230114	-0.483863	0.765294	24.0	0.229589	-0.512527	0.823029
0.377	0.0	-0.00332418	-0.56093	0.891324	1.0	-0.000577053	-0.576811	1.19501	2.0	0.00772608	-0.579674	1.4928	3.0	0.00466784	-0.536411	1.6453	4.0	-0.153881	-0.509856	1.35375	5.0	-0.215064	-0.500619	1.10446	6.0	-0.232102	-0.462781	0.899671	7.0	-0.22398	-0.419731	0.823974	8.0	0.179558	-0.57554	1.35381	9.0	0.234734	-0.568386	1.11662	10.0	0.246407	-0.491045	0.897502	11.0	0.228305	-0.464023	0.837871	12.0	-0.0634466	-0.512227	0.89151	13.0	-0.0507782	-0.520731	0.50589	14.0	-0.028508	-0.600389	0.165273	15.0	-0.0211081	-0.539282	0.0803525	16.0	0.0835488	-0.542267	0.893941	17.0	0.106856	-0.464008	0.524719	18.0	0.0995374	-0.655255	0.175773	19.0	0.139725	-0.601772	0.0928645	20.0	0.00468498	-0.581326	1.41918	21.0	-0.22269	-0.416905	0.770587	22.0	-0.209029	-0.429589	0.773616	23.0	0.241348	-0.437321	0.771854	24.0	0.189637	-0.478527	0.865215
0.41	0.0	-0.00928821	-0.549393	0.891828	1.0	-0.00426375	-0.559985	1.19669	2.0	0.00641456	-0.55742	1.49581	3.0	0.00508375	-0.529907	1.64289	4.0	-0.158945	-0.505223	1.35623	5.0	-0.216211	-0.497397	1.10429	6.0	-0.231062	-0.425991	0.906437	7.0	-0.224109	-0.394309	0.830723	8.0	0.174191	-0.558837	1.35651	9.0	0.232888	-0.562825	1.11694	10.0	0.244999	-0.479081	0.898725	11.0	0.222317	-0.448038	0.84301	12.0	-0.069121	-0.502881	0.892363	13.0	-0.0578924	-0.518142	0.498423	14.0	-0.0263064	-0.598782	0.158017	15.0	-0.0182579	-0.540408	0.0721042	16.0	0.0773236	-0.527326	0.894101	17.0	0.105667	-0.430077	0.517547	18.0	0.0683449	-0.585336	0.165681	19.0	0.12319	-0.515981	0.0940485	20.0	0.00279454	-0.560304	1.42185	21.0	-0.224641	-0.378847	0.784466	22.0	-0.205968	-0.398818	0.790326	23.0	0.230311	-0.414019	0.770604	24.0	0.187755	-0.429485	0.823708
0.443	0.0	-0.0131979	-0.519436	0.894932	1.0	-0.0110215	-0.523191	1.20037	2.0	-0.00447597	-0.515561	1.49962	3.0	0.00639973	-0.508476	1.64643	4.0	-0.158153	-0.470265	1.35775	5.0	-0.215525	-0.459752	1.10772	6.0	-0.225996	-0.376615	0.913445	7.0	-0.217874	-0.351895	0.849958	8.0	0.176104	-0.541076	1.35758	9.0	0.235477	-0.539025	1.12733	10.0	0.242592	-0.449418	0.902278	11.0	0.224593	-0.422035	0.841968	12.0	-0.0730299	-0.46784	0.8946	13.0	-0.0640983	-0.508869	0.494509	14.0	-0.0273136	-0.586607	0.152864	15.0	0.0382916	-0.495628	0.103369	16.0	0.0738724	-0.50254	0.897927	17.0	0.115022	-0.38874	0.514297	18.0	0.0736185	-0.51141	0.16059	19.0	0.113334	-0.432252	0.0876028	20.0	-0.00692917	-0.519658	1.42567	21.0	-0.217368	-0.34391	0.79907	22.0	-0.212872	-0.344974	0.792744	23.0	0.231756	-0.404232	0.766967	24.0	0.186939	-0.423495	0.857017
0.477	0.0	-0.0120626	-0.507802	0.893705	1.0	-0.0083699	-0.511927	1.19795	2.0	-7.39686e-05	-0.504158	1.4959	3.0	0.00640503	-0.492177	1.6433	4.0	-0.15816	-0.454428	1.35594	5.0	-0.21989	-0.440669	1.11539	6.0	-0.226297	-0.366553	0.903903	7.0	-0.214633	-0.327489	0.844999	8.0	0.176945	-0.521405	1.35314	9.0	0.233756	-0.522773	1.12219	10.0	0.241516	-0.441332	0.902487	11.0	0.224285	-0.403327	0.833633	12.0	-0.0716694	-0.456799	0.893346	13.0	-0.0714976	-0.500341	0.494055	14.0	-0.0189159	-0.527595	0.191448	15.0	-0.0412918	-0.512366	0.0851401	16.0	0.0748241	-0.490636	0.896889	17.0	0.123056	-0.34207	0.529615	18.0	0.114663	-0.416493	0.176182	19.0	0.12868	-0.337822	0.0985226	20.0	-0.00300022	-0.5083	1.42229	21.0	-0.205736	-0.312386	0.785073	22.0	-0.223391	-0.323389	0.830744	23.0	0.228204	-0.393214	0.76255	24.0	0.188228	-0.393615	0.854484
0.51	0.0	-0.0033423	-0.473161	0.891142	1.0	0.000798842	-0.479327	1.19349	2.0	0.00942217	-0.473852	1.48976	3.0	0.00661511	-0.451637	1.63581	4.0	-0.160089	-0.417858	1.35361	5.0	-0.217769	-0.407295	1.10686	6.0	-0.220643	-0.321086	0.913311	7.0	-0.203841	-0.280524	0.846675	8.0	0.174306	-0.485577	1.35464	9.0	0.233089	-0.492255	1.11749	10.0	0.250671	-0.395139	0.899981	11.0	0.230134	-0.371627	0.824701	12.0	-0.062895	-0.422931	0.88952	13.0	-0.0775039	-0.485959	0.495768	14.0	-0.0877246	-0.563723	0.200814	15.0	-0.0484261	-0.494606	0.0843805	16.0	0.0836077	-0.45524	0.895773	17.0	0.126025	-0.307979	0.524038	18.0	0.112608	-0.324687	0.165357	19.0	0.137874	-0.232211	0.0982061	20.0	0.00642146	-0.477391	1.41654	21.0	-0.189997	-0.254718	0.786658	22.0	-0.184897	-0.293415	0.833587	23.0	0.23709	-0.360234	0.761705	24.0	0.193057	-0.362531	0.836435
0.543	0.0	-0.00196649	-0.453087	0.887467	1.0	0.00124663	-0.457832	1.19088	2.0	0.00896539	-0.450802	1.48817	3.0	0.00829821	-0.436741	1.63562	4.0	-0.158365	-0.396329	1.34944	5.0	-0.214859	-0.378983	1.11381	6.0	-0.214168	-0.291978	0.920625	7.0	-0.198977	-0.250824	0.855607	8.0	0.175779	-0.463987	1.35372	9.0	0.235292	-0.467048	1.12691	10.0	0.252731	-0.386412	0.899805	11.0	0.232862	-0.357413	0.820674	12.0	-0.0617792	-0.404068	0.88576	13.0	-0.0718407	-0.471451	0.492867	14.0	-0.0874787	-0.56292	0.202824	15.0	-0.00952863	-0.419205	0.179496	16.0	0.0853736	-0.434021	0.892284	17.0	0.124018	-0.272005	0.516293	18.0	0.121534	-0.241752	0.16623	19.0	0.141865	-0.135903	0.103996	20.0	0.00618483	-0.45474	1.41471	21.0	-0.195922	-0.219304	0.796294	22.0	-0.174307	-0.235641	0.809818	23.0	0.23332	-0.324959	0.749139	24.0	0.210073	-0.343199	0.794867
0.577	0.0	0.00564391	-0.427495	0.881296	1.0	0.00599015	-0.428948	1.18335	2.0	0.0107028	-0.41826	1.47904	3.0	0.0125356	-0.40319	1.62896	4.0	-0.156838	-0.366834	1.34338	5.0	-0.214045	-0.352774	1.11112	6.0	-0.201364	-0.244159	0.907922	7.0	-0.191118	-0.210007	0.847975	8.0	0.177523	-0.433941	1.34613	9.0	0.229861	-0.421248	1.09526	10.0	0.253232	-0.369459	0.892348	11.0	0.23569	-0.338603	0.81019	12.0	-0.0546673	-0.377625	0.879388	13.0	-0.0720916	-0.462466	0.492379	14.0	-0.0872789	-0.550301	0.201024	15.0	-0.0156728	-0.401902	0.181525	16.0	0.0934966	-0.409326	0.886446	17.0	0.127513	-0.246038	0.511764	18.0	0.125598	-0.182213	0.171009	19.0	0.142918	-0.0604098	0.111671	20.0	0.00868562	-0.423143	1.406	21.0	-0.188092	-0.19376	0.798653	22.0	-0.176749	-0.200919	0.794988	23.0	0.243928	-0.33751	0.741171	24.0	0.200276	-0.316821	0.817898
0.61	0.0	0.010159	-0.401499	0.875474	1.0	0.00769886	-0.404826	1.17896	2.0	0.0101271	-0.396426	1.47605	3.0	0.0212491	-0.377106	1.62995	4.0	-0.156229	-0.349026	1.33917	5.0	-0.207568	-0.325756	1.11592	6.0	-0.201021	-0.233527	0.906455	7.0	-0.182845	-0.185012	0.848645	8.0	0.183729	-0.405845	1.34055	9.0	0.22898	-0.414792	1.09582	10.0	0.257636	-0.333585	0.876761	11.0	0.239839	-0.315673	0.803367	12.0	-0.0525211	-0.357893	0.873744	13.0	-0.0757471	-0.440832	0.486747	14.0	-0.0961155	-0.543634	0.20144	15.0	-0.0276272	-0.392567	0.186209	16.0	0.101071	-0.376118	0.88074	17.0	0.1317	-0.213288	0.520377	18.0	0.128386	-0.14024	0.181456	19.0	0.145346	-0.014132	0.122602	20.0	0.00862627	-0.400701	1.40266	21.0	-0.173871	-0.168985	0.794508	22.0	-0.15861	-0.19688	0.82196	23.0	0.236947	-0.320925	0.72959	24.0	0.207056	-0.289714	0.819565
0.643	0.0	0.0081261	-0.361359	0.871098	1.0	0.0117095	-0.368208	1.17395	2.0	0.0197113	-0.362515	1.47045	3.0	0.022438	-0.340458	1.61651	4.0	-0.148624	-0.303932	1.32951	5.0	-0.201332	-0.291604	1.10973	6.0	-0.193994	-0.189296	0.923307	7.0	-0.171616	-0.142078	0.841962	8.0	0.185094	-0.371904	1.33117	9.0	0.239245	-0.36842	1.08309	10.0	0.266229	-0.298262	0.869098	11.0	0.25118	-0.278022	0.798629	12.0	-0.0546522	-0.309746	0.870309	13.0	-0.0777452	-0.428299	0.496586	14.0	-0.100649	-0.505527	0.202406	15.0	-0.0344609	-0.35306	0.188709	16.0	0.0990316	-0.344915	0.875758	17.0	0.136874	-0.186775	0.520846	18.0	0.13176	-0.0833807	0.174674	19.0	0.156033	0.0503045	0.113768	20.0	0.0168405	-0.366179	1.39721	21.0	-0.171027	-0.129625	0.807468	22.0	-0.169862	-0.133516	0.798167	23.0	0.250725	-0.276938	0.729186	24.0	0.257226	-0.223862	0.804164
0.677	0.0	0.00765393	-0.349977	0.867183	1.0	0.0134247	-0.348504	1.17034	2.0	0.0248666	-0.333045	1.46784	3.0	0.0284802	-0.321984	1.61451	4.0	-0.146945	-0.294789	1.3293	5.0	-0.199947	-0.271731	1.11178	6.0	-0.19193	-0.183527	0.919253	7.0	-0.175054	-0.129329	0.837707	8.0	0.188786	-0.351472	1.33138	9.0	0.237986	-0.355015	1.06625	10.0	0.268996	-0.288276	0.864136	11.0	0.257546	-0.259245	0.793178	12.0	-0.0549411	-0.303989	0.86772	13.0	-0.0788242	-0.415279	0.491088	14.0	-0.105884	-0.50807	0.202586	15.0	-0.0395341	-0.355403	0.189305	16.0	0.0983651	-0.32622	0.870223	17.0	0.132692	-0.157208	0.528285	18.0	0.13412	-0.077432	0.176516	19.0	0.15519	0.0618602	0.112773	20.0	0.02103	-0.339255	1.39429	21.0	-0.160962	-0.11161	0.783305	22.0	-0.169426	-0.120977	0.769844	23.0	0.255328	-0.263441	0.717537	24.0	0.214543	-0.235502	0.819199
0.71	0.0	0.0260347	-0.314486	0.862325	1.0	0.0248102	-0.315785	1.16603	2.0	0.0292686	-0.305965	1.46368	3.0	0.034822	-0.290886	1.61071	4.0	-0.137253	-0.257775	1.32623	5.0	-0.19913	-0.252344	1.10585	6.0	-0.181221	-0.140438	0.901143	7.0	-0.165856	-0.103263	0.84312	8.0	0.193795	-0.319239	1.3228	9.0	0.241055	-0.334871	1.0759	10.0	0.276124	-0.267478	0.851485	11.0	0.261991	-0.246554	0.784779	12.0	-0.0371695	-0.268143	0.861833	13.0	-0.0879659	-0.350952	0.57839	14.0	-0.118531	-0.451219	0.292802	15.0	-0.0471767	-0.306292	0.257517	16.0	0.116532	-0.294091	0.866695	17.0	0.133167	-0.129145	0.512884	18.0	0.139855	-0.0565321	0.177999	19.0	0.152437	0.0712047	0.11069	20.0	0.0271211	-0.310611	1.39012	21.0	-0.154654	-0.0808971	0.786695	22.0	-0.131078	-0.0868834	0.795154	23.0	0.251022	-0.259556	0.709355	24.0	0.272959	-0.187476	0.768471
0.742	0.0	0.0252013	-0.293008	0.860253	1.0	0.0310909	-0.289775	1.16318	2.0	0.0441409	-0.272908	1.45948	3.0	0.0444839	-0.254285	1.60716	4.0	-0.138409	-0.234715	1.32534	5.0	-0.190854	-0.216908	1.09871	6.0	-0.178936	-0.127569	0.907041	7.0	-0.16285	-0.0803916	0.837882	8.0	0.202573	-0.279216	1.31403	9.0	0.251173	-0.298775	1.07883	10.0	0.278209	-0.237773	0.845311	11.0	0.264153	-0.215083	0.781983	12.0	-0.0388499	-0.246574	0.861205	13.0	-0.0885271	-0.338404	0.585192	14.0	-0.119072	-0.438681	0.299575	15.0	-0.0467054	-0.295528	0.260789	16.0	0.117209	-0.271234	0.863023	17.0	0.133396	-0.109317	0.522014	18.0	0.138393	-0.048433	0.176812	19.0	0.146575	0.0645545	0.110318	20.0	0.0397628	-0.279393	1.38631	21.0	-0.161485	-0.0634684	0.773822	22.0	-0.151866	-0.0805004	0.811278	23.0	0.253258	-0.235701	0.700952	24.0	0.273093	-0.170367	0.77497
0.777	0.0	0.0226311	-0.23776	0.853401	1.0	0.0345345	-0.243594	1.15215	2.0	0.0500173	-0.2418	1.44669	3.0	0.0548531	-0.23637	1.59631	4.0	-0.12095	-0.186744	1.31577	5.0	-0.181759	-0.180037	1.08132	6.0	-0.175814	-0.0929356	0.88838	7.0	-0.154241	-0.0512862	0.836329	8.0	0.206529	-0.25609	1.30926	9.0	0.259416	-0.255455	1.0379	10.0	0.281117	-0.209861	0.829424	11.0	0.265128	-0.194613	0.764537	12.0	-0.0392552	-0.186831	0.858406	13.0	-0.0861858	-0.316586	0.581264	14.0	-0.116707	-0.416874	0.295659	15.0	-0.0395229	-0.277206	0.25465	16.0	0.113154	-0.221203	0.852409	17.0	0.13184	-0.0816384	0.514771	18.0	0.138996	-0.0411079	0.174823	19.0	0.143654	0.0652253	0.107099	20.0	0.0453405	-0.244702	1.37382	21.0	-0.143858	-0.0357252	0.778733	22.0	-0.126928	-0.0652444	0.802926	23.0	0.254545	-0.195007	0.687324	24.0	0.226714	-0.173203	0.772295
0.866	0.0	0.0622535	-0.179986	0.825275	1.0	0.0640147	-0.184027	1.12835	2.0	0.0693807	-0.179881	1.42628	3.0	0.0806719	-0.17396	1.58088	4.0	-0.0966232	-0.11635	1.30106	5.0	-0.173424	-0.11949	1.05748	6.0	-0.1663	-0.0297606	0.86531	7.0	-0.148568	-0.0166077	0.81698	8.0	0.224115	-0.192516	1.28376	9.0	0.27494	-0.192145	1.03689	10.0	0.306478	-0.13175	0.812941	11.0	0.291937	-0.121894	0.737319	12.0	-0.000642521	-0.127875	0.818192	13.0	-0.0675466	-0.222122	0.564276	14.0	-0.0979801	-0.32243	0.278723	15.0	-0.0136551	-0.188613	0.23459	16.0	0.152802	-0.165612	0.837336	17.0	0.138403	-0.0136833	0.534198	18.0	0.138407	-0.0137173	0.170652	19.0	0.137178	0.0702773	0.0972686	20.0	0.0670832	-0.183057	1.35265	21.0	-0.137109	-0.000351334	0.749663	22.0	-0.110788	-0.0654213	0.860172	23.0	0.282667	-0.129267	0.668413	24.0	0.272993	-0.0819723	0.738876
0.887	0.0	0.0671529	-0.161591	0.828036	1.0	0.0671303	-0.167526	1.12755	2.0	0.0720293	-0.160109	1.42084	3.0	0.0898806	-0.158112	1.5742	4.0	-0.0942654	-0.100521	1.30366	5.0	-0.176502	-0.0998948	1.05363	6.0	-0.166881	-0.0221893	0.856729	7.0	-0.152586	0.00888755	0.80877	8.0	0.224126	-0.171564	1.27575	9.0	0.277293	-0.177229	1.02991	10.0	0.317328	-0.103372	0.804556	11.0	0.303302	-0.0857869	0.72472	12.0	0.00750047	-0.100043	0.829658	13.0	-0.0537436	-0.166179	0.556406	14.0	-0.00556286	-0.440863	0.255242	15.0	0.0445705	-0.286034	0.222644	16.0	0.156107	-0.152322	0.834186	17.0	0.142002	0.00580838	0.529951	18.0	0.13861	-0.0103965	0.166201	19.0	0.136503	0.072708	0.0924186	20.0	0.0698817	-0.164241	1.34849	21.0	-0.142244	0.0371336	0.752727	22.0	-0.112776	-0.00798822	0.793286	23.0	0.289911	-0.0901865	0.647805	24.0	0.289085	-0.0503299	0.724872
0.909	0.0	0.0849378	-0.110746	0.823847	1.0	0.0812968	-0.117554	1.12185	2.0	0.0824112	-0.113506	1.41349	3.0	0.103657	-0.120626	1.56593	4.0	-0.0830818	-0.0501081	1.30217	5.0	-0.178152	-0.0486786	1.06695	6.0	-0.164068	0.0260736	0.8691	7.0	-0.156263	0.0406914	0.809401	8.0	0.226845	-0.128163	1.26019	9.0	0.280686	-0.124701	1.0228	10.0	0.331219	-0.0537772	0.773549	11.0	0.321762	-0.0383423	0.711157	12.0	0.0262633	-0.0472373	0.827159	13.0	-0.0390068	-0.120886	0.503401	14.0	0.00791562	-0.430486	0.240044	15.0	0.0537552	-0.273416	0.210456	16.0	0.171737	-0.107645	0.825563	17.0	0.154348	0.0330664	0.525791	18.0	0.140891	-0.00685207	0.167401	19.0	0.135902	0.0721124	0.0916401	20.0	0.0813585	-0.116058	1.34138	21.0	-0.145238	0.0457347	0.751445	22.0	-0.10154	0.0713926	0.79838	23.0	0.315739	-0.0318781	0.648713	24.0	0.29349	-0.00416154	0.687855
0.943	0.0	0.0750552	-0.0825617	0.821821	1.0	0.0762603	-0.0981285	1.11853	2.0	0.0808804	-0.100002	1.40927	3.0	0.111351	-0.106436	1.56159	4.0	-0.0846575	-0.0337363	1.30167	5.0	-0.180207	-0.0377456	1.06447	6.0	-0.166534	0.0390694	0.867222	7.0	-0.156706	0.0620941	0.806704	8.0	0.230185	-0.110208	1.25545	9.0	0.284788	-0.104261	1.01808	10.0	0.33744	-0.026064	0.77208	11.0	0.333373	0.00257618	0.713251	12.0	0.0167192	-0.023234	0.825583	13.0	-0.010882	-0.0603602	0.48291	14.0	0.0238424	-0.379826	0.230607	15.0	0.0687212	-0.222959	0.199348	16.0	0.162074	-0.0736962	0.822927	17.0	0.155869	0.0523951	0.516671	18.0	0.143696	-0.00356973	0.166523	19.0	0.13929	0.0687794	0.0871947	20.0	0.0790335	-0.101884	1.33748	21.0	-0.15268	0.0518663	0.744661	22.0	-0.109565	0.0827404	0.803477	23.0	0.328102	0.00874304	0.646715	24.0	0.307097	0.0350396	0.695277
0.976	0.0	0.0771872	-0.0532199	0.8179	1.0	0.0796316	-0.0619313	1.11383	2.0	0.0868733	-0.0595457	1.4034	3.0	0.123334	-0.0690399	1.55638	4.0	-0.0869985	-0.0102211	1.30119	5.0	-0.178363	0.0126716	1.06632	6.0	-0.168355	0.0707181	0.863534	7.0	-0.16187	0.0936652	0.805309	8.0	0.232361	-0.0763483	1.2482	9.0	0.288339	-0.0688718	1.01239	10.0	0.343317	0.0124854	0.78229	11.0	0.343833	0.039024	0.722199	12.0	0.0198331	0.00420981	0.823986	13.0	-0.00459227	-0.0182002	0.453174	14.0	0.0376187	-0.340825	0.206091	15.0	0.0807222	-0.182434	0.178731	16.0	0.163478	-0.0436526	0.816815	17.0	0.158423	0.073327	0.486546	18.0	0.144962	0.0028226	0.168056	19.0	0.137554	0.0680066	0.0863624	20.0	0.0841656	-0.0622172	1.3319	21.0	-0.146518	0.0982541	0.746883	22.0	-0.118638	0.101998	0.78162	23.0	0.343006	0.0599841	0.653474	24.0	0.325995	0.0814564	0.721208
1.009	0.0	0.0827616	-0.0264715	0.816712	1.0	0.082517	-0.0423037	1.11394	2.0	0.0878335	-0.0451544	1.4043	3.0	0.12588	-0.0508578	1.55426	4.0	-0.088364	0.0107016	1.29973	5.0	-0.180186	0.0189405	1.06906	6.0	-0.173162	0.100896	0.869269	7.0	-0.163435	0.127074	0.806828	8.0	0.235375	-0.0549654	1.24829	9.0	0.292124	-0.0382613	1.00524	10.0	0.347703	0.032791	0.784464	11.0	0.347157	0.0705658	0.727068	12.0	0.0259865	0.0327253	0.823121	13.0	-0.0201206	0.00641536	0.465548	14.0	0.0377567	-0.310034	0.212737	15.0	0.0833327	-0.153474	0.180992	16.0	0.168737	-0.0183156	0.81543	17.0	0.157094	0.0754143	0.484254	18.0	0.145075	0.00673261	0.168505	19.0	0.138082	0.0680735	0.0853222	20.0	0.0855414	-0.0467013	1.33264	21.0	-0.150259	0.130484	0.74815	22.0	-0.114611	0.130298	0.777077	23.0	0.343306	0.0779027	0.657636	24.0	0.365193	0.113949	0.724277
1.042	0.0	0.0850266	-0.00613126	0.815295	1.0	0.087114	-0.0160591	1.11611	2.0	0.0946588	-0.0137491	1.41096	3.0	0.130381	-0.00774647	1.55623	4.0	-0.0840593	0.0373012	1.30312	5.0	-0.171219	0.05629	1.08534	6.0	-0.172534	0.131528	0.878876	7.0	-0.163626	0.161823	0.803559	8.0	0.241536	-0.0250104	1.25284	9.0	0.295755	-0.0154245	1.0036	10.0	0.348089	0.0749933	0.791564	11.0	0.349117	0.0986407	0.735132	12.0	0.0277176	0.0490371	0.820002	13.0	-0.0134561	0.0548269	0.480837	14.0	0.0440533	-0.256913	0.221817	15.0	0.0917472	-0.102494	0.185294	16.0	0.171738	0.00642092	0.816193	17.0	0.146802	0.0841514	0.481584	18.0	0.145582	0.011709	0.164531	19.0	0.138004	0.0708141	0.0807669	20.0	0.0918222	-0.0165112	1.3381	21.0	-0.148731	0.170628	0.744194	22.0	-0.124113	0.168662	0.780418	23.0	0.348266	0.11446	0.668854	24.0	0.33045	0.138399	0.728363
1.077	0.0	0.0850034	0.0169128	0.815325	1.0	0.0864253	0.00630375	1.11875	2.0	0.0930473	0.00749342	1.41551	3.0	0.129747	0.00813236	1.55819	4.0	-0.0836542	0.0539996	1.30451	5.0	-0.179273	0.0730003	1.0766	6.0	-0.175203	0.146819	0.878041	7.0	-0.166572	0.190166	0.810491	8.0	0.243877	-0.000413679	1.25557	9.0	0.305194	0.0197259	1.01262	10.0	0.347247	0.0848824	0.801529	11.0	0.345487	0.12176	0.738208	12.0	0.0282929	0.0709984	0.820353	13.0	-0.00872979	0.0864815	0.459119	14.0	0.0513686	-0.232734	0.210315	15.0	0.0234959	-0.119074	0.119702	16.0	0.171228	0.0296455	0.81565	17.0	0.126184	0.0969522	0.47978	18.0	0.144502	0.0137298	0.160536	19.0	0.136901	0.0720615	0.0765093	20.0	0.0904528	0.00503462	1.34224	21.0	-0.162704	0.186867	0.749737	22.0	-0.144486	0.186303	0.755091	23.0	0.349163	0.120574	0.675398	24.0	0.340762	0.171667	0.729926
1.11	0.0	0.0813749	0.0292538	0.816503	1.0	0.0852664	0.0227738	1.12129	2.0	0.0950258	0.029238	1.41965	3.0	0.121551	0.0372927	1.56272	4.0	-0.0863207	0.0709437	1.30588	5.0	-0.180061	0.0839363	1.07401	6.0	-0.175548	0.174053	0.881426	7.0	-0.170412	0.214934	0.812289	8.0	0.245805	0.0186171	1.25926	9.0	0.30594	0.0347133	1.01813	10.0	0.345058	0.109374	0.814752	11.0	0.343403	0.143502	0.745521	12.0	0.0248706	0.0793028	0.821523	13.0	-0.00237273	0.114863	0.482093	14.0	0.0381365	-0.0514055	0.186101	15.0	0.037239	-0.0243886	0.0967654	16.0	0.167693	0.0470763	0.816695	17.0	0.118759	0.103969	0.474834	18.0	0.14407	0.0140662	0.160952	19.0	0.132411	0.0675369	0.0765665	20.0	0.0915701	0.0253642	1.34597	21.0	-0.165993	0.222072	0.758058	22.0	-0.140801	0.217028	0.763337	23.0	0.332772	0.142191	0.67464	24.0	0.336177	0.190956	0.737246
1.143	0.0	0.077631	0.056438	0.820384	1.0	0.0826546	0.0535771	1.12877	2.0	0.0931151	0.0621424	1.43038	3.0	0.114415	0.0694976	1.5697	4.0	-0.088324	0.102624	1.3098	5.0	-0.177613	0.106594	1.07689	6.0	-0.174501	0.194273	0.883189	7.0	-0.167082	0.241132	0.821702	8.0	0.250786	0.0575508	1.26861	9.0	0.307448	0.071322	1.01694	10.0	0.342841	0.127077	0.8157	11.0	0.340792	0.162359	0.756583	12.0	0.020823	0.103897	0.826125	13.0	0.00322643	0.170285	0.498896	14.0	0.049771	-0.00725873	0.160568	15.0	0.0457629	0.0391893	0.0730632	16.0	0.164595	0.075492	0.819662	17.0	0.116265	0.115732	0.470573	18.0	0.14243	0.0150381	0.15917	19.0	0.0817725	0.0471754	0.101811	20.0	0.0895374	0.0578996	1.35594	21.0	-0.167058	0.26262	0.766758	22.0	-0.13839	0.238472	0.771831	23.0	0.34096	0.171522	0.689283	24.0	0.328877	0.213999	0.751873
1.177	0.0	0.0742939	0.0680598	0.82511	1.0	0.0789363	0.0656099	1.13196	2.0	0.0887551	0.0750762	1.43192	3.0	0.110976	0.085659	1.57776	4.0	-0.0910119	0.110331	1.31154	5.0	-0.174817	0.122821	1.07727	6.0	-0.178461	0.207944	0.882711	7.0	-0.173157	0.255318	0.821955	8.0	0.241994	0.0766879	1.27441	9.0	0.30484	0.0845181	1.03341	10.0	0.339318	0.153557	0.827369	11.0	0.335146	0.185282	0.757098	12.0	0.0171873	0.112031	0.829284	13.0	0.00930649	0.181867	0.497749	14.0	0.0447889	0.0325987	0.16244	15.0	0.047364	0.0994198	0.079371	16.0	0.161876	0.0916892	0.82639	17.0	0.121783	0.122153	0.470249	18.0	0.13661	0.0170257	0.152814	19.0	0.0806538	0.0637417	0.0922006	20.0	0.0853609	0.070543	1.3579	21.0	-0.167684	0.268586	0.76947	22.0	-0.147972	0.251314	0.774339	23.0	0.328535	0.196697	0.692771	24.0	0.350969	0.237789	0.762427
1.21	0.0	0.0725109	0.0921811	0.831501	1.0	0.0771903	0.091349	1.13814	2.0	0.0870806	0.102122	1.43763	3.0	0.102551	0.113041	1.58822	4.0	-0.0956411	0.133383	1.31543	5.0	-0.176824	0.132402	1.08102	6.0	-0.180602	0.229723	0.891267	7.0	-0.175224	0.271747	0.826347	8.0	0.240506	0.0966128	1.28404	9.0	0.305983	0.114979	1.04596	10.0	0.33763	0.183628	0.82685	11.0	0.333555	0.210754	0.758812	12.0	0.0149311	0.137308	0.833585	13.0	0.0153859	0.226044	0.493529	14.0	0.0378917	0.092658	0.164673	15.0	0.0643849	0.229979	0.125042	16.0	0.160626	0.113561	0.834276	17.0	0.1503	0.124648	0.466837	18.0	0.136662	0.0203511	0.154965	19.0	0.0968649	0.0709453	0.0821821	20.0	0.0836542	0.0973034	1.36375	21.0	-0.172851	0.286753	0.770434	22.0	-0.149585	0.267913	0.773221	23.0	0.329154	0.221707	0.694388	24.0	0.329738	0.262082	0.763746
1.243	0.0	0.0720371	0.114525	0.834702	1.0	0.0786494	0.114521	1.14112	2.0	0.0905595	0.126362	1.44037	3.0	0.0994977	0.14446	1.59582	4.0	-0.0966386	0.156049	1.32001	5.0	-0.178185	0.159116	1.08182	6.0	-0.180769	0.258044	0.893116	7.0	-0.175849	0.300411	0.830146	8.0	0.23892	0.132309	1.28665	9.0	0.302992	0.134342	1.05261	10.0	0.337195	0.210241	0.83249	11.0	0.330558	0.237592	0.768198	12.0	0.0150333	0.161769	0.836942	13.0	0.017856	0.254636	0.500911	14.0	0.0243463	0.168033	0.159958	15.0	0.0471358	0.305462	0.120396	16.0	0.159767	0.133972	0.837356	17.0	0.154559	0.126968	0.457897	18.0	0.137659	0.0209735	0.154541	19.0	0.120489	0.0904117	0.0768191	20.0	0.0866146	0.121252	1.36656	21.0	-0.176778	0.313919	0.77545	22.0	-0.169782	0.304538	0.767829	23.0	0.329762	0.241374	0.704785	24.0	0.294256	0.259401	0.746302
1.276	0.0	0.0671337	0.133125	0.840593	1.0	0.0741717	0.133816	1.14783	2.0	0.0865128	0.146157	1.44781	3.0	0.0954006	0.15814	1.59949	4.0	-0.101226	0.17128	1.32526	5.0	-0.179402	0.172284	1.08475	6.0	-0.184021	0.263655	0.892765	7.0	-0.182403	0.309812	0.829716	8.0	0.238125	0.144467	1.2913	9.0	0.299979	0.157647	1.06182	10.0	0.330401	0.2282	0.837468	11.0	0.323892	0.258708	0.770829	12.0	0.0103614	0.174928	0.841933	13.0	0.0172623	0.28876	0.520752	14.0	0.0102757	0.243371	0.174974	15.0	0.0343998	0.380504	0.135344	16.0	0.155033	0.158763	0.844066	17.0	0.155586	0.129741	0.455182	18.0	0.137837	0.0220122	0.154767	19.0	0.122756	0.0882455	0.074993	20.0	0.0824578	0.140945	1.37383	21.0	-0.172632	0.32331	0.773606	22.0	-0.151036	0.321105	0.774075	23.0	0.316081	0.258021	0.703622	24.0	0.3218	0.30986	0.779271
1.31	0.0	0.0582907	0.147225	0.845388	1.0	0.0640911	0.14722	1.15181	2.0	0.0751011	0.15896	1.45098	3.0	0.0849228	0.180047	1.6061	4.0	-0.105995	0.18213	1.32668	5.0	-0.184746	0.17949	1.08317	6.0	-0.191998	0.272394	0.892008	7.0	-0.193349	0.316659	0.828089	8.0	0.233414	0.159287	1.29937	9.0	0.297528	0.172008	1.06813	10.0	0.324535	0.246728	0.839166	11.0	0.314882	0.273308	0.777674	12.0	-0.00112056	0.188323	0.847603	13.0	0.0110511	0.303185	0.521797	14.0	-0.00229077	0.295117	0.169906	15.0	0.0207734	0.432225	0.130507	16.0	0.148885	0.172721	0.847911	17.0	0.155371	0.13562	0.457242	18.0	0.135266	0.0242014	0.155544	19.0	0.126117	0.0803322	0.0708298	20.0	0.0713847	0.153893	1.37719	21.0	-0.18555	0.329242	0.772658	22.0	-0.161813	0.331291	0.774185	23.0	0.313716	0.285715	0.712844	24.0	0.277237	0.290397	0.758865
1.342	0.0	0.0522852	0.178005	0.849703	1.0	0.0589979	0.183632	1.15947	2.0	0.0713344	0.201381	1.46229	3.0	0.0789929	0.209986	1.61353	4.0	-0.112426	0.221475	1.33195	5.0	-0.18727	0.214709	1.08884	6.0	-0.197271	0.302788	0.891524	7.0	-0.194035	0.342665	0.828171	8.0	0.230353	0.192347	1.3079	9.0	0.296589	0.209374	1.07885	10.0	0.313412	0.273152	0.844813	11.0	0.307706	0.300498	0.782289	12.0	-0.00760092	0.221728	0.853211	13.0	0.00118623	0.338934	0.519449	14.0	-0.00362964	0.348436	0.176014	15.0	0.00208986	0.432386	0.100892	16.0	0.143822	0.200374	0.85091	17.0	0.155274	0.150166	0.465069	18.0	0.135442	0.024843	0.154946	19.0	0.128385	0.0822068	0.070036	20.0	0.0672368	0.194785	1.38758	21.0	-0.191132	0.36089	0.768571	22.0	-0.169914	0.349558	0.783967	23.0	0.302741	0.310755	0.716053	24.0	0.305784	0.35932	0.777192
1.377	0.0	0.0455558	0.194878	0.852641	1.0	0.054252	0.196456	1.1613	2.0	0.0682176	0.21027	1.46297	3.0	0.070294	0.233797	1.61569	4.0	-0.111962	0.220908	1.33175	5.0	-0.189294	0.229796	1.08456	6.0	-0.20021	0.311037	0.888951	7.0	-0.201762	0.357909	0.826182	8.0	0.226908	0.206788	1.3121	9.0	0.293937	0.223363	1.07649	10.0	0.311061	0.296904	0.853468	11.0	0.302456	0.327414	0.785683	12.0	-0.0126751	0.235392	0.855923	13.0	-0.0080568	0.363976	0.511459	14.0	-0.0114593	0.39088	0.174195	15.0	-0.00154122	0.470477	0.097619	16.0	0.135555	0.220677	0.853945	17.0	0.155317	0.157735	0.466956	18.0	0.135714	0.0258482	0.154064	19.0	0.130487	0.0862261	0.0695665	20.0	0.0637465	0.20463	1.38854	21.0	-0.200281	0.372814	0.768497	22.0	-0.175804	0.366393	0.774483	23.0	0.299606	0.324896	0.722199	24.0	0.312962	0.371661	0.804403
1.41	0.0	0.0412373	0.222398	0.856835	1.0	0.0484936	0.229162	1.16421	2.0	0.0611632	0.24751	1.46386	3.0	0.0615897	0.258709	1.61822	4.0	-0.118396	0.279045	1.33064	5.0	-0.19072	0.257546	1.08369	6.0	-0.206667	0.33774	0.888143	7.0	-0.205613	0.375544	0.826105	8.0	0.224715	0.237785	1.31794	9.0	0.28841	0.255294	1.08453	10.0	0.300993	0.326868	0.857192	11.0	0.29252	0.354235	0.787985	12.0	-0.0189189	0.262604	0.860326	13.0	-0.0132983	0.384675	0.511107	14.0	-0.0208811	0.440038	0.17652	15.0	-0.00719739	0.528436	0.105549	16.0	0.133668	0.247992	0.857842	17.0	0.154983	0.170049	0.469609	18.0	0.136132	0.0276342	0.154848	19.0	0.131475	0.0880035	0.0701578	20.0	0.0569881	0.240839	1.39002	21.0	-0.205142	0.393521	0.766803	22.0	-0.182197	0.380579	0.771178	23.0	0.291678	0.362059	0.72829	24.0	0.302901	0.403015	0.798694
1.443	0.0	0.0350847	0.237065	0.858396	1.0	0.0433029	0.241568	1.16689	2.0	0.0568923	0.257894	1.46754	3.0	0.0567119	0.279157	1.62297	4.0	-0.119546	0.287234	1.33131	5.0	-0.195228	0.273077	1.08463	6.0	-0.210859	0.344692	0.886169	7.0	-0.214355	0.382597	0.824532	8.0	0.221033	0.25134	1.32076	9.0	0.285709	0.265286	1.09333	10.0	0.295925	0.344459	0.859571	11.0	0.283273	0.377519	0.793155	12.0	-0.024781	0.276649	0.861339	13.0	-0.0240634	0.416742	0.503186	14.0	-0.0267834	0.456064	0.175982	15.0	-0.0186133	0.576016	0.0989569	16.0	0.127521	0.263185	0.859955	17.0	0.152849	0.18224	0.478982	18.0	0.134721	0.0329103	0.155489	19.0	0.131971	0.0903528	0.0696347	20.0	0.0524974	0.251687	1.39346	21.0	-0.208972	0.400464	0.761833	22.0	-0.183576	0.392972	0.78334	23.0	0.270063	0.373004	0.731537	24.0	0.290941	0.43361	0.79168
1.477	0.0	0.0262874	0.260726	0.859331	1.0	0.0359585	0.265278	1.16864	2.0	0.0511844	0.281286	1.47021	3.0	0.0464351	0.300085	1.6231	4.0	-0.126482	0.30912	1.33245	5.0	-0.203334	0.300055	1.08339	6.0	-0.218121	0.359474	0.881455	7.0	-0.220303	0.396218	0.819864	8.0	0.216115	0.273112	1.32383	9.0	0.279397	0.285872	1.09753	10.0	0.287609	0.366955	0.867894	11.0	0.274176	0.399253	0.796535	12.0	-0.0337027	0.302027	0.862467	13.0	-0.0281072	0.424274	0.501676	14.0	-0.0384066	0.480617	0.171352	15.0	-0.0202744	0.578221	0.0982002	16.0	0.119287	0.284976	0.8607	17.0	0.151808	0.185909	0.478232	18.0	0.132338	0.0380731	0.158971	19.0	0.132483	0.0902842	0.071405	20.0	0.0463597	0.275197	1.39589	21.0	-0.212576	0.411688	0.756158	22.0	-0.191983	0.400308	0.779066	23.0	0.266995	0.408494	0.738298	24.0	0.285281	0.44874	0.803952
1.51	0.0	0.0208475	0.29671	0.86025	1.0	0.0285178	0.29613	1.16993	2.0	0.0420938	0.307677	1.47179	3.0	0.0389016	0.331593	1.62437	4.0	-0.130982	0.342863	1.33406	5.0	-0.205038	0.32367	1.08163	6.0	-0.223906	0.390223	0.881491	7.0	-0.222792	0.423041	0.811389	8.0	0.210342	0.29983	1.32592	9.0	0.273769	0.309192	1.09657	10.0	0.27914	0.402401	0.863906	11.0	0.267243	0.426869	0.802701	12.0	-0.03812	0.340414	0.864764	13.0	-0.0336931	0.446504	0.505499	14.0	-0.0407907	0.485173	0.171103	15.0	-0.0217667	0.575612	0.100032	16.0	0.113366	0.318387	0.860336	17.0	0.14537	0.214429	0.486229	18.0	0.131703	0.0413126	0.159272	19.0	0.132208	0.0929945	0.0714802	20.0	0.037646	0.302649	1.39741	21.0	-0.222935	0.437691	0.755556	22.0	-0.187987	0.421379	0.775057	23.0	0.254287	0.4439	0.74214	24.0	0.254775	0.467361	0.798454
1.542	0.0	0.0146402	0.325008	0.856427	1.0	0.0213933	0.325258	1.16649	2.0	0.0340491	0.336698	1.46877	3.0	0.0307314	0.353375	1.62478	4.0	-0.136826	0.363907	1.32983	5.0	-0.211237	0.355012	1.07585	6.0	-0.226621	0.409024	0.872742	7.0	-0.224749	0.443446	0.812612	8.0	0.204105	0.328425	1.32252	9.0	0.271596	0.331315	1.10715	10.0	0.275314	0.416123	0.868673	11.0	0.26124	0.449867	0.805495	12.0	-0.0439805	0.36714	0.860482	13.0	-0.0379577	0.461903	0.506389	14.0	-0.0414271	0.488534	0.170721	15.0	-0.0217973	0.575932	0.0992723	16.0	0.1072	0.347937	0.857072	17.0	0.143113	0.232545	0.486957	18.0	0.131394	0.0489114	0.159411	19.0	0.131618	0.0943446	0.0705737	20.0	0.0298193	0.331785	1.39428	21.0	-0.216822	0.458233	0.754588	22.0	-0.18776	0.457719	0.769149	23.0	0.260327	0.473573	0.746403	24.0	0.220243	0.460926	0.793675
1.577	0.0	0.00945622	0.359528	0.857096	1.0	0.0155556	0.3528	1.16766	2.0	0.0277031	0.358506	1.47022	3.0	0.0239314	0.378359	1.62506	4.0	-0.142595	0.396014	1.32798	5.0	-0.211594	0.382118	1.07885	6.0	-0.22996	0.43542	0.875935	7.0	-0.227452	0.471479	0.808336	8.0	0.198748	0.355146	1.32383	9.0	0.266654	0.354238	1.10273	10.0	0.270304	0.440135	0.873065	11.0	0.25585	0.472642	0.805084	12.0	-0.0494176	0.40263	0.860486	13.0	-0.0434778	0.486818	0.50423	14.0	-0.0418739	0.503471	0.163861	15.0	-0.0216371	0.582338	0.0871763	16.0	0.102712	0.381267	0.858369	17.0	0.131646	0.279716	0.4759	18.0	0.130707	0.0635455	0.161082	19.0	0.134725	0.0995323	0.0709457	20.0	0.0235845	0.354923	1.39568	21.0	-0.225696	0.480629	0.749569	22.0	-0.220174	0.448999	0.801387	23.0	0.249549	0.485105	0.742444	24.0	0.223312	0.485534	0.813498
1.61	0.0	0.00162311	0.381852	0.857757	1.0	0.00990953	0.376632	1.1699	2.0	0.0242547	0.382847	1.47401	3.0	0.0179973	0.396735	1.62552	4.0	-0.151616	0.415577	1.32482	5.0	-0.215829	0.402248	1.0768	6.0	-0.231395	0.454557	0.873352	7.0	-0.231903	0.489346	0.811761	8.0	0.189854	0.381088	1.33026	9.0	0.259764	0.376486	1.10008	10.0	0.265313	0.460436	0.871557	11.0	0.250439	0.491304	0.80524	12.0	-0.0564779	0.422408	0.861038	13.0	-0.0464442	0.499092	0.50749	14.0	-0.0420055	0.50872	0.16144	15.0	-0.021211	0.584663	0.0831877	16.0	0.0944976	0.406032	0.859163	17.0	0.119307	0.3291	0.468286	18.0	0.132785	0.0792593	0.165309	19.0	0.136659	0.112084	0.0750507	20.0	0.0195873	0.379231	1.3991	21.0	-0.223531	0.509656	0.75135	22.0	-0.192945	0.50044	0.782924	23.0	0.246628	0.503804	0.741455	24.0	0.246741	0.544926	0.796653
1.643	0.0	-0.00606598	0.415218	0.857494	1.0	0.00344182	0.404929	1.17017	2.0	0.0187805	0.406525	1.47465	3.0	0.0102352	0.423953	1.62566	4.0	-0.159974	0.451933	1.31827	5.0	-0.216265	0.437739	1.07812	6.0	-0.231239	0.484613	0.872963	7.0	-0.230029	0.517143	0.805941	8.0	0.18641	0.408618	1.32758	9.0	0.246086	0.418425	1.09446	10.0	0.261291	0.485956	0.870146	11.0	0.246863	0.511804	0.804705	12.0	-0.0640606	0.457668	0.859602	13.0	-0.0496306	0.51709	0.506149	14.0	-0.0423824	0.512736	0.158552	15.0	-0.0207728	0.585861	0.0789551	16.0	0.0872515	0.437105	0.860051	17.0	0.11339	0.365785	0.46746	18.0	0.128218	0.112392	0.174206	19.0	0.137983	0.132995	0.084113	20.0	0.0138765	0.404021	1.39966	21.0	-0.223333	0.529711	0.747943	22.0	-0.2062	0.513701	0.780788	23.0	0.246979	0.523262	0.739967	24.0	0.209258	0.518196	0.815313
1.677	0.0	-0.0116218	0.436205	0.858402	1.0	-0.00232576	0.427529	1.17059	2.0	0.0129523	0.430184	1.47456	3.0	0.00687304	0.4432	1.63098	4.0	-0.16312	0.46471	1.32261	5.0	-0.220346	0.459114	1.07971	6.0	-0.233212	0.512086	0.870622	7.0	-0.232375	0.542158	0.807931	8.0	0.182672	0.429832	1.32851	9.0	0.243631	0.426183	1.10101	10.0	0.257387	0.500062	0.877532	11.0	0.24378	0.530041	0.80403	12.0	-0.0692241	0.476463	0.861216	13.0	-0.0499628	0.529159	0.502205	14.0	-0.0428713	0.514045	0.157867	15.0	-0.0205774	0.585889	0.0776934	16.0	0.0816358	0.460218	0.860224	17.0	0.103926	0.445868	0.493278	18.0	0.121283	0.169108	0.198797	19.0	0.147415	0.173424	0.112353	20.0	0.00804368	0.427474	1.3997	21.0	-0.227056	0.557382	0.749484	22.0	-0.196129	0.555286	0.784071	23.0	0.23555	0.537098	0.735716	24.0	0.201127	0.524225	0.819327
1.709	0.0	-0.0132393	0.465208	0.865234	1.0	-0.00445795	0.45826	1.17665	2.0	0.0103096	0.462829	1.47979	3.0	0.00217832	0.472972	1.63618	4.0	-0.159449	0.505023	1.32816	5.0	-0.220299	0.497715	1.08147	6.0	-0.23039	0.544444	0.876553	7.0	-0.226969	0.576672	0.810153	8.0	0.181493	0.453873	1.33446	9.0	0.239537	0.453132	1.11033	10.0	0.251805	0.526347	0.874843	11.0	0.242627	0.551715	0.804463	12.0	-0.0703718	0.511187	0.86624	13.0	-0.0488125	0.540729	0.498829	14.0	-0.0431985	0.516268	0.156822	15.0	-0.0202848	0.586212	0.0758145	16.0	0.0799716	0.483902	0.868479	17.0	0.100494	0.4958	0.500125	18.0	0.119303	0.217889	0.206711	19.0	0.137659	0.229733	0.117808	20.0	0.00552288	0.459624	1.40515	21.0	-0.223541	0.589886	0.750407	22.0	-0.197634	0.571805	0.809135	23.0	0.230603	0.557776	0.735982	24.0	0.246102	0.527201	0.784835
1.743	0.0	-0.0174381	0.486796	0.871119	1.0	-0.0070641	0.476549	1.18126	2.0	0.00909183	0.477956	1.48322	3.0	-0.00161322	0.495825	1.63961	4.0	-0.161625	0.520245	1.33148	5.0	-0.219152	0.515733	1.08352	6.0	-0.230315	0.57307	0.880907	7.0	-0.222721	0.605264	0.816407	8.0	0.178014	0.472116	1.34141	9.0	0.241775	0.474005	1.11396	10.0	0.250471	0.540587	0.876401	11.0	0.239911	0.568045	0.805605	12.0	-0.0740392	0.530096	0.871067	13.0	-0.0454142	0.555574	0.497342	14.0	-0.0436088	0.517687	0.156695	15.0	-0.0199216	0.586005	0.0750179	16.0	0.0756002	0.507275	0.875513	17.0	0.0938827	0.507126	0.472222	18.0	0.107955	0.249283	0.202946	19.0	0.14113	0.296988	0.115259	20.0	0.00397596	0.47553	1.40887	21.0	-0.22103	0.61882	0.754799	22.0	-0.195444	0.611889	0.770764	23.0	0.229759	0.573976	0.737006	24.0	0.275051	0.566129	0.788929
1.776	0.0	-0.0210017	0.502193	0.874915	1.0	-0.0105378	0.492764	1.18392	2.0	0.00589819	0.494708	1.4846	3.0	-0.00444276	0.506073	1.64221	4.0	-0.165972	0.537769	1.3346	5.0	-0.221208	0.532092	1.08254	6.0	-0.23156	0.590174	0.880056	7.0	-0.225206	0.625134	0.818809	8.0	0.176889	0.489997	1.34405	9.0	0.240673	0.489552	1.1194	10.0	0.248228	0.564225	0.875887	11.0	0.238032	0.588223	0.808335	12.0	-0.0779363	0.54353	0.874853	13.0	-0.0447738	0.571713	0.504035	14.0	-0.0446168	0.518779	0.157087	15.0	-0.0202212	0.584986	0.0745594	16.0	0.0726449	0.524717	0.879306	17.0	0.0893073	0.53711	0.471284	18.0	0.100893	0.31344	0.20587	19.0	0.128653	0.357187	0.116812	20.0	0.000690379	0.49218	1.41058	21.0	-0.218374	0.636402	0.760483	22.0	-0.147334	0.608622	0.865307	23.0	0.228787	0.588899	0.738977	24.0	0.278019	0.59767	0.813442
1.809	0.0	-0.0208203	0.530244	0.881204	1.0	-0.00882715	0.523907	1.19066	2.0	0.00939747	0.529058	1.49169	3.0	-0.00372695	0.54318	1.64816	4.0	-0.163704	0.571685	1.34036	5.0	-0.219248	0.572526	1.09246	6.0	-0.226491	0.636422	0.891212	7.0	-0.2212	0.660262	0.825409	8.0	0.175024	0.510564	1.34837	9.0	0.24034	0.510983	1.1231	10.0	0.247292	0.587429	0.877273	11.0	0.237234	0.609367	0.813003	12.0	-0.0778701	0.577611	0.882096	13.0	-0.0439058	0.584428	0.492182	14.0	-0.0447274	0.519228	0.156479	15.0	-0.0167023	0.578319	0.0717452	16.0	0.0731515	0.546907	0.884593	17.0	0.0910129	0.607606	0.494542	18.0	0.0902325	0.3816	0.179516	19.0	0.126403	0.447337	0.0978842	20.0	0.00371421	0.525722	1.4176	21.0	-0.214534	0.674449	0.766359	22.0	-0.178471	0.671981	0.798149	23.0	0.226761	0.610351	0.747222	24.0	0.280642	0.615269	0.802572
1.843	0.0	-0.0225292	0.548434	0.882923	1.0	-0.0101061	0.539016	1.19162	2.0	0.00844646	0.541195	1.49197	3.0	-0.00381518	0.556798	1.64806	4.0	-0.164903	0.586536	1.3426	5.0	-0.218483	0.5938	1.10316	6.0	-0.227049	0.648111	0.899693	7.0	-0.216191	0.687141	0.831671	8.0	0.172542	0.530391	1.34995	9.0	0.241139	0.528379	1.12392	10.0	0.246893	0.602951	0.878497	11.0	0.234779	0.628972	0.815631	12.0	-0.0792347	0.593304	0.88412	13.0	-0.0636956	0.591766	0.477939	14.0	-0.043444	0.519917	0.156198	15.0	0.0340157	0.556669	0.0865916	16.0	0.0713858	0.566954	0.885886	17.0	0.0918359	0.659966	0.506963	18.0	0.0907401	0.457567	0.175169	19.0	0.0917253	0.532865	0.0969239	20.0	0.00268857	0.53859	1.41804	21.0	-0.211634	0.700265	0.769432	22.0	-0.150985	0.644678	0.868526	23.0	0.232477	0.63659	0.748663	24.0	0.275158	0.63003	0.805397
1.876	0.0	-0.021327	0.569142	0.883287	1.0	-0.0101137	0.559706	1.1931	2.0	0.00727789	0.561577	1.49438	3.0	-0.00472378	0.57873	1.64906	4.0	-0.163793	0.613409	1.34092	5.0	-0.218717	0.618683	1.10478	6.0	-0.222299	0.691424	0.906068	7.0	-0.215131	0.715708	0.831669	8.0	0.171352	0.549314	1.35036	9.0	0.24006	0.544587	1.12925	10.0	0.247	0.625016	0.878541	11.0	0.234616	0.651294	0.817816	12.0	-0.0776557	0.61806	0.883873	13.0	-0.0758879	0.601882	0.479011	14.0	-0.0317857	0.526066	0.151535	15.0	0.0375342	0.579666	0.0796784	16.0	0.0724612	0.58383	0.886812	17.0	0.0990707	0.687365	0.503266	18.0	0.0868936	0.539726	0.15978	19.0	0.0836173	0.605071	0.0785618	20.0	0.00180244	0.559084	1.42024	21.0	-0.204883	0.728895	0.771708	22.0	-0.19123	0.716001	0.766431	23.0	0.226154	0.663594	0.750232	24.0	0.284317	0.665128	0.811886
1.909	0.0	-0.0238401	0.583764	0.884289	1.0	-0.0130559	0.575217	1.19342	2.0	0.00392469	0.577981	1.49393	3.0	-0.00438838	0.593006	1.65036	4.0	-0.166737	0.626611	1.34524	5.0	-0.220634	0.632972	1.10431	6.0	-0.225081	0.700392	0.904123	7.0	-0.217099	0.737944	0.833432	8.0	0.169815	0.56232	1.35071	9.0	0.239079	0.558974	1.1302	10.0	0.247983	0.642741	0.882149	11.0	0.233926	0.670566	0.816623	12.0	-0.0798294	0.630857	0.885453	13.0	-0.0786809	0.606371	0.481777	14.0	-0.0011942	0.561752	0.120579	15.0	0.0706724	0.660898	0.0841447	16.0	0.0698437	0.599872	0.887224	17.0	0.104799	0.734558	0.517293	18.0	0.0665985	0.592839	0.136167	19.0	0.137685	0.688044	0.0939132	20.0	-0.00145281	0.575267	1.42	21.0	-0.206725	0.74939	0.775383	22.0	-0.17378	0.749356	0.809247	23.0	0.228324	0.683321	0.747168	24.0	0.283145	0.679592	0.810218
1.943	0.0	-0.0196086	0.614757	0.884504	1.0	-0.00896567	0.605745	1.19226	2.0	0.00794818	0.607995	1.49137	3.0	-0.00148633	0.621184	1.64991	4.0	-0.163597	0.656483	1.34683	5.0	-0.218563	0.665473	1.10814	6.0	-0.222696	0.736039	0.908972	7.0	-0.209455	0.768456	0.835148	8.0	0.170917	0.586215	1.34808	9.0	0.238884	0.584105	1.12839	10.0	0.247295	0.668258	0.880118	11.0	0.234339	0.696384	0.812868	12.0	-0.0756812	0.663511	0.88709	13.0	-0.0833374	0.620475	0.487256	14.0	0.0524617	0.63067	0.117262	15.0	0.0827423	0.736111	0.064294	16.0	0.0744075	0.628967	0.886245	17.0	0.109524	0.760794	0.522659	18.0	0.0948893	0.691044	0.147276	19.0	0.0960436	0.752561	0.0647869	20.0	0.0025773	0.605418	1.41779	21.0	-0.195236	0.788512	0.778041	22.0	-0.169408	0.775594	0.807555	23.0	0.225349	0.715528	0.744303	24.0	0.272593	0.710613	0.826127
1.976	0.0	-0.0157571	0.628337	0.884074	1.0	-0.00712314	0.619179	1.19135	2.0	0.00792067	0.621499	1.48994	3.0	-0.000148978	0.637941	1.64933	4.0	-0.163562	0.674738	1.34574	5.0	-0.219178	0.683542	1.10309	6.0	-0.220573	0.758432	0.905278	7.0	-0.206134	0.796248	0.837987	8.0	0.170588	0.601867	1.34657	9.0	0.238929	0.603888	1.12626	10.0	0.246957	0.683054	0.879646	11.0	0.234283	0.713491	0.809961	12.0	-0.0723361	0.675904	0.886118	13.0	-0.0912462	0.632018	0.487527	14.0	0.0478214	0.638332	0.130404	15.0	0.113987	0.778547	0.0794733	16.0	0.0789025	0.643717	0.886424	17.0	0.11538	0.791378	0.525354	18.0	0.108047	0.761712	0.153656	19.0	0.147415	0.896664	0.11664	20.0	0.00300746	0.618885	1.4165	21.0	-0.194313	0.813674	0.77995	22.0	-0.169279	0.805767	0.779661	23.0	0.224442	0.727133	0.737953	24.0	0.274486	0.725455	0.795594
2.01	0.0	-0.0106136	0.656729	0.880507	1.0	-0.00257104	0.646476	1.18792	2.0	0.0118692	0.647318	1.4866	3.0	0.00504713	0.671551	1.63812	4.0	-0.157978	0.705149	1.34476	5.0	-0.216028	0.718069	1.10093	6.0	-0.21273	0.795693	0.903996	7.0	-0.19986	0.826493	0.837237	8.0	0.172171	0.626141	1.34212	9.0	0.240381	0.624738	1.12158	10.0	0.248425	0.710385	0.876794	11.0	0.233952	0.737602	0.806779	12.0	-0.0659716	0.708643	0.881022	13.0	-0.0967516	0.676105	0.540265	14.0	0.0477584	0.686135	0.220885	15.0	0.0926397	0.819927	0.148044	16.0	0.0831416	0.667845	0.884291	17.0	0.114235	0.815759	0.522733	18.0	0.116102	0.836563	0.163321	19.0	0.118101	0.925328	0.0939956	20.0	0.00710001	0.645112	1.41314	21.0	-0.185773	0.846164	0.782541	22.0	-0.157049	0.830802	0.808311	23.0	0.222951	0.751837	0.729682	24.0	0.273945	0.748464	0.797462
2.043	0.0	-0.00747021	0.671912	0.878399	1.0	0.00134025	0.663607	1.18593	2.0	0.0166593	0.66665	1.48468	3.0	0.00953238	0.686346	1.63987	4.0	-0.156827	0.719831	1.3453	5.0	-0.216162	0.729856	1.09988	6.0	-0.212687	0.812642	0.90488	7.0	-0.199266	0.849043	0.836756	8.0	0.172228	0.646444	1.33866	9.0	0.241011	0.64313	1.11746	10.0	0.25076	0.730895	0.872241	11.0	0.234862	0.759178	0.800724	12.0	-0.0635736	0.72059	0.878655	13.0	-0.100569	0.703657	0.588237	14.0	0.0494138	0.718255	0.295201	15.0	0.0934501	0.846277	0.214301	16.0	0.0871687	0.686203	0.882774	17.0	0.114953	0.835662	0.517509	18.0	0.123458	0.88639	0.167672	19.0	0.127399	0.993259	0.0975409	20.0	0.0116579	0.663874	1.41121	21.0	-0.185499	0.866395	0.777807	22.0	-0.163629	0.851252	0.824324	23.0	0.231544	0.776268	0.730363	24.0	0.272821	0.770957	0.799344
2.076	0.0	-0.00199157	0.693392	0.874576	1.0	0.00617363	0.688755	1.18212	2.0	0.0207371	0.695581	1.48085	3.0	0.0154574	0.710369	1.63876	4.0	-0.151549	0.748408	1.34351	5.0	-0.214862	0.757292	1.10113	6.0	-0.209944	0.838286	0.905492	7.0	-0.19582	0.874334	0.837388	8.0	0.177146	0.66449	1.33532	9.0	0.241047	0.67128	1.11132	10.0	0.252208	0.746337	0.876147	11.0	0.234053	0.778375	0.797758	12.0	-0.0575337	0.743499	0.874184	13.0	-0.100914	0.705001	0.590403	14.0	0.0483182	0.72007	0.290899	15.0	0.0832842	0.857565	0.219118	16.0	0.0921333	0.705772	0.879687	17.0	0.117368	0.865164	0.500275	18.0	0.129434	0.93332	0.165141	19.0	0.138488	1.05201	0.100673	20.0	0.01593	0.691856	1.40739	21.0	-0.181622	0.89086	0.780849	22.0	-0.156687	0.87971	0.813168	23.0	0.228789	0.793817	0.721485	24.0	0.27271	0.788829	0.793074
2.11	0.0	0.0009796	0.713574	0.872909	1.0	0.00845651	0.706418	1.17962	2.0	0.0224928	0.710655	1.47761	3.0	0.0195208	0.727096	1.63745	4.0	-0.150326	0.759339	1.34396	5.0	-0.215449	0.776939	1.10294	6.0	-0.209614	0.853177	0.905641	7.0	-0.194798	0.896572	0.839581	8.0	0.181429	0.690206	1.33152	9.0	0.242099	0.695906	1.10146	10.0	0.254797	0.770457	0.870358	11.0	0.237977	0.800698	0.790711	12.0	-0.0543484	0.762355	0.871906	13.0	-0.0934451	0.725092	0.587031	14.0	-0.0300596	0.562729	0.215387	15.0	0.0271931	0.71915	0.193968	16.0	0.0950729	0.727266	0.878741	17.0	0.117503	0.882706	0.500205	18.0	0.130729	0.963554	0.168398	19.0	0.144473	1.09886	0.105029	20.0	0.017801	0.707579	1.40432	21.0	-0.177494	0.924119	0.782554	22.0	-0.15343	0.903783	0.815922	23.0	0.231643	0.81967	0.717956	24.0	0.275367	0.815617	0.765924
2.143	0.0	0.00445059	0.735258	0.870648	1.0	0.012828	0.731444	1.17702	2.0	0.027884	0.738932	1.47448	3.0	0.0294501	0.755188	1.6342	4.0	-0.146933	0.78298	1.34319	5.0	-0.214199	0.800114	1.10297	6.0	-0.209608	0.88111	0.907417	7.0	-0.19856	0.915971	0.840433	8.0	0.188325	0.717709	1.32684	9.0	0.245415	0.715075	1.09781	10.0	0.258202	0.788071	0.868216	11.0	0.239813	0.81944	0.784371	12.0	-0.0498954	0.785351	0.869662	13.0	-0.0957714	0.736148	0.577078	14.0	-0.0251522	0.561395	0.212694	15.0	0.0293263	0.719154	0.193102	16.0	0.09781	0.747456	0.876542	17.0	0.117324	0.899762	0.50171	18.0	0.132072	0.981166	0.174347	19.0	0.144274	1.11122	0.107255	20.0	0.0229236	0.735065	1.40135	21.0	-0.179636	0.940903	0.783073	22.0	-0.148785	0.931923	0.811277	23.0	0.235217	0.834457	0.709397	24.0	0.279012	0.830567	0.766398
2.177	0.0	0.0191927	0.776221	0.865973	1.0	0.0266393	0.766713	1.1734	2.0	0.0406833	0.768751	1.47167	3.0	0.0401398	0.789126	1.63216	4.0	-0.137657	0.82109	1.33893	5.0	-0.206189	0.831382	1.09919	6.0	-0.203064	0.914147	0.904316	7.0	-0.190499	0.945025	0.83957	8.0	0.194832	0.743902	1.32553	9.0	0.252777	0.749857	1.08705	10.0	0.263738	0.816525	0.863689	11.0	0.245558	0.845516	0.778019	12.0	-0.0360616	0.826995	0.864736	13.0	-0.098686	0.777304	0.590355	14.0	-0.0362197	0.586525	0.233199	15.0	0.0224211	0.741622	0.207825	16.0	0.113629	0.787533	0.872316	17.0	0.117528	0.935002	0.509878	18.0	0.134701	1.00089	0.171727	19.0	0.142734	1.11679	0.106124	20.0	0.0359813	0.766216	1.39836	21.0	-0.177738	0.964982	0.780666	22.0	-0.151632	0.954492	0.802301	23.0	0.239791	0.867467	0.699863	24.0	0.282319	0.857076	0.778412
2.21	0.0	0.0211637	0.791028	0.864605	1.0	0.0307954	0.78469	1.17207	2.0	0.0474336	0.789905	1.4704	3.0	0.0459912	0.809463	1.62836	4.0	-0.132226	0.838881	1.33815	5.0	-0.203177	0.84909	1.09815	6.0	-0.203235	0.924873	0.900858	7.0	-0.192343	0.963082	0.837587	8.0	0.202332	0.768138	1.32016	9.0	0.256968	0.767246	1.08262	10.0	0.267559	0.838544	0.858355	11.0	0.24992	0.867303	0.773109	12.0	-0.0339386	0.841547	0.864026	13.0	-0.0949051	0.783151	0.592427	14.0	-0.034537	0.590712	0.235904	15.0	0.0239412	0.745611	0.209346	16.0	0.11561	0.802523	0.870345	17.0	0.118465	0.951825	0.512272	18.0	0.135256	1.00739	0.170438	19.0	0.136867	1.11497	0.1036	20.0	0.0420484	0.786591	1.39708	21.0	-0.175709	0.982808	0.775286	22.0	-0.150334	0.975767	0.803083	23.0	0.242555	0.88058	0.69408	24.0	0.290442	0.866443	0.756515
2.243	0.0	0.030885	0.822695	0.86151	1.0	0.0403251	0.81197	1.16757	2.0	0.0564148	0.812762	1.46468	3.0	0.0529761	0.828622	1.62471	4.0	-0.125715	0.866947	1.33428	5.0	-0.197489	0.871105	1.09502	6.0	-0.201231	0.950839	0.899277	7.0	-0.192488	0.983987	0.831759	8.0	0.210353	0.787521	1.31245	9.0	0.261837	0.797156	1.07239	10.0	0.270374	0.880703	0.820826	11.0	0.255113	0.893277	0.762025	12.0	-0.0242125	0.873776	0.861032	13.0	-0.0883196	0.809391	0.592704	14.0	-0.036411	0.603936	0.242841	15.0	0.00639304	0.738927	0.20388	16.0	0.125536	0.83344	0.867321	17.0	0.121363	0.981267	0.514306	18.0	0.135517	1.01576	0.167818	19.0	0.136097	1.11359	0.103633	20.0	0.0511931	0.810542	1.39165	21.0	-0.180182	0.998956	0.769189	22.0	-0.163159	0.990181	0.769523	23.0	0.25334	0.900609	0.687385	24.0	0.300184	0.88989	0.742098
2.276	0.0	0.0367144	0.844478	0.856639	1.0	0.0463689	0.834152	1.16314	2.0	0.0626806	0.835039	1.46049	3.0	0.0628735	0.849879	1.61979	4.0	-0.119725	0.890673	1.32988	5.0	-0.195744	0.892525	1.08753	6.0	-0.203573	0.962614	0.88886	7.0	-0.194855	0.995946	0.827821	8.0	0.2175	0.814025	1.30362	9.0	0.266945	0.821703	1.07083	10.0	0.275876	0.894639	0.820272	11.0	0.26277	0.917024	0.758574	12.0	-0.0177655	0.898997	0.857058	13.0	-0.0946631	0.834533	0.593455	14.0	-0.0412388	0.6181	0.250784	15.0	0.000916602	0.753272	0.211695	16.0	0.130956	0.852004	0.861871	17.0	0.12345	1.00679	0.518614	18.0	0.134501	1.02934	0.163139	19.0	0.133956	1.11683	0.0965263	20.0	0.0574072	0.83284	1.38741	21.0	-0.178772	1.01058	0.765845	22.0	-0.146503	1.01481	0.786555	23.0	0.263762	0.931467	0.679837	24.0	0.306256	0.917521	0.739545
2.31	0.0	0.0570646	0.889205	0.850064	1.0	0.0627997	0.873511	1.15311	2.0	0.0758306	0.869954	1.44714	3.0	0.0775797	0.878185	1.60957	4.0	-0.102615	0.9391	1.32426	5.0	-0.188204	0.929504	1.07331	6.0	-0.196755	1.00004	0.874849	7.0	-0.188695	1.02211	0.822635	8.0	0.223681	0.828093	1.29615	9.0	0.273532	0.84732	1.06493	10.0	0.29186	0.937229	0.816193	11.0	0.278212	0.952324	0.746885	12.0	0.00274603	0.948349	0.853365	13.0	-0.0821556	0.886767	0.591982	14.0	-0.03581	0.648868	0.263739	15.0	0.0178939	0.781013	0.225094	16.0	0.149849	0.88891	0.853288	17.0	0.129679	1.03482	0.525685	18.0	0.1362	1.03971	0.162199	19.0	0.13171	1.11934	0.0912864	20.0	0.0713174	0.868776	1.37489	21.0	-0.178394	1.03161	0.760976	22.0	-0.161696	1.02465	0.7582	23.0	0.27674	0.964954	0.671445	24.0	0.320585	0.952146	0.737822
2.343	0.0	0.0689485	0.906563	0.846188	1.0	0.0693911	0.889109	1.14746	2.0	0.0778249	0.883937	1.43962	3.0	0.0864921	0.891674	1.60216	4.0	-0.0990814	0.951832	1.3227	5.0	-0.190406	0.949634	1.06981	6.0	-0.197682	1.00887	0.868077	7.0	-0.189874	1.0331	0.812356	8.0	0.227553	0.844981	1.28493	9.0	0.276921	0.865566	1.05852	10.0	0.302399	0.959989	0.814627	11.0	0.292898	0.985371	0.73995	12.0	0.0161576	0.969405	0.84958	13.0	-0.0816409	0.90291	0.531348	14.0	-0.0193359	0.645044	0.221903	15.0	0.0334362	0.777585	0.184042	16.0	0.162316	0.906221	0.848698	17.0	0.134598	1.05266	0.528698	18.0	0.137375	1.04486	0.162975	19.0	0.130795	1.11829	0.0890901	20.0	0.0744118	0.883128	1.36786	21.0	-0.179244	1.04425	0.754753	22.0	-0.139847	1.04551	0.777399	23.0	0.289164	1.00239	0.662486	24.0	0.337436	0.981571	0.730139
2.376	0.0	0.0850981	0.939349	0.83978	1.0	0.0782233	0.921312	1.13846	2.0	0.0791563	0.915216	1.42778	3.0	0.0961039	0.911878	1.59368	4.0	-0.093683	0.981345	1.31914	5.0	-0.188154	0.98481	1.06268	6.0	-0.195967	1.03411	0.858762	7.0	-0.187983	1.05136	0.803092	8.0	0.224013	0.868986	1.27635	9.0	0.27911	0.886151	1.05321	10.0	0.317698	0.992138	0.806652	11.0	0.310961	1.02151	0.729218	12.0	0.0319592	1.00241	0.844678	13.0	-0.0878745	0.914038	0.529863	14.0	-0.0134028	0.660552	0.218828	15.0	0.0423398	0.792178	0.181326	16.0	0.177906	0.937121	0.84136	17.0	0.139574	1.07931	0.520174	18.0	0.139673	1.05072	0.159703	19.0	0.131181	1.11651	0.0828262	20.0	0.0776258	0.91468	1.35673	21.0	-0.175865	1.05897	0.745654	22.0	-0.143648	1.05097	0.77241	23.0	0.305689	1.04399	0.658269	24.0	0.349858	1.02419	0.744559
2.409	0.0	0.0983379	0.96615	0.835989	1.0	0.0856474	0.947901	1.13463	2.0	0.0808549	0.941204	1.42374	3.0	0.103039	0.940361	1.5871	4.0	-0.0892932	1.00555	1.31392	5.0	-0.185212	1.00862	1.06281	6.0	-0.192556	1.06066	0.859326	7.0	-0.183569	1.07727	0.798554	8.0	0.22628	0.894194	1.27184	9.0	0.281816	0.92146	1.03612	10.0	0.322423	1.00931	0.804776	11.0	0.32304	1.05393	0.73118	12.0	0.045231	1.02879	0.84144	13.0	-0.0654838	0.981807	0.472635	14.0	0.00261278	0.686229	0.20183	15.0	0.0583357	0.81787	0.164801	16.0	0.191693	0.965323	0.837	17.0	0.143363	1.10099	0.517109	18.0	0.142216	1.05732	0.157226	19.0	0.130226	1.11566	0.0786856	20.0	0.0807319	0.940869	1.35275	21.0	-0.172593	1.08678	0.741923	22.0	-0.139991	1.07228	0.761606	23.0	0.325999	1.08282	0.661628	24.0	0.358574	1.07668	0.726506
2.443	0.0	0.0968874	0.983059	0.833798	1.0	0.0846767	0.965401	1.13368	2.0	0.0800558	0.958823	1.424	3.0	0.104619	0.960158	1.58553	4.0	-0.091748	1.01711	1.31054	5.0	-0.181573	1.02682	1.0617	6.0	-0.192012	1.07754	0.858083	7.0	-0.1869	1.09945	0.791588	8.0	0.231554	0.932889	1.27196	9.0	0.286059	0.950468	1.024	10.0	0.326628	1.02982	0.810052	11.0	0.331583	1.07627	0.741729	12.0	0.0437155	1.04027	0.839609	13.0	-0.000459088	1.04587	0.477051	14.0	0.0276418	0.735514	0.218347	15.0	0.0741845	0.870048	0.1812	16.0	0.190648	0.988003	0.834637	17.0	0.145942	1.1134	0.514685	18.0	0.143409	1.05956	0.157127	19.0	0.130195	1.11523	0.0781391	20.0	0.0799083	0.958525	1.35271	21.0	-0.174198	1.09619	0.726871	22.0	-0.141042	1.09107	0.749861	23.0	0.342172	1.11297	0.675437	24.0	0.369201	1.07661	0.701923
2.477	0.0	0.0849172	1.008	0.829862	1.0	0.0799106	0.988734	1.13383	2.0	0.0814847	0.982613	1.42784	3.0	0.102053	0.987211	1.58749	4.0	-0.0954176	1.02651	1.30739	5.0	-0.181373	1.03952	1.06061	6.0	-0.192283	1.10478	0.855521	7.0	-0.18542	1.13035	0.786264	8.0	0.236483	0.956906	1.27457	9.0	0.289229	0.973072	1.02278	10.0	0.332825	1.05007	0.813248	11.0	0.337533	1.09286	0.746813	12.0	0.031029	1.05905	0.831845	13.0	-0.0594241	1.04714	0.472429	14.0	0.0351402	0.754455	0.204872	15.0	0.0760602	0.890225	0.167771	16.0	0.17984	1.01936	0.835333	17.0	0.145257	1.12164	0.51325	18.0	0.144318	1.06266	0.15678	19.0	0.131205	1.11361	0.0764421	20.0	0.0797918	0.98201	1.35562	21.0	-0.173014	1.13805	0.726637	22.0	-0.141093	1.13019	0.757576	23.0	0.340644	1.12461	0.675663	24.0	0.376518	1.12367	0.740954
2.509	0.0	0.0836948	1.02665	0.827603	1.0	0.0814557	1.01024	1.13484	2.0	0.0866214	1.00546	1.43248	3.0	0.10066	1.01142	1.5913	4.0	-0.0952162	1.04253	1.30549	5.0	-0.179139	1.05297	1.06306	6.0	-0.185742	1.13049	0.862999	7.0	-0.179959	1.1649	0.791607	8.0	0.24344	0.996121	1.27999	9.0	0.301016	1.00623	1.02163	10.0	0.340145	1.07325	0.816957	11.0	0.338204	1.10751	0.749806	12.0	0.0288215	1.07659	0.827422	13.0	-0.0500523	1.0739	0.479375	14.0	0.04991	0.785857	0.208211	15.0	0.0826551	0.922928	0.170866	16.0	0.179907	1.03726	0.835028	17.0	0.147128	1.13458	0.509734	18.0	0.145102	1.06381	0.155892	19.0	0.130896	1.11488	0.0759209	20.0	0.0840196	1.00469	1.35938	21.0	-0.169821	1.17837	0.73368	22.0	-0.154212	1.15664	0.751235	23.0	0.3417	1.14183	0.678208	24.0	0.376555	1.1299	0.742454
2.543	0.0	0.0804044	1.04254	0.828128	1.0	0.079885	1.02751	1.13743	2.0	0.0869008	1.02396	1.43698	3.0	0.098403	1.03612	1.59543	4.0	-0.0965482	1.05416	1.30691	5.0	-0.174298	1.06361	1.06014	6.0	-0.183167	1.14573	0.865334	7.0	-0.177839	1.19012	0.800018	8.0	0.244567	1.01377	1.28324	9.0	0.304671	1.02804	1.02647	10.0	0.342461	1.09232	0.816375	11.0	0.338241	1.11818	0.750147	12.0	0.0260875	1.08886	0.827537	13.0	-0.0424903	1.09938	0.482807	14.0	0.0685886	0.828818	0.197089	15.0	0.0991892	0.965996	0.159879	16.0	0.176337	1.05698	0.835865	17.0	0.151531	1.14202	0.497905	18.0	0.145719	1.06583	0.155244	19.0	0.130126	1.11508	0.0752899	20.0	0.0838353	1.02289	1.36343	21.0	-0.173061	1.21033	0.743701	22.0	-0.1506	1.18672	0.768834	23.0	0.344848	1.13569	0.680977	24.0	0.380069	1.12521	0.751707
2.576	0.0	0.0800936	1.06437	0.831298	1.0	0.080905	1.04875	1.1418	2.0	0.0891238	1.0443	1.44215	3.0	0.0954606	1.05701	1.59942	4.0	-0.0977848	1.07177	1.30914	5.0	-0.169414	1.07389	1.0606	6.0	-0.18067	1.16536	0.869673	7.0	-0.173645	1.21324	0.812005	8.0	0.244182	1.03946	1.28822	9.0	0.31323	1.05072	1.03481	10.0	0.351385	1.11821	0.820795	11.0	0.345343	1.13524	0.754167	12.0	0.0257834	1.10874	0.830633	13.0	-0.0322633	1.12626	0.492221	14.0	0.0790775	0.867516	0.195306	15.0	0.107064	1.0049	0.158274	16.0	0.176376	1.07997	0.838857	17.0	0.143688	1.14614	0.48976	18.0	0.14603	1.06728	0.154431	19.0	0.13036	1.1151	0.0741506	20.0	0.0857758	1.04348	1.36844	21.0	-0.170005	1.24891	0.759096	22.0	-0.158165	1.19769	0.763744	23.0	0.341395	1.14509	0.683063	24.0	0.387237	1.1411	0.776069
2.61	0.0	0.07769	1.07462	0.832401	1.0	0.0791903	1.06109	1.14351	2.0	0.088278	1.05902	1.44447	3.0	0.0899206	1.0808	1.60303	4.0	-0.0995484	1.08211	1.314	5.0	-0.167338	1.08201	1.0609	6.0	-0.179398	1.17495	0.870595	7.0	-0.173665	1.22331	0.818429	8.0	0.244921	1.05575	1.29123	9.0	0.319057	1.07427	1.0456	10.0	0.357112	1.14107	0.824712	11.0	0.356255	1.15589	0.758346	12.0	0.0236691	1.11667	0.831638	13.0	-0.0275896	1.14374	0.4943	14.0	0.0779685	0.897671	0.184509	15.0	0.0787944	0.935113	0.0947349	16.0	0.1739	1.09278	0.840033	17.0	0.136676	1.14851	0.47522	18.0	0.145787	1.06782	0.15342	19.0	0.129366	1.11415	0.0730637	20.0	0.0846935	1.05759	1.37061	21.0	-0.166583	1.2519	0.766048	22.0	-0.159797	1.20602	0.774453	23.0	0.34669	1.15507	0.685261	24.0	0.398785	1.15798	0.764061
2.643	0.0	0.0757569	1.09212	0.83374	1.0	0.079136	1.07775	1.14594	2.0	0.0899557	1.07475	1.44779	3.0	0.089706	1.09735	1.6057	4.0	-0.0986955	1.09898	1.31629	5.0	-0.165538	1.09436	1.06505	6.0	-0.1775	1.19283	0.87718	7.0	-0.164079	1.24901	0.811198	8.0	0.246597	1.07676	1.29257	9.0	0.32379	1.09882	1.0505	10.0	0.361803	1.16791	0.829619	11.0	0.365355	1.18235	0.762836	12.0	0.021726	1.13172	0.833719	13.0	-0.0150296	1.16905	0.499486	14.0	0.0342259	1.03576	0.152399	15.0	0.0602943	1.17204	0.116215	16.0	0.172341	1.11238	0.840498	17.0	0.126819	1.15814	0.457283	18.0	0.145345	1.06805	0.152172	19.0	0.121701	1.11057	0.074076	20.0	0.085952	1.07356	1.37374	21.0	-0.157512	1.27186	0.772267	22.0	-0.146338	1.22488	0.776186	23.0	0.359128	1.18043	0.689404	24.0	0.409854	1.18331	0.755527
2.676	0.0	0.0742795	1.10813	0.836056	1.0	0.0790721	1.09407	1.14885	2.0	0.0913635	1.09127	1.4512	3.0	0.0899769	1.11347	1.60736	4.0	-0.100842	1.10989	1.32001	5.0	-0.166102	1.10193	1.06503	6.0	-0.177861	1.20167	0.877649	7.0	-0.163169	1.25834	0.815076	8.0	0.244743	1.09248	1.29489	9.0	0.324719	1.11825	1.05127	10.0	0.364895	1.19039	0.829683	11.0	0.369339	1.21107	0.761799	12.0	0.0206619	1.14589	0.836465	13.0	-0.00739044	1.18096	0.487466	14.0	0.0401198	1.0575	0.154751	15.0	0.0137389	1.08384	0.0769052	16.0	0.170693	1.12998	0.842345	17.0	0.126932	1.16163	0.453706	18.0	0.140771	1.07005	0.149024	19.0	0.0800873	1.09947	0.0983781	20.0	0.0869866	1.09004	1.37703	21.0	-0.15413	1.27741	0.771712	22.0	-0.13392	1.25216	0.778147	23.0	0.368832	1.22139	0.693812	24.0	0.417732	1.21231	0.755333
2.71	0.0	0.0690289	1.1224	0.835813	1.0	0.0758939	1.10893	1.14936	2.0	0.0902814	1.10694	1.45241	3.0	0.0896806	1.1335	1.60826	4.0	-0.102839	1.12478	1.32219	5.0	-0.166249	1.11858	1.06905	6.0	-0.177645	1.21511	0.88001	7.0	-0.161442	1.27037	0.816207	8.0	0.24299	1.11141	1.29643	9.0	0.324387	1.13789	1.05459	10.0	0.366086	1.21658	0.830542	11.0	0.371254	1.24391	0.761335	12.0	0.0165275	1.15962	0.83709	13.0	0.00163195	1.21492	0.475115	14.0	0.0188108	1.11012	0.142102	15.0	0.0426559	1.24591	0.106132	16.0	0.164621	1.1445	0.841294	17.0	0.138324	1.16608	0.443479	18.0	0.137139	1.07163	0.145815	19.0	0.073888	1.11623	0.100863	20.0	0.0853711	1.10549	1.37807	21.0	-0.152059	1.29193	0.770315	22.0	-0.123507	1.27598	0.781734	23.0	0.367973	1.26098	0.693572	24.0	0.415007	1.24596	0.750025
2.743	0.0	0.0615773	1.14395	0.836306	1.0	0.072029	1.13074	1.15015	2.0	0.0899589	1.12913	1.45341	3.0	0.0899756	1.15153	1.60855	4.0	-0.101024	1.14762	1.32384	5.0	-0.165577	1.13462	1.07083	6.0	-0.177569	1.22896	0.880747	7.0	-0.165042	1.27763	0.826959	8.0	0.242304	1.12919	1.29806	9.0	0.323306	1.15485	1.05531	10.0	0.367723	1.24208	0.832789	11.0	0.37092	1.2746	0.767904	12.0	0.00880085	1.1827	0.838313	13.0	-0.000868903	1.25978	0.490452	14.0	0.00677168	1.1596	0.143932	15.0	0.0326877	1.29494	0.108029	16.0	0.157985	1.16413	0.841192	17.0	0.14739	1.16908	0.443797	18.0	0.139317	1.07131	0.143609	19.0	0.118103	1.11524	0.0647158	20.0	0.0841611	1.12758	1.37904	21.0	-0.152355	1.30409	0.772381	22.0	-0.12601	1.29012	0.778698	23.0	0.374691	1.29143	0.704023	24.0	0.424629	1.28727	0.766588
2.777	0.0	0.0575271	1.16182	0.838143	1.0	0.0704291	1.14735	1.15174	2.0	0.0906448	1.14434	1.45471	3.0	0.0883664	1.17119	1.61095	4.0	-0.100382	1.16106	1.32715	5.0	-0.166423	1.15256	1.0721	6.0	-0.178937	1.23859	0.878442	7.0	-0.16946	1.28894	0.823147	8.0	0.242013	1.14979	1.29927	9.0	0.321513	1.17288	1.0568	10.0	0.362748	1.2665	0.837599	11.0	0.365816	1.30292	0.774375	12.0	0.00472207	1.19816	0.840418	13.0	-0.00283422	1.27865	0.485783	14.0	-0.0057865	1.21988	0.148155	15.0	0.0184756	1.35491	0.112487	16.0	0.154425	1.18427	0.842674	17.0	0.153772	1.17466	0.447175	18.0	0.139834	1.07134	0.142709	19.0	0.117041	1.11578	0.0645575	20.0	0.0842956	1.14316	1.38042	21.0	-0.154075	1.3198	0.764923	22.0	-0.138231	1.28864	0.779325	23.0	0.368863	1.32018	0.711769	24.0	0.410437	1.30413	0.780933
2.809	0.0	0.0509076	1.17702	0.840087	1.0	0.0661225	1.16537	1.15318	2.0	0.0891256	1.16559	1.45553	3.0	0.0847681	1.19212	1.61108	4.0	-0.102163	1.17752	1.32983	5.0	-0.167439	1.16755	1.07301	6.0	-0.181839	1.25045	0.878245	7.0	-0.173882	1.30059	0.82229	8.0	0.240443	1.16848	1.30148	9.0	0.319025	1.1903	1.06148	10.0	0.358748	1.28162	0.845909	11.0	0.356462	1.3271	0.777847	12.0	-0.0022836	1.2118	0.842711	13.0	-0.0030084	1.30716	0.491851	14.0	-0.0159603	1.27904	0.162851	15.0	0.00802967	1.41354	0.12688	16.0	0.148615	1.20068	0.844225	17.0	0.15941	1.18429	0.455948	18.0	0.140682	1.07163	0.141418	19.0	0.116934	1.11608	0.0636662	20.0	0.0820233	1.16356	1.38141	21.0	-0.160715	1.3275	0.766048	22.0	-0.136613	1.31813	0.794617	23.0	0.361058	1.34697	0.718528	24.0	0.396267	1.33105	0.768573
2.843	0.0	0.0480478	1.1938	0.842252	1.0	0.0649029	1.18317	1.15652	2.0	0.0895632	1.18379	1.45998	3.0	0.0823782	1.2134	1.61556	4.0	-0.102436	1.19909	1.33016	5.0	-0.168058	1.18499	1.07593	6.0	-0.183772	1.26839	0.881453	7.0	-0.180698	1.31108	0.822084	8.0	0.23894	1.18493	1.30547	9.0	0.314793	1.20626	1.06998	10.0	0.349687	1.30447	0.849475	11.0	0.346795	1.34829	0.781814	12.0	-0.00577035	1.22954	0.845259	13.0	-0.00499716	1.33127	0.496685	14.0	-0.0211805	1.33523	0.168786	15.0	0.0047654	1.46922	0.132841	16.0	0.146652	1.21615	0.846014	17.0	0.16241	1.19005	0.463648	18.0	0.142067	1.07159	0.140629	19.0	0.115675	1.1166	0.0642127	20.0	0.0820555	1.18173	1.3856	21.0	-0.16961	1.33783	0.76348	22.0	-0.14229	1.33144	0.785519	23.0	0.348038	1.37348	0.723608	24.0	0.386318	1.35049	0.764851
2.876	0.0	0.0459042	1.21309	0.843744	1.0	0.0636402	1.20587	1.15843	2.0	0.0893209	1.21006	1.46226	3.0	0.0793839	1.23372	1.61793	4.0	-0.101455	1.22537	1.32762	5.0	-0.16735	1.20616	1.0745	6.0	-0.185536	1.28399	0.87826	7.0	-0.181311	1.32875	0.820027	8.0	0.238085	1.20827	1.30746	9.0	0.312989	1.22806	1.07574	10.0	0.34329	1.32496	0.853738	11.0	0.336874	1.3705	0.7826	12.0	-0.00828563	1.24786	0.846322	13.0	-0.00667462	1.35786	0.500425	14.0	-0.0186085	1.39065	0.155612	15.0	-0.0337344	1.45608	0.0842886	16.0	0.145292	1.23613	0.847947	17.0	0.166286	1.1949	0.468942	18.0	0.144108	1.07336	0.141784	19.0	0.116267	1.11499	0.0654697	20.0	0.0815422	1.2071	1.3878	21.0	-0.170066	1.36196	0.760876	22.0	-0.153382	1.33268	0.768879	23.0	0.334952	1.39557	0.725148	24.0	0.373111	1.38113	0.765038
2.91	0.0	0.044245	1.23178	0.845134	1.0	0.0619788	1.22587	1.16067	2.0	0.0876381	1.231	1.46525	3.0	0.0746503	1.25723	1.62206	4.0	-0.102389	1.24586	1.32521	5.0	-0.169084	1.22378	1.07459	6.0	-0.186571	1.30248	0.878544	7.0	-0.185267	1.34289	0.818338	8.0	0.238092	1.22725	1.3096	9.0	0.31139	1.2492	1.07701	10.0	0.334161	1.3489	0.853203	11.0	0.327874	1.38813	0.78676	12.0	-0.0110517	1.2667	0.847592	13.0	-0.0082821	1.37992	0.506265	14.0	-0.0124956	1.432	0.164171	15.0	-0.0298059	1.49908	0.0949808	16.0	0.145066	1.25444	0.849447	17.0	0.167893	1.19817	0.470739	18.0	0.144773	1.07461	0.142812	19.0	0.116966	1.11809	0.0667568	20.0	0.0798627	1.22785	1.39062	21.0	-0.173051	1.37426	0.756889	22.0	-0.149748	1.35741	0.785745	23.0	0.322553	1.41171	0.726396	24.0	0.352941	1.36317	0.739255
2.943	0.0	0.0441209	1.24958	0.844939	1.0	0.0604273	1.24563	1.16136	2.0	0.0845711	1.25291	1.46678	3.0	0.0672671	1.28406	1.62341	4.0	-0.103576	1.27074	1.32371	5.0	-0.171438	1.24717	1.07426	6.0	-0.190608	1.31851	0.875964	7.0	-0.189678	1.35847	0.816028	8.0	0.238049	1.25186	1.31125	9.0	0.308903	1.26835	1.08105	10.0	0.329151	1.36488	0.856413	11.0	0.319807	1.40801	0.787523	12.0	-0.0106347	1.28325	0.84722	13.0	-0.00847214	1.40139	0.504778	14.0	-0.0104655	1.45856	0.155759	15.0	-0.0263602	1.55248	0.0974531	16.0	0.144695	1.2732	0.849489	17.0	0.169243	1.21088	0.48055	18.0	0.145542	1.07671	0.143921	19.0	0.118097	1.11991	0.0676129	20.0	0.0771778	1.24921	1.39195	21.0	-0.178939	1.38465	0.754131	22.0	-0.172969	1.34109	0.770389	23.0	0.310355	1.43019	0.725245	24.0	0.347386	1.39447	0.743475
2.976	0.0	0.040702	1.2622	0.844813	1.0	0.0568444	1.26318	1.16216	2.0	0.0812184	1.27584	1.46863	3.0	0.063355	1.29889	1.62479	4.0	-0.109254	1.28729	1.32536	5.0	-0.175807	1.26589	1.07345	6.0	-0.197674	1.33535	0.874977	7.0	-0.199037	1.37475	0.812642	8.0	0.234132	1.27798	1.31275	9.0	0.306413	1.29255	1.08595	10.0	0.318932	1.38932	0.846966	11.0	0.287749	1.4098	0.78994	12.0	-0.0135278	1.2948	0.847063	13.0	-0.00774458	1.4214	0.499258	14.0	-0.00862287	1.48959	0.161575	15.0	-0.0230403	1.5666	0.0976714	16.0	0.141039	1.28664	0.84942	17.0	0.169896	1.21592	0.481197	18.0	0.14673	1.0789	0.146059	19.0	0.118862	1.12015	0.0696152	20.0	0.0737189	1.27077	1.39354	21.0	-0.184043	1.40221	0.749314	22.0	-0.169253	1.37145	0.761337	23.0	0.299475	1.44592	0.725752	24.0	0.34337	1.44188	0.78011
