56.068	0.0	-0.0496502	-0.258344	0.872243	1.0	-0.022002	-0.239413	1.18581	2.0	0.0104402	-0.207171	1.49202	3.0	0.00397776	-0.200595	1.63181	4.0	-0.17746	-0.196979	1.38345	5.0	-0.25557	-0.255324	1.14144	6.0	-0.257686	-0.155969	0.912502	7.0	-0.260825	-0.138354	0.840374	8.0	0.167601	-0.212288	1.36054	9.0	0.213764	-0.256312	1.11754	10.0	0.230914	-0.183476	0.880187	11.0	0.206839	-0.180352	0.812711	12.0	-0.0988156	-0.211129	0.874113	13.0	-0.14907	-0.22512	0.501318	14.0	-0.136415	-0.427567	0.139491	15.0	-0.117234	-0.290632	0.0998711	16.0	0.0301726	-0.228716	0.874016	17.0	0.0694058	-0.195044	0.491657	18.0	0.0579259	-0.227548	0.137622	19.0	0.0908654	-0.111429	0.0696355	20.0	0.00142241	-0.217694	1.41651	21.0	-0.272326	-0.139317	0.780282	22.0	-0.259156	-0.0924375	0.860418	23.0	0.212165	-0.192087	0.742242	24.0	0.246705	-0.176588	0.810526
56.103	0.0	-0.0460582	-0.244935	0.874382	1.0	-0.019952	-0.22502	1.18681	2.0	0.0109476	-0.191492	1.49183	3.0	0.00358153	-0.192169	1.63178	4.0	-0.176648	-0.184579	1.38523	5.0	-0.255505	-0.241342	1.14216	6.0	-0.256336	-0.142687	0.912914	7.0	-0.257746	-0.131916	0.846516	8.0	0.169342	-0.197371	1.36448	9.0	0.213839	-0.234831	1.11845	10.0	0.237074	-0.138211	0.888935	11.0	0.221117	-0.126851	0.822552	12.0	-0.0950193	-0.197904	0.87614	13.0	-0.147747	-0.180098	0.502465	14.0	-0.114234	-0.362295	0.129851	15.0	-0.142531	-0.348664	0.0577625	16.0	0.0335961	-0.215129	0.876231	17.0	0.0688383	-0.192193	0.490958	18.0	0.058423	-0.228345	0.138839	19.0	0.0910323	-0.1149	0.0709485	20.0	0.00231785	-0.202364	1.41663	21.0	-0.251824	-0.134292	0.775583	22.0	-0.276474	-0.107601	0.804939	23.0	0.209442	-0.137659	0.770402	24.0	0.229031	-0.144022	0.794266
56.136	0.0	-0.050361	-0.215964	0.879288	1.0	-0.0228209	-0.194503	1.19198	2.0	0.00966262	-0.15984	1.49719	3.0	0.00350359	-0.150104	1.63742	4.0	-0.177656	-0.162382	1.38776	5.0	-0.256554	-0.224764	1.14144	6.0	-0.256255	-0.132724	0.909742	7.0	-0.253633	-0.112176	0.843001	8.0	0.16842	-0.158206	1.37414	9.0	0.224412	-0.185662	1.13569	10.0	0.243102	-0.0934234	0.90417	11.0	0.205921	-0.0922921	0.834404	12.0	-0.0984841	-0.172171	0.882606	13.0	-0.145869	-0.123904	0.510987	14.0	-0.10519	-0.290837	0.17265	15.0	-0.111828	-0.242287	0.0902907	16.0	0.028711	-0.182709	0.879308	17.0	0.0684337	-0.188748	0.490724	18.0	0.057896	-0.228777	0.13968	19.0	0.0910075	-0.115815	0.0710969	20.0	0.000616916	-0.170951	1.42195	21.0	-0.25875	-0.115997	0.776395	22.0	-0.274302	-0.0957927	0.798379	23.0	0.20851	-0.0939654	0.757453	24.0	0.159892	-0.0899374	0.805123
56.169	0.0	-0.0523068	-0.196035	0.879494	1.0	-0.0226746	-0.172792	1.19251	2.0	0.012063	-0.135963	1.49805	3.0	0.000442844	-0.137847	1.63556	4.0	-0.177686	-0.13488	1.38767	5.0	-0.256555	-0.207488	1.14001	6.0	-0.254473	-0.114824	0.908502	7.0	-0.251873	-0.0940927	0.850535	8.0	0.169313	-0.140211	1.37458	9.0	0.235424	-0.156398	1.13646	10.0	0.24588	-0.0556333	0.907675	11.0	0.213683	-0.0469178	0.833229	12.0	-0.100871	-0.154692	0.883731	13.0	-0.142058	-0.0767274	0.517266	14.0	-0.097659	-0.228738	0.162891	15.0	-0.11101	-0.141814	0.0846573	16.0	0.0275552	-0.160643	0.878613	17.0	0.0683055	-0.185009	0.491031	18.0	0.0481214	-0.232662	0.139841	19.0	0.0871705	-0.123625	0.0708003	20.0	0.00243258	-0.147653	1.42273	21.0	-0.255379	-0.0980523	0.777819	22.0	-0.267673	-0.0654737	0.826057	23.0	0.220301	-0.0380133	0.770263	24.0	0.156092	-0.0659502	0.844786
56.202	0.0	-0.0462241	-0.143376	0.875183	1.0	-0.0182484	-0.120568	1.18879	2.0	0.0147084	-0.0844872	1.4948	3.0	-0.000863007	-0.0827423	1.63324	4.0	-0.17102	-0.0847627	1.38375	5.0	-0.24946	-0.168842	1.13242	6.0	-0.253353	-0.0844444	0.898337	7.0	-0.249029	-0.0638796	0.85152	8.0	0.172212	-0.0789531	1.37058	9.0	0.251007	-0.100433	1.13679	10.0	0.259036	0.0135823	0.913529	11.0	0.241414	0.0323991	0.84445	12.0	-0.0948231	-0.101142	0.880487	13.0	-0.132232	-0.0212124	0.508547	14.0	-0.0950646	-0.126452	0.128798	15.0	-0.109674	-0.039086	0.0650613	16.0	0.0339251	-0.109132	0.873564	17.0	0.0695547	-0.173494	0.489456	18.0	0.0494305	-0.228013	0.142995	19.0	0.0859314	-0.12308	0.0710823	20.0	0.00553133	-0.0959554	1.41938	21.0	-0.257476	-0.0626577	0.776048	22.0	-0.266063	-0.0352774	0.837319	23.0	0.224182	0.0327491	0.789804	24.0	0.178654	-0.0119244	0.836675
56.235	0.0	-0.0470278	-0.133196	0.874225	1.0	-0.0210235	-0.110018	1.18738	2.0	0.00975771	-0.0732672	1.49284	3.0	-0.0021017	-0.0688802	1.63349	4.0	-0.173163	-0.0791278	1.38364	5.0	-0.251187	-0.154719	1.13048	6.0	-0.253145	-0.0732621	0.89544	7.0	-0.251616	-0.0514547	0.850121	8.0	0.170629	-0.0635536	1.37051	9.0	0.254665	-0.0727749	1.13656	10.0	0.261346	0.0511702	0.91811	11.0	0.251136	0.0814773	0.850165	12.0	-0.0955165	-0.0927679	0.879942	13.0	-0.126196	0.0118147	0.514616	14.0	-0.105986	-0.0225614	0.147978	15.0	-0.0955704	0.0528809	0.0721999	16.0	0.0331177	-0.0970099	0.872162	17.0	0.0710154	-0.161012	0.492441	18.0	0.049212	-0.226829	0.144095	19.0	0.0853047	-0.123347	0.0713662	20.0	0.00114749	-0.0849263	1.41756	21.0	-0.25133	-0.0368155	0.78178	22.0	-0.269421	-0.0235581	0.804765	23.0	0.23448	0.0809114	0.797277	24.0	0.238033	0.0558296	0.820863
56.268	0.0	-0.0469295	-0.0910686	0.866837	1.0	-0.0239745	-0.062418	1.18056	2.0	0.00407136	-0.0220514	1.48693	3.0	-0.00895608	-0.0128507	1.62383	4.0	-0.174459	-0.0280977	1.37207	5.0	-0.246257	-0.114552	1.11995	6.0	-0.255017	-0.0390562	0.883553	7.0	-0.24868	-0.020548	0.821676	8.0	0.169693	-0.018622	1.36524	9.0	0.25949	-0.0263965	1.13305	10.0	0.262114	0.103477	0.917732	11.0	0.255905	0.136975	0.852626	12.0	-0.0962734	-0.0518282	0.873787	13.0	-0.11203	0.0628643	0.502709	14.0	-0.106255	0.0847781	0.162279	15.0	-0.0980649	0.178131	0.0855042	16.0	0.0344611	-0.0541406	0.863818	17.0	0.0743271	-0.135732	0.50109	18.0	0.0517126	-0.223637	0.147714	19.0	0.0861043	-0.121445	0.072031	20.0	-0.00393234	-0.0343152	1.4114	21.0	-0.250224	-0.019446	0.7655	22.0	-0.253133	-0.0115957	0.773641	23.0	0.235054	0.14158	0.801768	24.0	0.257958	0.136113	0.796497
56.303	0.0	-0.047335	-0.0823261	0.865486	1.0	-0.0258609	-0.0538531	1.17929	2.0	0.000515877	-0.0122141	1.48546	3.0	-0.0115786	-0.00678324	1.62338	4.0	-0.177022	-0.0219864	1.37096	5.0	-0.249459	-0.106459	1.11678	6.0	-0.256456	-0.0317786	0.880075	7.0	-0.257056	-0.00969035	0.818047	8.0	0.166448	-0.00731422	1.36353	9.0	0.259134	-0.0143029	1.1323	10.0	0.266347	0.123846	0.921795	11.0	0.254592	0.169035	0.853485	12.0	-0.0965353	-0.0424934	0.870914	13.0	-0.112113	0.077808	0.497121	14.0	-0.0970492	0.158932	0.168894	15.0	-0.0991436	0.277204	0.0925128	16.0	0.0339837	-0.0457307	0.863897	17.0	0.0743533	-0.134265	0.499983	18.0	0.0516229	-0.223406	0.147709	19.0	0.0860987	-0.121441	0.0720509	20.0	-0.00700787	-0.0250401	1.41001	21.0	-0.258004	-0.0143377	0.750204	22.0	-0.287579	0.00670884	0.804174	23.0	0.23362	0.176467	0.802786	24.0	0.25467	0.163541	0.800296
56.335	0.0	-0.0465609	-0.040517	0.85025	1.0	-0.029393	-0.0111944	1.16766	2.0	-0.00686619	0.0319323	1.47715	3.0	-0.0223371	0.0411307	1.60775	4.0	-0.191871	0.0225164	1.35307	5.0	-0.255263	-0.0596535	1.09847	6.0	-0.256499	0.00812403	0.85985	7.0	-0.255825	0.0133114	0.814271	8.0	0.155976	0.0433568	1.35203	9.0	0.256065	0.0453967	1.1228	10.0	0.274018	0.184566	0.913385	11.0	0.255209	0.211952	0.849784	12.0	-0.0954836	0.00215601	0.853744	13.0	-0.107113	0.126461	0.482225	14.0	-0.090331	0.243415	0.158787	15.0	-0.092814	0.366028	0.0925958	16.0	0.0348166	-0.00718473	0.851096	17.0	0.0759367	-0.120518	0.492775	18.0	0.0518474	-0.221099	0.148029	19.0	0.0859436	-0.121512	0.0722154	20.0	-0.0134906	0.0186658	1.40089	21.0	-0.249234	0.0192868	0.749087	22.0	-0.266111	0.0515929	0.811289	23.0	0.235919	0.227398	0.799564	24.0	0.258707	0.213896	0.803859
56.368	0.0	-0.0478363	-0.0120399	0.843945	1.0	-0.0316793	0.0158567	1.16246	2.0	-0.00989137	0.0567409	1.47311	3.0	-0.0239976	0.0687744	1.60938	4.0	-0.194255	0.0468208	1.35023	5.0	-0.253687	-0.0423138	1.09701	6.0	-0.258053	0.0262627	0.858686	7.0	-0.256957	0.0420829	0.801116	8.0	0.153699	0.0706553	1.3472	9.0	0.251022	0.0648523	1.11751	10.0	0.272853	0.211741	0.913359	11.0	0.254819	0.246104	0.847792	12.0	-0.0968135	0.0284029	0.847481	13.0	-0.10209	0.172517	0.45933	14.0	-0.0939724	0.302253	0.161266	15.0	-0.0848964	0.416653	0.102495	16.0	0.0338933	0.0235703	0.845012	17.0	0.073129	-0.0857981	0.493805	18.0	0.0508867	-0.218533	0.148777	19.0	0.085846	-0.121453	0.0723488	20.0	-0.0163696	0.0441136	1.39656	21.0	-0.262735	0.0393726	0.748544	22.0	-0.269168	0.0570524	0.774332	23.0	0.237663	0.259428	0.798441	24.0	0.25634	0.239619	0.795565
56.403	0.0	-0.0421794	0.0386339	0.836113	1.0	-0.0335856	0.0618727	1.15505	2.0	-0.0186647	0.0985133	1.46599	3.0	-0.0419828	0.111082	1.59995	4.0	-0.194762	0.0965582	1.33959	5.0	-0.255193	0.0107459	1.07528	6.0	-0.262134	0.0726181	0.835649	7.0	-0.253786	0.0800442	0.81752	8.0	0.146865	0.11266	1.3445	9.0	0.242347	0.101575	1.11461	10.0	0.265626	0.239223	0.904699	11.0	0.252707	0.275467	0.837191	12.0	-0.0917694	0.0800184	0.839271	13.0	-0.100437	0.217417	0.464933	14.0	-0.0754175	0.338684	0.10998	15.0	-0.0896202	0.453629	0.0821089	16.0	0.0404902	0.0730176	0.83783	17.0	0.0740744	-0.0587236	0.491059	18.0	0.0505827	-0.206329	0.151282	19.0	0.0853374	-0.120391	0.0734368	20.0	-0.0234812	0.0868015	1.3894	21.0	-0.259249	0.0838	0.745405	22.0	-0.266499	0.0915105	0.811658	23.0	0.234891	0.28184	0.790789	24.0	0.255042	0.265884	0.79285
56.435	0.0	-0.0359226	0.0737595	0.833845	1.0	-0.0340961	0.097436	1.153	2.0	-0.02639	0.135293	1.46403	3.0	-0.0438337	0.14979	1.59895	4.0	-0.200265	0.123919	1.33696	5.0	-0.262663	0.0385445	1.06539	6.0	-0.261913	0.105302	0.82658	7.0	-0.259136	0.119666	0.78313	8.0	0.135925	0.150364	1.33853	9.0	0.239196	0.137763	1.11193	10.0	0.258821	0.276682	0.902478	11.0	0.253528	0.304677	0.84015	12.0	-0.0843516	0.11622	0.836727	13.0	-0.101247	0.25097	0.476314	14.0	-0.0787026	0.344461	0.14762	15.0	-0.0807126	0.439174	0.0881357	16.0	0.0458164	0.107011	0.835939	17.0	0.0759349	-0.0119132	0.497452	18.0	0.0481709	-0.193179	0.152128	19.0	0.0858765	-0.116474	0.0744787	20.0	-0.0293706	0.123401	1.38741	21.0	-0.262884	0.115624	0.741783	22.0	-0.265486	0.131611	0.760704	23.0	0.241139	0.31405	0.785955	24.0	0.258172	0.298163	0.781526
56.468	0.0	-0.0426923	0.109097	0.833262	1.0	-0.0413716	0.127985	1.15227	2.0	-0.0336881	0.159862	1.46318	3.0	-0.0545268	0.168718	1.59642	4.0	-0.213739	0.153449	1.33207	5.0	-0.270589	0.0754954	1.05806	6.0	-0.265218	0.139435	0.818577	7.0	-0.263328	0.153996	0.789579	8.0	0.128328	0.17154	1.33907	9.0	0.228808	0.155961	1.11165	10.0	0.25371	0.280713	0.894602	11.0	0.247254	0.314972	0.834375	12.0	-0.0916523	0.146721	0.836129	13.0	-0.106457	0.279987	0.492264	14.0	-0.0782483	0.345947	0.153902	15.0	-0.0799651	0.438686	0.0884297	16.0	0.0401937	0.147329	0.835451	17.0	0.0755451	0.0154461	0.493041	18.0	0.0489274	-0.184051	0.151025	19.0	0.0853944	-0.112256	0.0759451	20.0	-0.0367197	0.149455	1.38659	21.0	-0.27241	0.145131	0.743747	22.0	-0.266591	0.155763	0.824275	23.0	0.236386	0.32468	0.777937	24.0	0.272024	0.30599	0.805985
56.503	0.0	-0.0505995	0.14975	0.836771	1.0	-0.0502808	0.162111	1.15511	2.0	-0.0435889	0.188295	1.4653	3.0	-0.0671442	0.202362	1.60126	4.0	-0.230126	0.187267	1.33457	5.0	-0.277859	0.111417	1.06437	6.0	-0.270665	0.164707	0.822766	7.0	-0.282977	0.174081	0.797052	8.0	0.118824	0.197228	1.34077	9.0	0.22021	0.172875	1.11513	10.0	0.246131	0.288762	0.89373	11.0	0.234906	0.316204	0.831627	12.0	-0.0994234	0.192474	0.838448	13.0	-0.113306	0.305814	0.500871	14.0	-0.0805448	0.346871	0.153767	15.0	-0.0803246	0.439915	0.0857488	16.0	0.0326698	0.182362	0.839919	17.0	0.0765855	0.0790547	0.493509	18.0	0.0527015	-0.161415	0.158951	19.0	0.0860042	-0.111907	0.0770297	20.0	-0.0464061	0.17932	1.3889	21.0	-0.289334	0.178841	0.754565	22.0	-0.287873	0.18313	0.812946	23.0	0.224907	0.32355	0.770135	24.0	0.167068	0.255161	0.851597
56.535	0.0	-0.0609756	0.201381	0.841922	1.0	-0.0593674	0.213518	1.16105	2.0	-0.0515674	0.238625	1.47175	3.0	-0.0721546	0.253864	1.60936	4.0	-0.224617	0.243293	1.33843	5.0	-0.274897	0.16765	1.07293	6.0	-0.274083	0.221523	0.83143	7.0	-0.275247	0.232314	0.816498	8.0	0.110653	0.248198	1.34442	9.0	0.214219	0.220807	1.12012	10.0	0.239196	0.316574	0.890132	11.0	0.21907	0.32682	0.836108	12.0	-0.108621	0.245169	0.843095	13.0	-0.116598	0.346595	0.503254	14.0	-0.0851639	0.360472	0.15467	15.0	-0.0791556	0.442492	0.0837045	16.0	0.0217549	0.232452	0.845692	17.0	0.0894813	0.164332	0.506497	18.0	0.0717745	-0.0918162	0.183647	19.0	0.0837347	0.0454294	0.145454	20.0	-0.0546442	0.229978	1.39525	21.0	-0.274781	0.244527	0.757234	22.0	-0.281183	0.247548	0.816221	23.0	0.226038	0.338763	0.767105	24.0	0.151392	0.294289	0.857761
56.569	0.0	-0.0673136	0.227001	0.848119	1.0	-0.0634198	0.236811	1.1667	2.0	-0.0535474	0.259785	1.47682	3.0	-0.0772073	0.272982	1.61369	4.0	-0.23465	0.260868	1.33862	5.0	-0.284624	0.194059	1.07891	6.0	-0.277014	0.264669	0.840865	7.0	-0.280849	0.272058	0.81571	8.0	0.107182	0.263555	1.348	9.0	0.207844	0.232318	1.12322	10.0	0.235986	0.323668	0.89194	11.0	0.230715	0.349119	0.837545	12.0	-0.114501	0.266579	0.846815	13.0	-0.117323	0.352114	0.504147	14.0	-0.0862052	0.365692	0.149484	15.0	-0.0791454	0.44613	0.0785411	16.0	0.0153986	0.26257	0.854624	17.0	0.0898312	0.234104	0.516821	18.0	0.0777926	-0.0315731	0.201748	19.0	0.0905516	0.105805	0.163745	20.0	-0.0571259	0.251656	1.40047	21.0	-0.28766	0.268512	0.741469	22.0	-0.282007	0.28137	0.766896	23.0	0.221167	0.351265	0.769306	24.0	0.223681	0.392288	0.839427
56.602	0.0	-0.073012	0.266507	0.854247	1.0	-0.0691618	0.274746	1.17199	2.0	-0.0590438	0.295787	1.48113	3.0	-0.0854067	0.304522	1.62108	4.0	-0.239511	0.312207	1.34452	5.0	-0.292252	0.250769	1.09166	6.0	-0.282582	0.306087	0.85027	7.0	-0.285256	0.31848	0.80518	8.0	0.0998048	0.298422	1.3551	9.0	0.19597	0.25742	1.12551	10.0	0.228439	0.342712	0.892683	11.0	0.221496	0.361892	0.838496	12.0	-0.120183	0.315992	0.852547	13.0	-0.122161	0.365613	0.502701	14.0	-0.0855728	0.367488	0.146062	15.0	-0.0808967	0.449454	0.0763843	16.0	0.0103366	0.292355	0.860446	17.0	0.0882505	0.298221	0.520878	18.0	0.0813595	0.0324217	0.205559	19.0	0.0992313	0.169748	0.167948	20.0	-0.0627149	0.288179	1.40505	21.0	-0.289141	0.308523	0.727171	22.0	-0.289856	0.337106	0.760585	23.0	0.210015	0.36759	0.769231	24.0	0.184658	0.368666	0.836229
56.635	0.0	-0.0763137	0.290135	0.859475	1.0	-0.0737758	0.299744	1.17627	2.0	-0.0649937	0.322418	1.48437	3.0	-0.0892927	0.345052	1.62905	4.0	-0.241816	0.336157	1.34708	5.0	-0.298014	0.278924	1.09969	6.0	-0.288257	0.360931	0.864703	7.0	-0.283319	0.374392	0.808799	8.0	0.100656	0.315431	1.35898	9.0	0.190504	0.275776	1.12468	10.0	0.223464	0.360166	0.891609	11.0	0.213838	0.375558	0.843357	12.0	-0.123135	0.334497	0.856092	13.0	-0.12572	0.377089	0.495355	14.0	-0.0855003	0.367559	0.146878	15.0	-0.0808502	0.449088	0.0768604	16.0	0.00702203	0.320286	0.867521	17.0	0.086997	0.363507	0.526089	18.0	0.0901059	0.104004	0.204854	19.0	0.11018	0.241118	0.167301	20.0	-0.068335	0.314384	1.40856	21.0	-0.288412	0.376681	0.738138	22.0	-0.295829	0.399639	0.800937	23.0	0.209402	0.368647	0.776037	24.0	0.230838	0.364647	0.815108
56.668	0.0	-0.0783437	0.328995	0.863127	1.0	-0.0764433	0.339861	1.18107	2.0	-0.0680938	0.363428	1.49021	3.0	-0.0916414	0.379661	1.6314	4.0	-0.240364	0.387096	1.35451	5.0	-0.300471	0.333643	1.10975	6.0	-0.291392	0.426388	0.878225	7.0	-0.288621	0.432058	0.811938	8.0	0.0994878	0.353612	1.36612	9.0	0.18335	0.303492	1.13199	10.0	0.218386	0.380173	0.896852	11.0	0.208993	0.395378	0.845326	12.0	-0.125521	0.379696	0.858491	13.0	-0.126672	0.386083	0.492542	14.0	-0.0853429	0.367992	0.147044	15.0	-0.0806975	0.449107	0.0767884	16.0	0.00564167	0.352745	0.872076	17.0	0.0879103	0.420292	0.531844	18.0	0.0835699	0.174863	0.198875	19.0	0.10785	0.311436	0.161524	20.0	-0.071355	0.355213	1.41416	21.0	-0.291479	0.425056	0.761024	22.0	-0.284661	0.485534	0.819184	23.0	0.20132	0.392212	0.778543	24.0	0.232778	0.375801	0.821593
56.703	0.0	-0.0829714	0.348229	0.86673	1.0	-0.0784844	0.357267	1.18558	2.0	-0.067781	0.379525	1.49554	3.0	-0.0951806	0.397576	1.63517	4.0	-0.241824	0.405159	1.35915	5.0	-0.308816	0.378152	1.12382	6.0	-0.301916	0.469078	0.89158	7.0	-0.296898	0.489523	0.834126	8.0	0.0994504	0.366213	1.3689	9.0	0.181871	0.317374	1.13289	10.0	0.214898	0.397075	0.898341	11.0	0.202285	0.411676	0.847292	12.0	-0.128551	0.399222	0.861704	13.0	-0.128018	0.390971	0.49296	14.0	-0.0853588	0.369755	0.144481	15.0	-0.0775225	0.446299	0.0714043	16.0	-0.000213284	0.371184	0.876111	17.0	0.0824787	0.447724	0.527147	18.0	0.0809992	0.239436	0.173547	19.0	0.108739	0.270081	0.0905715	20.0	-0.071617	0.371592	1.41929	21.0	-0.299755	0.496986	0.76446	22.0	-0.292055	0.541412	0.837669	23.0	0.190344	0.407508	0.77563	24.0	0.211752	0.393726	0.814795
56.736	0.0	-0.0875784	0.375128	0.870837	1.0	-0.0805816	0.385124	1.18978	2.0	-0.0671047	0.407965	1.4997	3.0	-0.0961606	0.436117	1.63924	4.0	-0.243664	0.442406	1.36688	5.0	-0.313164	0.403861	1.13266	6.0	-0.310478	0.523204	0.912305	7.0	-0.304042	0.550237	0.845208	8.0	0.0979035	0.397543	1.37274	9.0	0.177923	0.341199	1.13284	10.0	0.210164	0.420897	0.898184	11.0	0.196714	0.433133	0.849011	12.0	-0.132605	0.427023	0.865664	13.0	-0.131088	0.401107	0.488452	14.0	-0.0853766	0.369683	0.144625	15.0	-0.080024	0.438961	0.0686199	16.0	-0.00496639	0.396943	0.880352	17.0	0.0757072	0.499982	0.512182	18.0	0.0843326	0.325864	0.150563	19.0	0.0696025	0.367503	0.0723037	20.0	-0.0716536	0.399922	1.42348	21.0	-0.304429	0.576616	0.78843	22.0	-0.29442	0.59623	0.871254	23.0	0.189325	0.424139	0.773314	24.0	0.23368	0.432887	0.846394
56.769	0.0	-0.0918735	0.395776	0.87231	1.0	-0.0833825	0.408479	1.19014	2.0	-0.0681926	0.434339	1.49879	3.0	-0.0964829	0.456633	1.63686	4.0	-0.24443	0.466193	1.36915	5.0	-0.320883	0.449552	1.1387	6.0	-0.314145	0.579441	0.923859	7.0	-0.308813	0.609739	0.859888	8.0	0.0968986	0.416412	1.37186	9.0	0.176474	0.359868	1.13366	10.0	0.209123	0.433959	0.897469	11.0	0.194246	0.452286	0.849181	12.0	-0.137163	0.448698	0.867589	13.0	-0.136228	0.413129	0.485047	14.0	-0.0825654	0.368642	0.139542	15.0	-0.067102	0.443047	0.0649744	16.0	-0.0086972	0.416414	0.881401	17.0	0.0735058	0.541392	0.504331	18.0	0.074491	0.407653	0.14924	19.0	0.108597	0.489833	0.0806121	20.0	-0.0731963	0.425517	1.42291	21.0	-0.308162	0.627613	0.796013	22.0	-0.297758	0.663869	0.867694	23.0	0.187981	0.451433	0.777983	24.0	0.231992	0.451815	0.851277
56.802	0.0	-0.0944639	0.434522	0.868215	1.0	-0.0845471	0.452231	1.18536	2.0	-0.0678006	0.48269	1.49339	3.0	-0.09164	0.503543	1.63535	4.0	-0.241514	0.516999	1.36453	5.0	-0.323418	0.48615	1.13919	6.0	-0.313891	0.637282	0.93774	7.0	-0.304664	0.674907	0.880037	8.0	0.0987886	0.458066	1.3684	9.0	0.181029	0.398838	1.12977	10.0	0.208531	0.470912	0.892479	11.0	0.194009	0.482749	0.838437	12.0	-0.140395	0.484778	0.86499	13.0	-0.144113	0.436081	0.448498	14.0	-0.0892592	0.383705	0.138285	15.0	-0.0876984	0.468051	0.0621855	16.0	-0.0100636	0.45764	0.875874	17.0	0.071915	0.596663	0.485126	18.0	0.0755716	0.51045	0.135738	19.0	0.108839	0.644351	0.0994176	20.0	-0.0732084	0.472769	1.41766	21.0	-0.306492	0.70494	0.824427	22.0	-0.296093	0.720999	0.889154	23.0	0.187659	0.482768	0.766514	24.0	0.232745	0.488662	0.841033
56.836	0.0	-0.0923927	0.451632	0.867582	1.0	-0.0830249	0.468968	1.18369	2.0	-0.0668677	0.499128	1.49071	3.0	-0.0900277	0.521439	1.63415	4.0	-0.242426	0.529556	1.3637	5.0	-0.329831	0.522228	1.13674	6.0	-0.315479	0.688123	0.946723	7.0	-0.306788	0.728831	0.880646	8.0	0.100157	0.473108	1.36451	9.0	0.177852	0.412776	1.12655	10.0	0.207184	0.485943	0.889727	11.0	0.193415	0.502294	0.830977	12.0	-0.138764	0.503611	0.86372	13.0	-0.148728	0.442508	0.45102	14.0	-0.126243	0.407691	0.143163	15.0	-0.0419419	0.537223	0.0994656	16.0	-0.00749691	0.47293	0.875915	17.0	0.0684604	0.628458	0.49304	18.0	0.0751739	0.604544	0.160727	19.0	0.103779	0.693621	0.0732787	20.0	-0.072129	0.489269	1.41524	21.0	-0.302386	0.746711	0.823873	22.0	-0.295567	0.788619	0.855973	23.0	0.18194	0.497953	0.760346	24.0	0.22893	0.499857	0.823195
56.869	0.0	-0.09136	0.475854	0.865034	1.0	-0.0809233	0.497941	1.1807	2.0	-0.0635274	0.533138	1.48719	3.0	-0.0881243	0.555326	1.62937	4.0	-0.242858	0.562742	1.36335	5.0	-0.331367	0.548326	1.1378	6.0	-0.318583	0.720172	0.9528	7.0	-0.30925	0.772715	0.893306	8.0	0.100082	0.50421	1.35656	9.0	0.173939	0.441551	1.11921	10.0	0.204337	0.504498	0.880076	11.0	0.192194	0.52066	0.823045	12.0	-0.13692	0.530058	0.863003	13.0	-0.121771	0.519802	0.48474	14.0	-0.160258	0.404464	0.20443	15.0	-0.117205	0.458386	0.0905615	16.0	-0.00693692	0.494882	0.871859	17.0	0.0606946	0.658617	0.477198	18.0	0.0639405	0.705189	0.130313	19.0	0.102852	0.825592	0.0728578	20.0	-0.0691197	0.522001	1.41186	21.0	-0.298675	0.790562	0.832243	22.0	-0.303678	0.817688	0.902539	23.0	0.183006	0.516794	0.749219	24.0	0.232391	0.527319	0.820966
56.902	0.0	-0.0880394	0.520012	0.858741	1.0	-0.0756847	0.537436	1.17347	2.0	-0.0567337	0.567759	1.47918	3.0	-0.0769944	0.593868	1.6237	4.0	-0.236693	0.601584	1.35777	5.0	-0.331407	0.602848	1.13333	6.0	-0.312603	0.781596	0.955007	7.0	-0.303309	0.826457	0.897669	8.0	0.103985	0.541732	1.34915	9.0	0.174081	0.48309	1.11057	10.0	0.206795	0.549476	0.872461	11.0	0.195701	0.555285	0.8137	12.0	-0.133631	0.573006	0.859163	13.0	-0.157299	0.50643	0.497597	14.0	-0.195675	0.39102	0.217211	15.0	-0.0940376	0.395115	0.133949	16.0	-0.00317291	0.539732	0.863196	17.0	0.0582879	0.697624	0.471958	18.0	0.0682508	0.806094	0.134548	19.0	0.105881	0.933552	0.0785216	20.0	-0.0626842	0.557852	1.40403	21.0	-0.299775	0.855866	0.849512	22.0	-0.288671	0.887814	0.873976	23.0	0.190092	0.53986	0.739838	24.0	0.233053	0.552993	0.810194
56.935	0.0	-0.0879508	0.541181	0.854286	1.0	-0.0744456	0.559533	1.16858	2.0	-0.0541135	0.590724	1.47369	3.0	-0.0738291	0.617222	1.61693	4.0	-0.233532	0.627664	1.3547	5.0	-0.330069	0.622501	1.13174	6.0	-0.312196	0.809484	0.961603	7.0	-0.303537	0.86415	0.903999	8.0	0.107318	0.565506	1.34382	9.0	0.175026	0.503823	1.09684	10.0	0.21047	0.566617	0.858308	11.0	0.194339	0.579886	0.79282	12.0	-0.133931	0.593688	0.854386	13.0	-0.166093	0.545713	0.524831	14.0	-0.0675041	0.374416	0.154791	15.0	-0.0323201	0.507962	0.117337	16.0	-0.00243031	0.561327	0.859259	17.0	0.0535303	0.731493	0.466254	18.0	0.0607488	0.862446	0.143369	19.0	0.0952868	0.991444	0.0855007	20.0	-0.0604332	0.580618	1.39871	21.0	-0.29613	0.905772	0.850527	22.0	-0.305974	0.890081	0.932457	23.0	0.192832	0.575466	0.726033	24.0	0.231513	0.574466	0.784747
56.969	0.0	-0.0826088	0.581983	0.843968	1.0	-0.068163	0.602568	1.15818	2.0	-0.0467487	0.635954	1.46314	3.0	-0.0658739	0.65434	1.611	4.0	-0.228425	0.666128	1.34289	5.0	-0.327776	0.664523	1.12103	6.0	-0.30278	0.864696	0.966707	7.0	-0.299827	0.900137	0.910287	8.0	0.112913	0.611943	1.3336	9.0	0.176821	0.546238	1.08541	10.0	0.211445	0.607679	0.846489	11.0	0.199943	0.614037	0.793388	12.0	-0.128847	0.634805	0.844298	13.0	-0.173775	0.570178	0.522542	14.0	-0.0865229	0.396229	0.151259	15.0	-0.0534189	0.529903	0.113541	16.0	0.00353199	0.60152	0.849115	17.0	0.0478229	0.784833	0.461449	18.0	0.0625701	0.882422	0.141323	19.0	0.0922611	1.01621	0.0850867	20.0	-0.0533576	0.625304	1.3882	21.0	-0.288613	0.930179	0.856048	22.0	-0.305132	0.944625	0.903986	23.0	0.192269	0.600467	0.716924	24.0	0.239668	0.612543	0.800588
57.002	0.0	-0.0775512	0.612249	0.843292	1.0	-0.0617813	0.631188	1.15547	2.0	-0.0390603	0.663167	1.4584	3.0	-0.0587275	0.685451	1.6056	4.0	-0.224278	0.693538	1.34448	5.0	-0.321485	0.692195	1.1215	6.0	-0.301072	0.882062	0.954684	7.0	-0.290469	0.93764	0.903697	8.0	0.11718	0.631614	1.32942	9.0	0.178537	0.57705	1.08178	10.0	0.213158	0.625684	0.840533	11.0	0.203006	0.644711	0.785632	12.0	-0.125113	0.663247	0.846615	13.0	-0.175815	0.588169	0.529867	14.0	-0.0846236	0.404481	0.164452	15.0	-0.0492039	0.537932	0.126746	16.0	0.0103456	0.633871	0.845287	17.0	0.0483605	0.825166	0.447563	18.0	0.0612627	0.906175	0.130619	19.0	0.0886424	1.02795	0.0780396	20.0	-0.045997	0.65285	1.38398	21.0	-0.277716	0.965476	0.85268	22.0	-0.287323	0.979916	0.920902	23.0	0.189998	0.644128	0.710139	24.0	0.240425	0.643367	0.768093
57.035	0.0	-0.0604718	0.668384	0.830802	1.0	-0.0462542	0.682729	1.14645	2.0	-0.0252662	0.709116	1.45264	3.0	-0.0417994	0.734803	1.59865	4.0	-0.208535	0.744022	1.33895	5.0	-0.31162	0.733251	1.12001	6.0	-0.291026	0.914181	0.943977	7.0	-0.281648	0.970369	0.894462	8.0	0.131224	0.682813	1.32071	9.0	0.182731	0.624483	1.07178	10.0	0.218828	0.683033	0.832441	11.0	0.207562	0.688972	0.777527	12.0	-0.107371	0.7225	0.831312	13.0	-0.181174	0.636383	0.525829	14.0	-0.0928712	0.427233	0.174669	15.0	-0.0571911	0.560951	0.1375	16.0	0.0269238	0.686287	0.836343	17.0	0.0552868	0.868611	0.472084	18.0	0.0591878	0.911863	0.131414	19.0	0.0885259	1.02872	0.0769295	20.0	-0.0315906	0.700834	1.37735	21.0	-0.26926	0.9922	0.845498	22.0	-0.278867	1.00763	0.919166	23.0	0.19781	0.68771	0.705533	24.0	0.248692	0.702142	0.766836
57.069	0.0	-0.0576983	0.693199	0.832072	1.0	-0.0437319	0.703203	1.14681	2.0	-0.0227634	0.72667	1.45211	3.0	-0.0370888	0.753603	1.60101	4.0	-0.20913	0.756297	1.34086	5.0	-0.307834	0.754755	1.11859	6.0	-0.286786	0.934426	0.941364	7.0	-0.277712	0.986594	0.886268	8.0	0.134147	0.701667	1.31915	9.0	0.181625	0.642697	1.07055	10.0	0.217633	0.698645	0.830692	11.0	0.207459	0.716454	0.775751	12.0	-0.104995	0.74465	0.832207	13.0	-0.179799	0.665029	0.524343	14.0	-0.0901988	0.443237	0.181796	15.0	-0.0563742	0.577513	0.144983	16.0	0.0304067	0.713763	0.838038	17.0	0.0550083	0.882971	0.469511	18.0	0.057103	0.914652	0.132476	19.0	0.0855077	1.03156	0.0723955	20.0	-0.0292458	0.718348	1.37709	21.0	-0.268302	1.01716	0.836185	22.0	-0.276075	1.02366	0.908198	23.0	0.198996	0.717637	0.703288	24.0	0.245274	0.728644	0.75905
57.102	0.0	-0.052247	0.743607	0.834627	1.0	-0.0355404	0.753153	1.14943	2.0	-0.0117907	0.775585	1.45439	3.0	-0.0258378	0.802386	1.60128	4.0	-0.200544	0.807953	1.3429	5.0	-0.29626	0.785553	1.12197	6.0	-0.283833	0.952616	0.932865	7.0	-0.271009	1.00017	0.875347	8.0	0.147112	0.751489	1.31729	9.0	0.18944	0.696249	1.07518	10.0	0.22413	0.745398	0.833919	11.0	0.210185	0.758781	0.772384	12.0	-0.098655	0.796501	0.837065	13.0	-0.168388	0.740583	0.513423	14.0	-0.0860231	0.484386	0.195523	15.0	-0.0516437	0.618577	0.15868	16.0	0.0353258	0.760799	0.838272	17.0	0.0637251	0.920244	0.478372	18.0	0.0543801	0.921359	0.12997	19.0	0.0846122	1.03166	0.0710493	20.0	-0.0189948	0.767684	1.37952	21.0	-0.24429	1.01497	0.807062	22.0	-0.273785	1.04243	0.880677	23.0	0.198126	0.762398	0.701231	24.0	0.246482	0.756721	0.765073
57.135	0.0	-0.0555145	0.763556	0.834984	1.0	-0.0354148	0.770723	1.15089	2.0	-0.00861079	0.791501	1.45681	3.0	-0.0229448	0.816594	1.60567	4.0	-0.19866	0.822573	1.34598	5.0	-0.29158	0.800273	1.12363	6.0	-0.278552	0.962224	0.930368	7.0	-0.267558	1.00643	0.866834	8.0	0.150237	0.77028	1.32068	9.0	0.189995	0.718069	1.08207	10.0	0.218067	0.775542	0.841471	11.0	0.206056	0.793816	0.769941	12.0	-0.101174	0.814701	0.836667	13.0	-0.129382	0.823976	0.495961	14.0	-0.0782199	0.533512	0.204768	15.0	-0.0448627	0.667848	0.168139	16.0	0.031563	0.784325	0.839536	17.0	0.064256	0.92658	0.478459	18.0	0.0537843	0.921908	0.129416	19.0	0.0842147	1.02976	0.0704827	20.0	-0.0165632	0.78395	1.38172	21.0	-0.264779	1.02344	0.816616	22.0	-0.261183	1.04471	0.897058	23.0	0.199178	0.790309	0.695078	24.0	0.243589	0.798809	0.766392
57.168	0.0	-0.064943	0.811852	0.841124	1.0	-0.0343309	0.819221	1.15923	2.0	0.00335597	0.840175	1.46728	3.0	-0.0169553	0.862055	1.61589	4.0	-0.194093	0.860391	1.3528	5.0	-0.27955	0.835097	1.12748	6.0	-0.271025	0.977874	0.920338	7.0	-0.260674	1.01293	0.858861	8.0	0.158678	0.816942	1.33115	9.0	0.193354	0.764916	1.08045	10.0	0.221291	0.831622	0.841744	11.0	0.203997	0.842574	0.774627	12.0	-0.109274	0.861159	0.841556	13.0	-0.16144	0.835027	0.489729	14.0	-0.0779825	0.546351	0.202668	15.0	-0.0560339	0.537946	0.106393	16.0	0.022054	0.832809	0.846656	17.0	0.0678809	0.936049	0.478119	18.0	0.0542346	0.923491	0.127573	19.0	0.0840377	1.02761	0.0697893	20.0	-0.00730784	0.832806	1.39173	21.0	-0.263083	1.02516	0.809389	22.0	-0.260294	1.05502	0.870987	23.0	0.200894	0.842543	0.709437	24.0	0.247234	0.846051	0.767225
57.203	0.0	-0.0632988	0.839066	0.845416	1.0	-0.0328559	0.843525	1.16421	2.0	0.0045687	0.861025	1.47254	3.0	-0.011285	0.889632	1.62186	4.0	-0.191059	0.887627	1.35928	5.0	-0.272463	0.857886	1.12627	6.0	-0.262651	0.990843	0.913115	7.0	-0.257632	1.01852	0.861331	8.0	0.161686	0.843346	1.33626	9.0	0.202595	0.798646	1.08937	10.0	0.228219	0.872637	0.852184	11.0	0.210144	0.886315	0.793024	12.0	-0.107612	0.887462	0.845736	13.0	-0.157778	0.887101	0.489534	14.0	-0.0661786	0.576841	0.229104	15.0	-0.0351368	0.711677	0.192414	16.0	0.0240058	0.861546	0.85107	17.0	0.0722904	0.951866	0.48112	18.0	0.0553564	0.927039	0.127165	19.0	0.084181	1.0274	0.0695348	20.0	-0.00604615	0.854277	1.3969	21.0	-0.258506	1.0241	0.788111	22.0	-0.256135	1.06795	0.856046	23.0	0.205949	0.886361	0.719215	24.0	0.250649	0.891836	0.792362
57.299	0.0	-0.0672007	0.903249	0.859958	1.0	-0.0332407	0.907324	1.17834	2.0	0.00761761	0.924496	1.48609	3.0	-0.0149603	0.948702	1.63719	4.0	-0.187581	0.937498	1.3725	5.0	-0.264319	0.903347	1.11602	6.0	-0.256596	1.01719	0.892873	7.0	-0.24881	1.02662	0.843195	8.0	0.163614	0.906604	1.35091	9.0	0.212444	0.863686	1.11188	10.0	0.233249	0.951298	0.878175	11.0	0.216408	0.975144	0.813036	12.0	-0.110153	0.951705	0.863663	13.0	-0.148156	0.961342	0.49371	14.0	-0.122091	0.775718	0.120334	15.0	-0.137076	0.798868	0.0452876	16.0	0.0196648	0.925031	0.861817	17.0	0.0728425	0.961457	0.482397	18.0	0.0564112	0.926799	0.131036	19.0	0.0852961	1.02407	0.0695227	20.0	-0.00384749	0.917894	1.41064	21.0	-0.247028	1.02778	0.754737	22.0	-0.270828	1.0674	0.826476	23.0	0.205941	0.982151	0.739223	24.0	0.25231	0.96963	0.80154
57.325	0.0	-0.0679165	0.93862	0.866347	1.0	-0.0340397	0.942107	1.18467	2.0	0.0069064	0.958445	1.49213	3.0	-0.0173097	0.988121	1.64445	4.0	-0.188277	0.972553	1.3781	5.0	-0.261099	0.924459	1.11395	6.0	-0.257054	1.02352	0.884495	7.0	-0.252679	1.03795	0.838755	8.0	0.162796	0.943256	1.35708	9.0	0.225452	0.910654	1.11812	10.0	0.230585	1.007	0.886857	11.0	0.220908	1.02817	0.823119	12.0	-0.111277	0.984116	0.871109	13.0	-0.140391	1.0232	0.489922	14.0	-0.100253	0.841637	0.126116	15.0	-0.121209	0.878904	0.0536281	16.0	0.0200442	0.962774	0.866878	17.0	0.0644207	0.96651	0.4738	18.0	0.0561132	0.926918	0.13103	19.0	0.0856037	1.02316	0.0694059	20.0	-0.00460445	0.952124	1.41679	21.0	-0.251109	1.04395	0.759508	22.0	-0.270395	1.05979	0.777512	23.0	0.21084	1.03901	0.751925	24.0	0.257762	1.03654	0.817362
57.347	0.0	-0.0679312	0.957413	0.868172	1.0	-0.0345764	0.964501	1.18747	2.0	0.00587786	0.984833	1.49595	3.0	-0.0204682	1.01075	1.64653	4.0	-0.190157	0.990775	1.3788	5.0	-0.25938	0.943075	1.11168	6.0	-0.258084	1.03004	0.877939	7.0	-0.259042	1.04705	0.844961	8.0	0.160868	0.969029	1.36119	9.0	0.224005	0.928121	1.12413	10.0	0.232013	1.04333	0.900764	11.0	0.222451	1.07884	0.831034	12.0	-0.111138	1.00254	0.873481	13.0	-0.139063	1.0773	0.499333	14.0	-0.0972334	0.899364	0.128543	15.0	-0.113016	0.970674	0.0632085	16.0	0.0201425	0.981747	0.868197	17.0	0.066334	0.971421	0.473692	18.0	0.0540683	0.925304	0.130065	19.0	0.0859939	1.02181	0.069526	20.0	-0.00551919	0.97746	1.42036	21.0	-0.268762	1.05508	0.771146	22.0	-0.283545	1.06638	0.799539	23.0	0.208209	1.095	0.770299	24.0	0.247624	1.06635	0.792539
57.369	0.0	-0.0723264	0.998274	0.866982	1.0	-0.0371712	1.00361	1.18792	2.0	0.00520702	1.02166	1.49765	3.0	-0.0271266	1.05284	1.64558	4.0	-0.187486	1.03557	1.37501	5.0	-0.256629	0.977729	1.10674	6.0	-0.258004	1.04991	0.868741	7.0	-0.258834	1.06664	0.845935	8.0	0.160173	1.01769	1.36163	9.0	0.233403	0.978235	1.12653	10.0	0.234438	1.10434	0.908574	11.0	0.226651	1.13588	0.846098	12.0	-0.115672	1.0415	0.87317	13.0	-0.131082	1.12801	0.507979	14.0	-0.0949819	1.0036	0.133293	15.0	-0.0982228	1.06715	0.060808	16.0	0.0166421	1.02404	0.866252	17.0	0.0708952	0.990617	0.485836	18.0	0.0520663	0.926833	0.130269	19.0	0.0840522	1.02121	0.0693493	20.0	-0.00668391	1.01493	1.42179	21.0	-0.267707	1.08018	0.773518	22.0	-0.272708	1.09422	0.817948	23.0	0.210672	1.15622	0.785324	24.0	0.251967	1.12726	0.806168
57.402	0.0	-0.0751435	1.01159	0.864358	1.0	-0.0405371	1.02341	1.18563	2.0	0.00150624	1.0495	1.49598	3.0	-0.0316928	1.07415	1.64574	4.0	-0.189633	1.05208	1.37424	5.0	-0.258638	0.994519	1.10308	6.0	-0.260064	1.05801	0.863008	7.0	-0.263904	1.07768	0.84723	8.0	0.156828	1.03824	1.36112	9.0	0.234551	0.999594	1.127	10.0	0.234055	1.14431	0.920091	11.0	0.216457	1.18161	0.853597	12.0	-0.118869	1.05476	0.871193	13.0	-0.130175	1.15826	0.511322	14.0	-0.101863	1.09925	0.143897	15.0	-0.0765678	1.23112	0.109353	16.0	0.0144656	1.03722	0.863109	17.0	0.0715676	0.995827	0.487504	18.0	0.0523212	0.928966	0.133498	19.0	0.082918	1.02035	0.0694744	20.0	-0.0103362	1.04061	1.41995	21.0	-0.272021	1.09523	0.768587	22.0	-0.269734	1.09616	0.838899	23.0	0.201364	1.20427	0.792299	24.0	0.14588	1.14016	0.858917
57.435	0.0	-0.0759636	1.04175	0.858515	1.0	-0.0436076	1.05788	1.18079	2.0	-0.00365561	1.08614	1.49206	3.0	-0.039788	1.11389	1.6428	4.0	-0.196571	1.0878	1.37068	5.0	-0.261148	1.02519	1.1001	6.0	-0.260239	1.07852	0.857922	7.0	-0.263687	1.09821	0.845607	8.0	0.15366	1.08294	1.35805	9.0	0.236359	1.04898	1.12417	10.0	0.232531	1.1939	0.917481	11.0	0.220953	1.24155	0.853816	12.0	-0.119333	1.08471	0.864808	13.0	-0.123601	1.19048	0.51311	14.0	-0.108169	1.19948	0.132231	15.0	-0.100216	1.27916	0.0669256	16.0	0.0137799	1.06718	0.858089	17.0	0.0735685	1.00815	0.489626	18.0	0.0529018	0.929288	0.13473	19.0	0.0823336	1.02086	0.0696256	20.0	-0.0150106	1.07695	1.41582	21.0	-0.275458	1.10786	0.76374	22.0	-0.272076	1.10569	0.863603	23.0	0.197501	1.25811	0.799061	24.0	0.181291	1.22332	0.824338
57.469	0.0	-0.0728743	1.072	0.850532	1.0	-0.0448846	1.08825	1.17542	2.0	-0.00906936	1.11819	1.48873	3.0	-0.0461912	1.14213	1.63956	4.0	-0.197557	1.12282	1.36321	5.0	-0.263328	1.05246	1.09119	6.0	-0.262728	1.11628	0.848922	7.0	-0.26622	1.12304	0.818167	8.0	0.150106	1.11201	1.35312	9.0	0.240671	1.07791	1.12179	10.0	0.22947	1.23078	0.920984	11.0	0.220747	1.29015	0.85784	12.0	-0.116426	1.1156	0.855161	13.0	-0.11904	1.23242	0.476593	14.0	-0.114596	1.28415	0.134313	15.0	-0.119508	1.39025	0.0687624	16.0	0.0174534	1.09659	0.852042	17.0	0.0764006	1.02433	0.489899	18.0	0.0531864	0.930782	0.136642	19.0	0.0820791	1.02049	0.0694321	20.0	-0.0193854	1.10841	1.41202	21.0	-0.286228	1.11962	0.757943	22.0	-0.281259	1.12896	0.76989	23.0	0.196549	1.31236	0.806413	24.0	0.189489	1.30537	0.796493
57.502	0.0	-0.0680896	1.10312	0.844519	1.0	-0.0455756	1.12363	1.16973	2.0	-0.015372	1.157	1.4834	3.0	-0.0551172	1.1852	1.63308	4.0	-0.204657	1.15181	1.35916	5.0	-0.2655	1.08998	1.08178	6.0	-0.260191	1.13585	0.838368	7.0	-0.266731	1.15048	0.803396	8.0	0.144452	1.15215	1.34589	9.0	0.235859	1.11891	1.11452	10.0	0.224981	1.28007	0.919923	11.0	0.217845	1.33334	0.861153	12.0	-0.111867	1.14315	0.848104	13.0	-0.117376	1.25864	0.456202	14.0	-0.11575	1.37056	0.137392	15.0	-0.112194	1.47938	0.0893624	16.0	0.0228836	1.13114	0.847587	17.0	0.0761881	1.0437	0.486527	18.0	0.0529964	0.932324	0.137057	19.0	0.0822914	1.02054	0.0692248	20.0	-0.0243149	1.1465	1.40661	21.0	-0.276266	1.15273	0.757169	22.0	-0.276448	1.15769	0.760237	23.0	0.194106	1.35569	0.805291	24.0	0.242669	1.33477	0.833401
57.536	0.0	-0.0656351	1.12949	0.836573	1.0	-0.0486515	1.15217	1.16255	2.0	-0.0237218	1.18802	1.47677	3.0	-0.0636162	1.21259	1.62721	4.0	-0.209345	1.19478	1.34572	5.0	-0.269057	1.11332	1.08229	6.0	-0.265924	1.17457	0.841653	7.0	-0.269504	1.17724	0.812598	8.0	0.139299	1.18157	1.34296	9.0	0.235562	1.1621	1.11066	10.0	0.222943	1.31568	0.9105	11.0	0.215695	1.37362	0.859206	12.0	-0.108594	1.17108	0.839052	13.0	-0.117096	1.30204	0.444385	14.0	-0.121561	1.44561	0.114603	15.0	-0.116151	1.54951	0.076662	16.0	0.0249015	1.15541	0.840958	17.0	0.0770119	1.06236	0.487506	18.0	0.0529	0.933428	0.136503	19.0	0.082385	1.02069	0.0687154	20.0	-0.0313686	1.17686	1.39987	21.0	-0.271985	1.18858	0.768394	22.0	-0.266219	1.18991	0.805422	23.0	0.187314	1.39497	0.801409	24.0	0.180488	1.377	0.789455
57.568	0.0	-0.0683987	1.17796	0.828888	1.0	-0.054849	1.19502	1.15686	2.0	-0.0319982	1.22438	1.47281	3.0	-0.0754464	1.25405	1.62186	4.0	-0.21691	1.22159	1.34491	5.0	-0.275678	1.16111	1.07556	6.0	-0.26449	1.19862	0.831071	7.0	-0.269974	1.21618	0.81171	8.0	0.130288	1.22443	1.33747	9.0	0.226797	1.19731	1.1064	10.0	0.219799	1.35932	0.912211	11.0	0.213266	1.41188	0.853983	12.0	-0.110807	1.2145	0.832101	13.0	-0.120671	1.34899	0.442068	14.0	-0.120037	1.46187	0.112446	15.0	-0.111214	1.56439	0.0719307	16.0	0.0225029	1.20706	0.833126	17.0	0.0762206	1.09275	0.490284	18.0	0.0540315	0.941844	0.14039	19.0	0.0822687	1.02086	0.0686846	20.0	-0.0392699	1.21492	1.3955	21.0	-0.267298	1.23442	0.772827	22.0	-0.266532	1.23029	0.804254	23.0	0.18931	1.43633	0.798429	24.0	0.193982	1.41908	0.876551
57.603	0.0	-0.0737941	1.21624	0.825638	1.0	-0.0620019	1.23351	1.15277	2.0	-0.0411608	1.26314	1.46781	3.0	-0.0847831	1.29005	1.61529	4.0	-0.22289	1.26185	1.3374	5.0	-0.281489	1.19702	1.06699	6.0	-0.265601	1.25787	0.826391	7.0	-0.265289	1.27392	0.75485	8.0	0.123047	1.25889	1.33403	9.0	0.218706	1.24072	1.10097	10.0	0.21576	1.39215	0.898702	11.0	0.211012	1.4443	0.848207	12.0	-0.116833	1.25712	0.828804	13.0	-0.123284	1.38513	0.461119	14.0	-0.113257	1.47724	0.11271	15.0	-0.111651	1.57085	0.0643851	16.0	0.0182811	1.24263	0.829885	17.0	0.0753694	1.12444	0.487717	18.0	0.0553541	0.943934	0.139401	19.0	0.0824319	1.02203	0.0688519	20.0	-0.0479218	1.25363	1.39074	21.0	-0.262501	1.29204	0.716267	22.0	-0.261599	1.28772	0.748094	23.0	0.188318	1.46897	0.787898	24.0	0.213155	1.49148	0.848179
57.635	0.0	-0.0790106	1.26633	0.822565	1.0	-0.0683068	1.27568	1.15096	2.0	-0.0481084	1.29785	1.46692	3.0	-0.0962508	1.32687	1.61339	4.0	-0.231182	1.30113	1.3329	5.0	-0.288018	1.23336	1.06164	6.0	-0.268549	1.2859	0.819572	7.0	-0.269018	1.30955	0.750176	8.0	0.113669	1.30616	1.32928	9.0	0.212864	1.27903	1.09885	10.0	0.209289	1.42533	0.893082	11.0	0.208392	1.47468	0.839847	12.0	-0.120628	1.30437	0.827085	13.0	-0.126002	1.42354	0.475444	14.0	-0.109332	1.48515	0.112603	15.0	-0.10667	1.57475	0.060179	16.0	0.0129122	1.29276	0.825767	17.0	0.0732421	1.17732	0.500107	18.0	0.059883	0.960477	0.145671	19.0	0.0826227	1.02406	0.0695975	20.0	-0.054755	1.29016	1.38965	21.0	-0.266131	1.32758	0.711629	22.0	-0.265104	1.32314	0.743507	23.0	0.186754	1.5003	0.779168	24.0	0.203198	1.51293	0.845908
57.669	0.0	-0.0865804	1.31453	0.82504	1.0	-0.0763965	1.32175	1.15376	2.0	-0.056683	1.34064	1.46988	3.0	-0.105716	1.36516	1.61583	4.0	-0.234514	1.34669	1.3375	5.0	-0.297082	1.28527	1.05537	6.0	-0.280058	1.34426	0.814455	7.0	-0.28	1.36519	0.74417	8.0	0.105548	1.33742	1.33222	9.0	0.200085	1.31924	1.09834	10.0	0.208226	1.44964	0.882636	11.0	0.204147	1.4979	0.831043	12.0	-0.128019	1.35353	0.829692	13.0	-0.13049	1.463	0.485194	14.0	-0.10706	1.4923	0.11372	15.0	-0.107142	1.5761	0.0573716	16.0	0.00602998	1.34103	0.828161	17.0	0.0779836	1.23187	0.508745	18.0	0.0672803	0.996564	0.166768	19.0	0.086857	1.03569	0.0757298	20.0	-0.0632253	1.33391	1.39259	21.0	-0.276945	1.38306	0.70567	22.0	-0.2757	1.3784	0.737619	23.0	0.185028	1.51947	0.768769	24.0	0.162751	1.48828	0.853568
57.702	0.0	-0.101979	1.356	0.832213	1.0	-0.0881263	1.35353	1.16003	2.0	-0.0654264	1.36456	1.47518	3.0	-0.117219	1.39463	1.62202	4.0	-0.252882	1.36572	1.33708	5.0	-0.304044	1.32103	1.06541	6.0	-0.288629	1.37432	0.823274	7.0	-0.288574	1.39525	0.752984	8.0	0.095364	1.37299	1.33821	9.0	0.186778	1.34982	1.10375	10.0	0.202159	1.46889	0.88222	11.0	0.196342	1.51072	0.824829	12.0	-0.141837	1.39153	0.835656	13.0	-0.135611	1.48201	0.487873	14.0	-0.107338	1.49454	0.114311	15.0	-0.106858	1.57512	0.0553507	16.0	-0.00942051	1.38352	0.836222	17.0	0.0775873	1.29619	0.518119	18.0	0.0732284	1.04442	0.188214	19.0	0.0896058	1.17868	0.154634	20.0	-0.0726573	1.35964	1.39814	21.0	-0.285415	1.41303	0.714447	22.0	-0.284034	1.40825	0.746352	23.0	0.18204	1.53114	0.761631	24.0	0.119068	1.45748	0.852427
57.736	0.0	-0.115317	1.39401	0.835962	1.0	-0.100613	1.39422	1.16564	2.0	-0.0760413	1.40542	1.48223	3.0	-0.130274	1.43327	1.62575	4.0	-0.259536	1.41913	1.34712	5.0	-0.314935	1.37347	1.06887	6.0	-0.296108	1.42937	0.827302	7.0	-0.296052	1.45031	0.756999	8.0	0.0882486	1.40454	1.34445	9.0	0.174982	1.38061	1.10832	10.0	0.200627	1.48717	0.881626	11.0	0.197725	1.52097	0.828107	12.0	-0.156665	1.43311	0.838835	13.0	-0.141583	1.49808	0.483895	14.0	-0.10817	1.49734	0.112259	15.0	-0.109817	1.57249	0.050444	16.0	-0.0207422	1.41839	0.840532	17.0	0.0773562	1.34977	0.511806	18.0	0.0717975	1.09174	0.187045	19.0	0.0949843	1.22569	0.153549	20.0	-0.0838262	1.40069	1.40489	21.0	-0.292729	1.46793	0.718459	22.0	-0.291136	1.46294	0.75037	23.0	0.183023	1.53718	0.757823	24.0	0.221853	1.49961	0.821996
57.769	0.0	-0.123487	1.42384	0.841523	1.0	-0.109066	1.42476	1.17136	2.0	-0.0851267	1.43813	1.48816	3.0	-0.13668	1.46573	1.63491	4.0	-0.26951	1.45124	1.35203	5.0	-0.321558	1.41594	1.06006	6.0	-0.292226	1.49127	0.823791	7.0	-0.29866	1.49436	0.785433	8.0	0.0823847	1.43421	1.35048	9.0	0.168942	1.41254	1.11262	10.0	0.19853	1.5103	0.882654	11.0	0.19452	1.53701	0.828763	12.0	-0.163283	1.46155	0.842598	13.0	-0.145482	1.51339	0.48012	14.0	-0.10801	1.49959	0.111789	15.0	-0.108605	1.57544	0.0500295	16.0	-0.029402	1.44805	0.847732	17.0	0.0740954	1.4222	0.513974	18.0	0.0736446	1.151	0.200192	19.0	0.0978552	1.28461	0.166593	20.0	-0.0927369	1.43274	1.41077	21.0	-0.303076	1.49696	0.733106	22.0	-0.303499	1.50243	0.762788	23.0	0.18359	1.54616	0.760552	24.0	0.25004	1.55145	0.815682
57.803	0.0	-0.135514	1.46387	0.846663	1.0	-0.118185	1.46202	1.17675	2.0	-0.091195	1.47167	1.49339	3.0	-0.143335	1.49765	1.63942	4.0	-0.276127	1.48692	1.35656	5.0	-0.328811	1.45575	1.0643	6.0	-0.30473	1.53775	0.829579	7.0	-0.302602	1.54033	0.776308	8.0	0.0773303	1.46554	1.35501	9.0	0.161934	1.43105	1.11511	10.0	0.194624	1.52818	0.885214	11.0	0.189911	1.55321	0.829243	12.0	-0.174443	1.50206	0.846431	13.0	-0.149051	1.52529	0.47085	14.0	-0.108155	1.50127	0.11027	15.0	-0.108529	1.57672	0.0482413	16.0	-0.0413165	1.48715	0.854096	17.0	0.0693332	1.48583	0.517762	18.0	0.0747758	1.20629	0.211232	19.0	0.0983258	1.21309	0.111044	20.0	-0.0995823	1.46731	1.41608	21.0	-0.297904	1.54178	0.70808	22.0	-0.306296	1.54251	0.752909	23.0	0.183839	1.559	0.758652	24.0	0.237923	1.56151	0.824123
57.835	0.0	-0.141418	1.49483	0.851488	1.0	-0.123372	1.49428	1.18135	2.0	-0.0954376	1.50558	1.49768	3.0	-0.147548	1.53355	1.64324	4.0	-0.285329	1.52644	1.35818	5.0	-0.33772	1.49992	1.07413	6.0	-0.306285	1.59237	0.843502	7.0	-0.305333	1.59757	0.776197	8.0	0.0728841	1.49294	1.35844	9.0	0.155504	1.45443	1.1216	10.0	0.189826	1.54624	0.889872	11.0	0.184824	1.57092	0.833582	12.0	-0.180083	1.53574	0.850111	13.0	-0.144521	1.53847	0.467666	14.0	-0.107788	1.50211	0.110902	15.0	-0.107698	1.57841	0.0492576	16.0	-0.0466423	1.51459	0.859794	17.0	0.0581415	1.54131	0.519889	18.0	0.0712678	1.26902	0.206013	19.0	0.0971484	1.29227	0.125569	20.0	-0.104096	1.5008	1.42046	21.0	-0.310396	1.60257	0.725736	22.0	-0.317715	1.60511	0.764418	23.0	0.179569	1.57713	0.75829	24.0	0.23219	1.57652	0.831533
57.869	0.0	-0.14166	1.51967	0.857148	1.0	-0.125878	1.52255	1.18619	2.0	-0.100279	1.53725	1.50143	3.0	-0.148322	1.56321	1.64795	4.0	-0.292425	1.55523	1.3579	5.0	-0.3471	1.53522	1.08772	6.0	-0.318671	1.64798	0.865227	7.0	-0.315786	1.66096	0.8039	8.0	0.067038	1.51923	1.36235	9.0	0.154267	1.47571	1.12968	10.0	0.186211	1.56252	0.895879	11.0	0.179023	1.58867	0.834708	12.0	-0.179342	1.56119	0.854159	13.0	-0.160547	1.55998	0.477241	14.0	-0.107666	1.50232	0.110804	15.0	-0.108947	1.57657	0.0483538	16.0	-0.0473475	1.53838	0.866982	17.0	0.0668776	1.59824	0.529719	18.0	0.060532	1.35959	0.188463	19.0	0.0875922	1.38962	0.101824	20.0	-0.108357	1.53164	1.42452	21.0	-0.311936	1.67428	0.73438	22.0	-0.321559	1.65792	0.796595	23.0	0.173454	1.59665	0.76263	24.0	0.225989	1.59253	0.832624
57.902	0.0	-0.142135	1.54855	0.86033	1.0	-0.128802	1.55279	1.18761	2.0	-0.10533	1.56839	1.501	3.0	-0.150797	1.59831	1.64876	4.0	-0.297082	1.59683	1.35989	5.0	-0.35586	1.58159	1.09932	6.0	-0.329085	1.70607	0.882579	7.0	-0.325927	1.72541	0.816026	8.0	0.0633609	1.54581	1.36481	9.0	0.150183	1.4911	1.13314	10.0	0.18318	1.58153	0.900656	11.0	0.174751	1.60731	0.836544	12.0	-0.179927	1.59347	0.8564	13.0	-0.176452	1.58001	0.480734	14.0	-0.107258	1.50136	0.111842	15.0	-0.111134	1.5661	0.0453058	16.0	-0.0471627	1.5634	0.870956	17.0	0.0641098	1.65905	0.534593	18.0	0.0583796	1.44782	0.174189	19.0	0.0158226	1.51484	0.0850957	20.0	-0.112918	1.56261	1.42456	21.0	-0.317795	1.73786	0.751279	22.0	-0.317052	1.70839	0.777467	23.0	0.164739	1.61333	0.7594	24.0	0.218083	1.60789	0.834848
57.935	0.0	-0.140143	1.57832	0.861112	1.0	-0.12844	1.58654	1.18806	2.0	-0.106404	1.6061	1.50101	3.0	-0.154307	1.6368	1.64765	4.0	-0.300712	1.63302	1.35755	5.0	-0.361465	1.62178	1.11426	6.0	-0.33713	1.76199	0.906547	7.0	-0.328372	1.79111	0.837816	8.0	0.0633204	1.57421	1.36509	9.0	0.145798	1.51676	1.13451	10.0	0.182074	1.60064	0.900191	11.0	0.172748	1.6283	0.835069	12.0	-0.178502	1.62296	0.858048	13.0	-0.185476	1.61461	0.495483	14.0	-0.10451	1.51231	0.107632	15.0	-0.109196	1.58618	0.0462987	16.0	-0.0440073	1.5926	0.871023	17.0	0.0591225	1.70503	0.513347	18.0	0.0518654	1.54312	0.126705	19.0	0.0289994	1.60118	0.0657588	20.0	-0.113663	1.59935	1.4247	21.0	-0.31819	1.80738	0.767425	22.0	-0.339619	1.79698	0.815754	23.0	0.167407	1.63859	0.763798	24.0	0.214721	1.62571	0.829978
57.968	0.0	-0.141588	1.60537	0.859572	1.0	-0.129849	1.61438	1.18591	2.0	-0.107417	1.63419	1.49822	3.0	-0.154091	1.66577	1.64679	4.0	-0.300378	1.66502	1.35841	5.0	-0.368515	1.65885	1.12279	6.0	-0.341208	1.81311	0.925071	7.0	-0.335754	1.84975	0.857175	8.0	0.0629501	1.60344	1.36361	9.0	0.142272	1.54269	1.13126	10.0	0.180892	1.62397	0.896415	11.0	0.171863	1.64808	0.832362	12.0	-0.180619	1.64828	0.858174	13.0	-0.192134	1.63355	0.50165	14.0	-0.0339679	1.59952	0.104426	15.0	-0.0700328	1.63008	0.0480947	16.0	-0.0441151	1.62105	0.867858	17.0	0.0480626	1.75608	0.517372	18.0	0.0478157	1.63949	0.112688	19.0	0.0662669	1.69999	0.0413514	20.0	-0.114813	1.62744	1.42208	21.0	-0.331445	1.87305	0.787453	22.0	-0.347424	1.85243	0.844337	23.0	0.16739	1.6567	0.760462	24.0	0.213368	1.64393	0.823168
58.003	0.0	-0.137332	1.63199	0.855628	1.0	-0.128696	1.64454	1.18228	2.0	-0.10942	1.66857	1.49476	3.0	-0.151383	1.70574	1.64118	4.0	-0.295943	1.70243	1.35627	5.0	-0.372849	1.70538	1.12343	6.0	-0.347076	1.86835	0.932437	7.0	-0.342342	1.91032	0.8625	8.0	0.0602922	1.63629	1.36037	9.0	0.139165	1.56869	1.12582	10.0	0.180572	1.64193	0.889035	11.0	0.17055	1.66643	0.828584	12.0	-0.175793	1.67708	0.853685	13.0	-0.110182	1.53361	0.418593	14.0	-0.0899553	1.48123	0.112748	15.0	-0.012804	1.62351	0.100619	16.0	-0.0400198	1.64481	0.864763	17.0	0.0375058	1.79362	0.526048	18.0	0.0339687	1.72733	0.121665	19.0	0.0761658	1.85315	0.091105	20.0	-0.116026	1.66071	1.4186	21.0	-0.333816	1.93571	0.800879	22.0	-0.353766	1.91463	0.854453	23.0	0.15881	1.67103	0.748298	24.0	0.229877	1.67828	0.824945
58.035	0.0	-0.140443	1.65598	0.853145	1.0	-0.130991	1.67429	1.17863	2.0	-0.110057	1.70337	1.48983	3.0	-0.153145	1.73221	1.63748	4.0	-0.295933	1.73348	1.35225	5.0	-0.375604	1.72939	1.12104	6.0	-0.353843	1.90378	0.939731	7.0	-0.349154	1.96182	0.873454	8.0	0.0597786	1.66451	1.35695	9.0	0.13699	1.59825	1.11939	10.0	0.178088	1.66642	0.881238	11.0	0.167983	1.68612	0.821549	12.0	-0.179371	1.69923	0.852274	13.0	-0.114063	1.54801	0.420136	14.0	-0.0987421	1.50796	0.111935	15.0	-0.055976	1.63465	0.0789209	16.0	-0.0420425	1.67013	0.861336	17.0	0.0280952	1.82303	0.536033	18.0	0.0147516	1.81498	0.152485	19.0	0.0588189	1.9393	0.121118	20.0	-0.117175	1.69435	1.414	21.0	-0.341215	1.99313	0.811967	22.0	-0.365586	1.98777	0.881587	23.0	0.163052	1.68982	0.749468	24.0	0.221275	1.69063	0.816347
58.069	0.0	-0.132828	1.69863	0.845043	1.0	-0.126202	1.71447	1.17215	2.0	-0.107798	1.74076	1.48475	3.0	-0.147186	1.78223	1.62627	4.0	-0.288111	1.77936	1.34502	5.0	-0.372243	1.78374	1.11525	6.0	-0.350595	1.96865	0.944417	7.0	-0.341523	2.01822	0.881079	8.0	0.0637068	1.70909	1.34907	9.0	0.137686	1.63596	1.11138	10.0	0.180042	1.6978	0.871906	11.0	0.170465	1.71256	0.814173	12.0	-0.170206	1.7476	0.841807	13.0	-0.114558	1.5851	0.414172	14.0	-0.10286	1.50967	0.114106	15.0	-0.101298	1.58154	0.0492584	16.0	-0.0352243	1.70648	0.855899	17.0	0.0189329	1.86459	0.531126	18.0	0.0516151	1.92764	0.108909	19.0	0.0962104	2.04549	0.0757402	20.0	-0.114317	1.73245	1.4086	21.0	-0.333262	2.04447	0.816196	22.0	-0.321579	2.06563	0.864751	23.0	0.164864	1.71552	0.740757	24.0	0.214314	1.7078	0.804556
58.102	0.0	-0.129581	1.72143	0.840878	1.0	-0.123142	1.74169	1.16711	2.0	-0.104944	1.77263	1.47874	3.0	-0.146815	1.79768	1.62554	4.0	-0.290819	1.8027	1.33926	5.0	-0.376084	1.80453	1.11019	6.0	-0.353472	1.99157	0.941776	7.0	-0.347468	2.05696	0.885629	8.0	0.0634829	1.73324	1.34528	9.0	0.13682	1.665	1.10014	10.0	0.176353	1.71979	0.858862	11.0	0.167943	1.7352	0.803102	12.0	-0.166994	1.76779	0.836964	13.0	-0.120459	1.592	0.415526	14.0	-0.102563	1.51435	0.116116	15.0	-0.10446	1.58049	0.0493932	16.0	-0.0316017	1.7311	0.852993	17.0	0.0156574	1.88435	0.526071	18.0	0.0303052	1.98392	0.109407	19.0	0.0741192	2.10139	0.0740598	20.0	-0.111415	1.76317	1.40285	21.0	-0.347119	2.08766	0.82772	22.0	-0.318114	2.08724	0.906182	23.0	0.161136	1.73521	0.730251	24.0	0.212835	1.7315	0.80171
58.135	0.0	-0.114284	1.764	0.835969	1.0	-0.112398	1.78545	1.16052	2.0	-0.098327	1.81716	1.47035	3.0	-0.139019	1.85205	1.61627	4.0	-0.277355	1.8567	1.3291	5.0	-0.367779	1.85523	1.1027	6.0	-0.348972	2.04807	0.940589	7.0	-0.337985	2.10339	0.884699	8.0	0.0682884	1.77724	1.3374	9.0	0.139696	1.70465	1.0883	10.0	0.176838	1.75463	0.845872	11.0	0.170107	1.7656	0.795343	12.0	-0.151273	1.81555	0.829416	13.0	-0.109746	1.62809	0.413879	14.0	-0.104281	1.51784	0.126244	15.0	-0.110439	1.58155	0.0574037	16.0	-0.0161566	1.76818	0.850796	17.0	0.0129689	1.9423	0.531998	18.0	0.0402357	2.04536	0.116229	19.0	0.0912576	2.15722	0.0813442	20.0	-0.103815	1.80756	1.39493	21.0	-0.332015	2.12959	0.825045	22.0	-0.310411	2.13897	0.911427	23.0	0.161991	1.76458	0.71887	24.0	0.212294	1.76129	0.787213
58.169	0.0	-0.100423	1.78888	0.836341	1.0	-0.104994	1.8101	1.15884	2.0	-0.0964445	1.84236	1.46653	3.0	-0.136717	1.86641	1.61188	4.0	-0.278345	1.87674	1.32765	5.0	-0.367213	1.88163	1.10017	6.0	-0.350213	2.06798	0.930838	7.0	-0.34391	2.12761	0.88126	8.0	0.0695017	1.80179	1.33427	9.0	0.139652	1.72944	1.08406	10.0	0.178049	1.78202	0.84221	11.0	0.169963	1.79383	0.786751	12.0	-0.140344	1.83601	0.830175	13.0	-0.101149	1.66324	0.407132	14.0	-0.104342	1.51513	0.116516	15.0	-0.116838	1.58415	0.0545573	16.0	0.00118302	1.79697	0.851041	17.0	0.00692913	1.98113	0.538021	18.0	0.0203168	2.04575	0.115736	19.0	0.0721788	2.14938	0.0837789	20.0	-0.100602	1.83256	1.39166	21.0	-0.340902	2.15431	0.820327	22.0	-0.287417	2.15002	0.87515	23.0	0.160719	1.79224	0.706808	24.0	0.214114	1.78538	0.779695
58.203	0.0	-0.0865968	1.84116	0.829888	1.0	-0.0926065	1.86235	1.15239	2.0	-0.0858962	1.89318	1.45971	3.0	-0.125045	1.92675	1.59766	4.0	-0.263833	1.93411	1.31977	5.0	-0.357439	1.92863	1.09529	6.0	-0.348453	2.09947	0.910722	7.0	-0.323764	2.15186	0.882844	8.0	0.0772991	1.85	1.32738	9.0	0.147198	1.77888	1.07718	10.0	0.180445	1.82459	0.833562	11.0	0.175545	1.83235	0.778826	12.0	-0.126542	1.89082	0.823875	13.0	-0.0925578	1.71206	0.406662	14.0	-0.104626	1.5292	0.118467	15.0	-0.117859	1.58814	0.0531562	16.0	0.0156995	1.84538	0.845084	17.0	0.00919549	2.04018	0.53896	18.0	0.0209157	2.10721	0.117132	19.0	0.0785347	2.20578	0.086529	20.0	-0.0896075	1.8839	1.38497	21.0	-0.313387	2.17495	0.811991	22.0	-0.287296	2.182	0.869327	23.0	0.165512	1.83036	0.701615	24.0	0.21746	1.82213	0.771322
58.236	0.0	-0.0772417	1.87471	0.828441	1.0	-0.0850862	1.89284	1.15104	2.0	-0.0799034	1.92072	1.45819	3.0	-0.117714	1.94559	1.59583	4.0	-0.254618	1.96457	1.3181	5.0	-0.352	1.95439	1.09601	6.0	-0.347685	2.11597	0.903678	7.0	-0.315898	2.16127	0.888437	8.0	0.0821039	1.8781	1.32324	9.0	0.148887	1.81301	1.069	10.0	0.18229	1.86297	0.826063	11.0	0.179423	1.86937	0.773241	12.0	-0.116699	1.92698	0.823527	13.0	-0.146405	1.72408	0.423054	14.0	-0.107096	1.56664	0.161027	15.0	-0.119135	1.59098	0.0543496	16.0	0.0251468	1.87577	0.842832	17.0	0.00357392	2.08123	0.545085	18.0	0.0226155	2.08533	0.119759	19.0	0.0810642	2.18672	0.0983735	20.0	-0.0832604	1.91218	1.38351	21.0	-0.32134	2.17099	0.807367	22.0	-0.282831	2.18768	0.89048	23.0	0.168129	1.86669	0.693064	24.0	0.220989	1.87035	0.765634
58.268	0.0	-0.0746081	1.92288	0.828118	1.0	-0.0807909	1.93698	1.15126	2.0	-0.0740802	1.96064	1.45857	3.0	-0.108087	1.99131	1.59411	4.0	-0.246452	2.00856	1.31829	5.0	-0.346724	1.99285	1.09422	6.0	-0.346156	2.13033	0.884887	7.0	-0.311645	2.16628	0.886345	8.0	0.0890401	1.92251	1.3207	9.0	0.156083	1.86263	1.0606	10.0	0.183479	1.9012	0.815464	11.0	0.182345	1.91046	0.770151	12.0	-0.114681	1.97115	0.825591	13.0	-0.148392	1.75991	0.430441	14.0	-0.114799	1.56297	0.146159	15.0	-0.120852	1.59137	0.0551443	16.0	0.0295477	1.92655	0.840056	17.0	0.00413697	2.11518	0.534416	18.0	0.0202907	2.09251	0.110562	19.0	0.0802559	2.19398	0.0910335	20.0	-0.077805	1.95319	1.3839	21.0	-0.296915	2.18397	0.867824	22.0	-0.298708	2.18091	0.89928	23.0	0.174524	1.90865	0.689867	24.0	0.224765	1.91619	0.760605
58.303	0.0	-0.0639659	1.95255	0.827268	1.0	-0.0721757	1.97057	1.15164	2.0	-0.0672631	1.99843	1.45994	3.0	-0.100807	2.02053	1.59571	4.0	-0.238642	2.04568	1.3191	5.0	-0.337349	2.02776	1.08987	6.0	-0.340595	2.15013	0.872061	7.0	-0.30233	2.17732	0.877594	8.0	0.0966558	1.95919	1.32078	9.0	0.158722	1.90037	1.06278	10.0	0.192392	1.95384	0.820349	11.0	0.189487	1.95541	0.772028	12.0	-0.103047	2.00265	0.825341	13.0	-0.157362	1.81465	0.421261	14.0	-0.121019	1.59163	0.124505	15.0	-0.132532	1.61263	0.0530614	16.0	0.039618	1.95367	0.83897	17.0	0.0103382	2.15354	0.540252	18.0	0.0212174	2.09045	0.121764	19.0	0.0844256	2.19375	0.108715	20.0	-0.0705595	1.98994	1.38506	21.0	-0.299072	2.18283	0.867594	22.0	-0.277538	2.1916	0.88443	23.0	0.182738	1.95504	0.69268	24.0	0.224399	1.93407	0.745004
58.335	0.0	-0.06837	2.00687	0.82509	1.0	-0.0711744	2.01634	1.15264	2.0	-0.0614281	2.03487	1.46312	3.0	-0.0927227	2.05153	1.59481	4.0	-0.224149	2.09054	1.32163	5.0	-0.331263	2.06739	1.08834	6.0	-0.326514	2.16619	0.859208	7.0	-0.284676	2.1896	0.875574	8.0	0.102434	2.00459	1.32391	9.0	0.164794	1.95287	1.06726	10.0	0.203526	1.99613	0.823579	11.0	0.19832	2.00326	0.77126	12.0	-0.106572	2.05813	0.824632	13.0	-0.15948	1.86229	0.424182	14.0	-0.131651	1.64875	0.140761	15.0	-0.124757	1.66238	0.0644281	16.0	0.0357312	2.00443	0.835639	17.0	0.0163016	2.18294	0.524835	18.0	0.0140899	2.10543	0.110004	19.0	0.0880948	2.2036	0.0988266	20.0	-0.0658619	2.02865	1.3878	21.0	-0.275938	2.19442	0.868618	22.0	-0.258679	2.2032	0.883942	23.0	0.192736	2.0065	0.696919	24.0	0.243141	1.99546	0.766605
