52.028	0.0	-0.051326	-0.22547	0.863774	1.0	-0.0916733	-0.209397	1.1754	2.0	-0.137042	-0.181436	1.47981	3.0	-0.118576	-0.190818	1.62788	4.0	-0.288652	-0.165121	1.33983	5.0	-0.349164	-0.150327	1.10878	6.0	-0.329922	-0.0283448	0.927606	7.0	-0.31867	0.0227	0.862196	8.0	0.0582709	-0.191679	1.35037	9.0	0.136542	-0.248681	1.10177	10.0	0.167626	-0.199799	0.895074	11.0	0.170407	-0.171442	0.842512	12.0	-0.139653	-0.188078	0.85913	13.0	-0.177128	-0.33328	0.508136	14.0	-0.152035	-0.495595	0.171882	15.0	-0.163363	-0.435945	0.0893122	16.0	0.00354091	-0.189806	0.871291	17.0	0.0478088	-0.110432	0.494186	18.0	0.0564932	-0.0493934	0.170164	19.0	0.0466072	0.0807418	0.106938	20.0	-0.124751	-0.19072	1.40474	21.0	-0.295647	0.0376654	0.803946	22.0	-0.268266	0.00214528	0.827402	23.0	0.166484	-0.156343	0.781832	24.0	0.178527	-0.137582	0.840258
52.062	0.0	-0.0490328	-0.197122	0.863111	1.0	-0.0885086	-0.178722	1.17524	2.0	-0.132927	-0.146942	1.48017	3.0	-0.113789	-0.154552	1.62964	4.0	-0.283237	-0.128909	1.34126	5.0	-0.344338	-0.1165	1.10023	6.0	-0.328687	-0.00648441	0.911799	7.0	-0.316085	0.0484895	0.852878	8.0	0.0615568	-0.15746	1.3531	9.0	0.139711	-0.200585	1.10087	10.0	0.174266	-0.171241	0.892201	11.0	0.177469	-0.128792	0.832503	12.0	-0.137874	-0.155469	0.858192	13.0	-0.174708	-0.294692	0.511558	14.0	-0.151412	-0.486566	0.172888	15.0	-0.165248	-0.429344	0.0897552	16.0	0.00601686	-0.165468	0.870903	17.0	0.0495374	-0.10001	0.496637	18.0	0.0559188	-0.0418755	0.170343	19.0	0.0454684	0.0812508	0.105942	20.0	-0.120867	-0.157298	1.40496	21.0	-0.297142	0.0606503	0.800137	22.0	-0.267572	0.0119379	0.823771	23.0	0.176071	-0.123196	0.783472	24.0	0.178066	-0.0931423	0.843084
52.096	0.0	-0.0432504	-0.163438	0.86735	1.0	-0.081926	-0.142205	1.17997	2.0	-0.125846	-0.108711	1.48523	3.0	-0.104091	-0.120653	1.63847	4.0	-0.277533	-0.0902347	1.34206	5.0	-0.347669	-0.0777042	1.10866	6.0	-0.323475	0.00882616	0.910622	7.0	-0.315303	0.0713826	0.848229	8.0	0.0684998	-0.125507	1.35831	9.0	0.146054	-0.179319	1.10399	10.0	0.179345	-0.117672	0.900344	11.0	0.183886	-0.102221	0.833911	12.0	-0.131384	-0.123893	0.860657	13.0	-0.171439	-0.268613	0.506318	14.0	-0.153331	-0.478918	0.168895	15.0	-0.164922	-0.421242	0.086041	16.0	0.010677	-0.130308	0.876937	17.0	0.0508728	-0.0753719	0.507022	18.0	0.0544015	-0.0297974	0.174213	19.0	0.0414571	0.0867636	0.100575	20.0	-0.113871	-0.119378	1.40996	21.0	-0.30001	0.0897272	0.792205	22.0	-0.266655	0.0265776	0.829605	23.0	0.187455	-0.0973433	0.78627	24.0	0.192392	-0.065469	0.819706
52.129	0.0	-0.029166	-0.110067	0.869981	1.0	-0.0726752	-0.0965235	1.18263	2.0	-0.121417	-0.0730247	1.48764	3.0	-0.100081	-0.0770752	1.63771	4.0	-0.271258	-0.0488367	1.3455	5.0	-0.33569	-0.0425136	1.09698	6.0	-0.32855	0.0574764	0.902763	7.0	-0.327588	0.0941295	0.847775	8.0	0.0709243	-0.0804722	1.36576	9.0	0.14957	-0.124924	1.10157	10.0	0.182267	-0.0985069	0.892159	11.0	0.18909	-0.069274	0.854442	12.0	-0.11935	-0.06978	0.862825	13.0	-0.165412	-0.20643	0.510856	14.0	-0.157585	-0.445243	0.179497	15.0	-0.169901	-0.402631	0.0943349	16.0	0.026173	-0.0780206	0.879939	17.0	0.0532207	-0.0567063	0.505143	18.0	0.0543617	-0.0253736	0.173287	19.0	0.040884	0.086435	0.100551	20.0	-0.108343	-0.0814003	1.41244	21.0	-0.305153	0.104528	0.786589	22.0	-0.284738	0.0750787	0.813963	23.0	0.187972	-0.0559449	0.796464	24.0	0.1797	-0.0280737	0.881045
52.162	0.0	-0.0301902	-0.0774438	0.874312	1.0	-0.0678127	-0.0620612	1.18516	2.0	-0.109459	-0.0309236	1.48849	3.0	-0.0959664	-0.0456517	1.64131	4.0	-0.270025	-0.0180538	1.34566	5.0	-0.338662	-0.0207713	1.10253	6.0	-0.329647	0.0678792	0.903465	7.0	-0.330223	0.107524	0.843037	8.0	0.0806075	-0.0486416	1.37441	9.0	0.155582	-0.0922338	1.10204	10.0	0.190039	-0.0561818	0.893743	11.0	0.196287	-0.0435239	0.856609	12.0	-0.119212	-0.036969	0.868921	13.0	-0.161468	-0.128166	0.536907	14.0	-0.162296	-0.373428	0.209652	15.0	-0.16723	-0.239379	0.169022	16.0	0.0237356	-0.045623	0.882465	17.0	0.0584131	-0.0394305	0.50988	18.0	0.0590356	-0.0177428	0.174282	19.0	0.0390179	0.0869721	0.0985419	20.0	-0.0981514	-0.0410343	1.41376	21.0	-0.322637	0.122082	0.781987	22.0	-0.281983	0.0910914	0.808086	23.0	0.194337	-0.0328626	0.798247	24.0	0.205138	-0.000942349	0.854386
52.196	0.0	-0.0242497	-0.043476	0.87474	1.0	-0.0637976	-0.024599	1.18647	2.0	-0.108865	0.00477607	1.49057	3.0	-0.0839669	0.00729497	1.64011	4.0	-0.264368	0.0287998	1.34298	5.0	-0.343411	0.0214621	1.10246	6.0	-0.338897	0.0982592	0.898775	7.0	-0.33912	0.123973	0.84028	8.0	0.084093	-0.00478094	1.3758	9.0	0.1608	-0.0514101	1.10446	10.0	0.197318	-0.0114148	0.89694	11.0	0.200154	0.00423909	0.854905	12.0	-0.112853	-0.00296466	0.870298	13.0	-0.163509	-0.0680721	0.516566	14.0	-0.167501	-0.340525	0.212448	15.0	-0.171619	-0.206768	0.171855	16.0	0.0288312	-0.0121326	0.881934	17.0	0.0623446	-0.0153642	0.515901	18.0	0.0589966	-0.0126477	0.173758	19.0	0.0386767	0.0902443	0.0952308	20.0	-0.0966078	-0.00490201	1.41563	21.0	-0.326176	0.130662	0.772387	22.0	-0.27201	0.0635876	0.862469	23.0	0.198681	0.0247123	0.799388	24.0	0.21383	0.0305973	0.842512
52.229	0.0	-0.0235903	-0.00414265	0.871752	1.0	-0.059146	0.0147544	1.18447	2.0	-0.0997727	0.0482318	1.48951	3.0	-0.0802923	0.0383624	1.63838	4.0	-0.260962	0.0555602	1.33955	5.0	-0.338582	0.0421556	1.09768	6.0	-0.339817	0.108903	0.890769	7.0	-0.356205	0.14988	0.838786	8.0	0.0928537	0.0331034	1.36812	9.0	0.170609	-0.0142039	1.09974	10.0	0.202714	0.0185178	0.881568	11.0	0.209642	0.046869	0.839703	12.0	-0.111928	0.0334345	0.870059	13.0	-0.148484	0.0266064	0.531041	14.0	-0.162212	-0.252988	0.233653	15.0	-0.169852	-0.119311	0.192629	16.0	0.0288254	0.0302801	0.876048	17.0	0.067277	9.94657e-05	0.51031	18.0	0.0586355	-0.00998158	0.171675	19.0	0.039055	0.0902741	0.0937402	20.0	-0.088613	0.0375318	1.41433	21.0	-0.349944	0.15532	0.769483	22.0	-0.370775	0.150723	0.819313	23.0	0.205167	0.0640833	0.791002	24.0	0.20276	0.0775332	0.868742
52.262	0.0	-0.0270049	0.0249258	0.871955	1.0	-0.0610701	0.0498184	1.18295	2.0	-0.100434	0.086306	1.48612	3.0	-0.0801384	0.0922303	1.6322	4.0	-0.262179	0.0891269	1.34025	5.0	-0.340509	0.0724163	1.09476	6.0	-0.345355	0.131298	0.885753	7.0	-0.36628	0.172622	0.822591	8.0	0.0993612	0.0738611	1.36536	9.0	0.178583	0.0321767	1.09621	10.0	0.213875	0.0706841	0.888042	11.0	0.216177	0.0921711	0.845525	12.0	-0.117339	0.0633899	0.873972	13.0	-0.163307	0.0978196	0.514058	14.0	-0.161441	-0.18084	0.215511	15.0	-0.168353	-0.176037	0.101288	16.0	0.0271321	0.0583297	0.872891	17.0	0.070125	0.01974	0.508579	18.0	0.0583318	-0.00852957	0.170415	19.0	0.0389587	0.0902952	0.0936846	20.0	-0.0895419	0.0748924	1.41143	21.0	-0.353359	0.170263	0.763403	22.0	-0.345981	0.1853	0.771381	23.0	0.217412	0.09734	0.785765	24.0	0.234018	0.115806	0.838019
52.296	0.0	-0.0325149	0.0613257	0.871489	1.0	-0.0643863	0.0905234	1.18161	2.0	-0.101842	0.133312	1.4839	3.0	-0.0784475	0.121964	1.63872	4.0	-0.259769	0.127527	1.33878	5.0	-0.339047	0.0953868	1.09585	6.0	-0.352821	0.15041	0.886081	7.0	-0.369469	0.181006	0.828009	8.0	0.0996989	0.123723	1.35331	9.0	0.182359	0.0655099	1.09792	10.0	0.215054	0.120183	0.891904	11.0	0.213138	0.144797	0.84378	12.0	-0.124596	0.0955657	0.874352	13.0	-0.161977	0.163925	0.52323	14.0	-0.150346	-0.0752933	0.190535	15.0	-0.169293	-0.0443715	0.100834	16.0	0.0234645	0.0985876	0.871449	17.0	0.0732931	0.0369392	0.503824	18.0	0.0583307	-0.0034782	0.168217	19.0	0.0401779	0.0924758	0.0908389	20.0	-0.0914161	0.120285	1.40944	21.0	-0.366005	0.183785	0.760151	22.0	-0.352181	0.208865	0.83544	23.0	0.219534	0.157215	0.78856	24.0	0.204272	0.184471	0.86997
52.348	0.0	-0.0270232	0.0936689	0.867438	1.0	-0.0607742	0.128431	1.17814	2.0	-0.100788	0.175129	1.48129	3.0	-0.0850568	0.183848	1.63244	4.0	-0.259106	0.160496	1.33589	5.0	-0.332155	0.12692	1.08775	6.0	-0.36111	0.165652	0.87633	7.0	-0.377492	0.196542	0.809811	8.0	0.0961607	0.166269	1.35298	9.0	0.182979	0.11864	1.08642	10.0	0.210395	0.181897	0.88137	11.0	0.209061	0.193648	0.847042	12.0	-0.119537	0.125792	0.872672	13.0	-0.162404	0.240067	0.532634	14.0	-0.144734	0.0470344	0.169363	15.0	-0.15325	0.101933	0.0880745	16.0	0.0288076	0.132725	0.865061	17.0	0.0803377	0.0580707	0.495749	18.0	0.0577893	-0.000529908	0.166683	19.0	0.0405176	0.0946812	0.0890444	20.0	-0.0896579	0.161195	1.40661	21.0	-0.376718	0.188384	0.754641	22.0	-0.362249	0.203085	0.76755	23.0	0.209238	0.210171	0.784284	24.0	0.2243	0.223175	0.828746
52.365	0.0	-0.0279163	0.13279	0.864261	1.0	-0.0644126	0.171483	1.17375	2.0	-0.107244	0.223189	1.47531	3.0	-0.0884413	0.217045	1.62774	4.0	-0.266055	0.194412	1.33018	5.0	-0.333789	0.143982	1.08562	6.0	-0.366134	0.181978	0.874379	7.0	-0.380178	0.203003	0.815693	8.0	0.0920667	0.215731	1.35112	9.0	0.173468	0.169176	1.0804	10.0	0.21439	0.213343	0.873944	11.0	0.206411	0.247272	0.826089	12.0	-0.122132	0.160543	0.866256	13.0	-0.160888	0.308489	0.523185	14.0	-0.129207	0.19298	0.157324	15.0	-0.154247	0.26213	0.0813663	16.0	0.0293893	0.176526	0.865737	17.0	0.0922106	0.0809582	0.455434	18.0	0.0507348	0.0189576	0.157698	19.0	0.0414735	0.105296	0.0868555	20.0	-0.0953898	0.207957	1.40106	21.0	-0.37798	0.199763	0.748351	22.0	-0.371357	0.240987	0.808816	23.0	0.199429	0.262258	0.784842	24.0	0.209492	0.27819	0.841811
52.396	0.0	-0.0322501	0.161362	0.861914	1.0	-0.0691942	0.201834	1.17065	2.0	-0.112176	0.25422	1.47161	3.0	-0.0981228	0.266974	1.62222	4.0	-0.271987	0.23253	1.32447	5.0	-0.34054	0.175678	1.07884	6.0	-0.370921	0.206293	0.862337	7.0	-0.382346	0.213453	0.799342	8.0	0.0824065	0.258009	1.34681	9.0	0.169994	0.216729	1.09107	10.0	0.201421	0.276777	0.885646	11.0	0.195968	0.302561	0.826404	12.0	-0.126556	0.186045	0.865766	13.0	-0.154464	0.361925	0.503588	14.0	-0.142204	0.334919	0.171916	15.0	-0.168208	0.434752	0.0750393	16.0	0.0248982	0.207369	0.861197	17.0	0.0936057	0.0995521	0.456369	18.0	0.067012	0.0376825	0.150699	19.0	0.0737426	0.145995	0.0889886	20.0	-0.100306	0.238894	1.39749	21.0	-0.372035	0.203732	0.731546	22.0	-0.369013	0.223867	0.778996	23.0	0.185612	0.317712	0.781265	24.0	0.193588	0.336557	0.846091
52.429	0.0	-0.0394596	0.208615	0.862208	1.0	-0.0770456	0.250715	1.16819	2.0	-0.120662	0.304514	1.46633	3.0	-0.101538	0.301767	1.61997	4.0	-0.277238	0.269017	1.31411	5.0	-0.341869	0.204469	1.07421	6.0	-0.372985	0.215541	0.85818	7.0	-0.383259	0.224803	0.791605	8.0	0.0779606	0.306954	1.33971	9.0	0.165866	0.26351	1.09311	10.0	0.185124	0.328623	0.886987	11.0	0.184574	0.35973	0.826726	12.0	-0.133164	0.231861	0.864239	13.0	-0.153844	0.40848	0.502609	14.0	-0.146513	0.45948	0.146051	15.0	-0.177508	0.575121	0.078993	16.0	0.0166159	0.255996	0.863484	17.0	0.0846856	0.177503	0.52005	18.0	0.0625261	0.111375	0.207194	19.0	0.0681288	0.18917	0.100388	20.0	-0.108635	0.288897	1.39292	21.0	-0.372938	0.212034	0.724453	22.0	-0.365021	0.248865	0.774641	23.0	0.186331	0.372095	0.784142	24.0	0.183958	0.394188	0.842451
52.462	0.0	-0.048024	0.250908	0.856246	1.0	-0.0821378	0.282297	1.16039	2.0	-0.12316	0.328107	1.4572	3.0	-0.106148	0.340031	1.6092	4.0	-0.282102	0.309902	1.30391	5.0	-0.346513	0.238825	1.07294	6.0	-0.375977	0.231096	0.853989	7.0	-0.385214	0.239967	0.783099	8.0	0.0765377	0.334171	1.33327	9.0	0.153707	0.311421	1.06892	10.0	0.182741	0.382933	0.866084	11.0	0.172697	0.404258	0.84055	12.0	-0.148171	0.281283	0.857342	13.0	-0.150647	0.45989	0.510017	14.0	-0.151587	0.539929	0.154809	15.0	-0.172413	0.664871	0.0845628	16.0	0.0135917	0.290059	0.858705	17.0	0.0863673	0.22885	0.564527	18.0	0.0517087	0.175719	0.290051	19.0	0.0276974	0.306203	0.24715	20.0	-0.111702	0.314218	1.3841	21.0	-0.380326	0.230033	0.718081	22.0	-0.372458	0.275554	0.762773	23.0	0.168176	0.427506	0.778235	24.0	0.175374	0.443654	0.823697
52.496	0.0	-0.0487707	0.304895	0.836198	1.0	-0.0849899	0.33286	1.14177	2.0	-0.127242	0.371695	1.44	3.0	-0.116089	0.388033	1.59403	4.0	-0.290159	0.35347	1.29098	5.0	-0.347886	0.280386	1.04323	6.0	-0.388694	0.272296	0.832313	7.0	-0.389861	0.265048	0.769304	8.0	0.0682169	0.380548	1.31861	9.0	0.147921	0.348404	1.06295	10.0	0.167817	0.428316	0.86132	11.0	0.163062	0.462146	0.810232	12.0	-0.144748	0.331799	0.846293	13.0	-0.154229	0.510521	0.509956	14.0	-0.150751	0.556391	0.145748	15.0	-0.168948	0.686757	0.0768632	16.0	0.00882216	0.347889	0.830124	17.0	0.104609	0.279324	0.5478	18.0	0.06324	0.0754224	0.191742	19.0	0.0388087	0.206203	0.150315	20.0	-0.115619	0.360653	1.36621	21.0	-0.381601	0.247051	0.697483	22.0	-0.386078	0.309137	0.774668	23.0	0.154412	0.485046	0.770429	24.0	0.163674	0.501354	0.825607
52.529	0.0	-0.0636801	0.355396	0.825083	1.0	-0.0957811	0.37133	1.13316	2.0	-0.13427	0.399469	1.43335	3.0	-0.119188	0.414	1.58502	4.0	-0.293363	0.385477	1.28252	5.0	-0.356493	0.311164	1.03849	6.0	-0.393748	0.296683	0.827631	7.0	-0.398181	0.294112	0.757106	8.0	0.0652948	0.400347	1.31381	9.0	0.146679	0.388572	1.05628	10.0	0.162599	0.456228	0.850297	11.0	0.156384	0.511031	0.806581	12.0	-0.162003	0.385316	0.831664	13.0	-0.155085	0.562563	0.487787	14.0	-0.143294	0.582151	0.14006	15.0	-0.166095	0.687885	0.0727632	16.0	-0.00380032	0.394511	0.822983	17.0	0.0953927	0.316067	0.525325	18.0	0.0318193	0.0772787	0.196059	19.0	0.0107033	0.209212	0.156076	20.0	-0.123256	0.389494	1.35956	21.0	-0.387775	0.273147	0.683942	22.0	-0.384785	0.323621	0.757042	23.0	0.151671	0.530486	0.766757	24.0	0.150001	0.542311	0.828481
52.562	0.0	-0.0620224	0.393719	0.820327	1.0	-0.0988123	0.410395	1.12882	2.0	-0.142039	0.440091	1.42912	3.0	-0.126544	0.448859	1.58474	4.0	-0.29854	0.420745	1.27907	5.0	-0.362524	0.360355	1.02849	6.0	-0.404769	0.345135	0.813023	7.0	-0.405657	0.330822	0.74743	8.0	0.057487	0.449884	1.30599	9.0	0.138299	0.419706	1.05169	10.0	0.153266	0.510759	0.853495	11.0	0.151027	0.541634	0.821394	12.0	-0.15988	0.422544	0.825655	13.0	-0.15183	0.590375	0.491701	14.0	-0.143309	0.588108	0.13756	15.0	-0.16387	0.686601	0.0703553	16.0	-0.00321036	0.434874	0.819531	17.0	0.0809117	0.389669	0.519493	18.0	0.030825	0.116712	0.21732	19.0	0.00559015	0.24831	0.176846	20.0	-0.130139	0.430967	1.35515	21.0	-0.395833	0.309716	0.678582	22.0	-0.391937	0.355195	0.742777	23.0	0.142943	0.566922	0.765685	24.0	0.151194	0.586064	0.820683
52.596	0.0	-0.061114	0.42526	0.823771	1.0	-0.101445	0.44092	1.1309	2.0	-0.147873	0.469063	1.42986	3.0	-0.131061	0.485747	1.58431	4.0	-0.303345	0.451229	1.2808	5.0	-0.3696	0.400075	1.03326	6.0	-0.413163	0.385473	0.823228	7.0	-0.417229	0.379964	0.754248	8.0	0.056617	0.4677	1.30693	9.0	0.131404	0.455177	1.04663	10.0	0.153076	0.519885	0.840413	11.0	0.151629	0.57386	0.802341	12.0	-0.158611	0.4524	0.826928	13.0	-0.153346	0.60759	0.492007	14.0	-0.144233	0.590527	0.135038	15.0	-0.162359	0.68546	0.0690271	16.0	-0.00307176	0.467075	0.825163	17.0	0.0777541	0.438388	0.496615	18.0	0.0183909	0.142097	0.219879	19.0	-0.00326334	0.273973	0.179675	20.0	-0.135066	0.459457	1.35625	21.0	-0.405324	0.352463	0.6832	22.0	-0.39828	0.410461	0.75834	23.0	0.146906	0.602524	0.770289	24.0	0.137338	0.616981	0.82941
52.629	0.0	-0.0697348	0.454302	0.829932	1.0	-0.107602	0.470183	1.13769	2.0	-0.151725	0.498591	1.43714	3.0	-0.134751	0.508937	1.59059	4.0	-0.306486	0.487974	1.29066	5.0	-0.378771	0.444528	1.04553	6.0	-0.421133	0.439527	0.832639	7.0	-0.427756	0.434783	0.767715	8.0	0.0484101	0.510382	1.31772	9.0	0.123709	0.490436	1.04917	10.0	0.140498	0.564758	0.844977	11.0	0.141098	0.594508	0.829291	12.0	-0.169275	0.485095	0.833321	13.0	-0.153901	0.620606	0.494933	14.0	-0.144968	0.59443	0.133139	15.0	-0.16218	0.685509	0.0684276	16.0	-0.00998123	0.492816	0.830943	17.0	0.0682153	0.485582	0.486196	18.0	0.00733875	0.17249	0.229686	19.0	-0.0160828	0.304306	0.189332	20.0	-0.139561	0.48941	1.36351	21.0	-0.426408	0.416768	0.695817	22.0	-0.398925	0.461269	0.759921	23.0	0.140681	0.622897	0.775302	24.0	0.126955	0.640748	0.845234
52.661	0.0	-0.0651821	0.49318	0.841723	1.0	-0.107184	0.50308	1.15044	2.0	-0.154844	0.526229	1.45055	3.0	-0.137541	0.543665	1.60528	4.0	-0.310313	0.513536	1.30352	5.0	-0.37945	0.47428	1.0515	6.0	-0.425662	0.49398	0.838355	7.0	-0.435227	0.496169	0.777207	8.0	0.0468389	0.527702	1.32669	9.0	0.119543	0.514594	1.04806	10.0	0.134198	0.589355	0.84363	11.0	0.132171	0.620507	0.836585	12.0	-0.162587	0.521573	0.842418	13.0	-0.154977	0.627201	0.492801	14.0	-0.145144	0.594659	0.132934	15.0	-0.161832	0.68565	0.0681011	16.0	-0.00807116	0.533537	0.845262	17.0	0.0529675	0.532961	0.483971	18.0	-0.0048154	0.209587	0.24037	19.0	-0.0260494	0.341884	0.200616	20.0	-0.141814	0.518034	1.37668	21.0	-0.433574	0.483749	0.705001	22.0	-0.414857	0.532384	0.771002	23.0	0.13033	0.656381	0.785663	24.0	0.116455	0.666152	0.864119
52.696	0.0	-0.069554	0.523349	0.853968	1.0	-0.110361	0.530507	1.16245	2.0	-0.157256	0.549955	1.46201	3.0	-0.140187	0.569644	1.62017	4.0	-0.31239	0.545838	1.31933	5.0	-0.386157	0.523191	1.07103	6.0	-0.426771	0.552416	0.859044	7.0	-0.443074	0.561412	0.793685	8.0	0.0493965	0.549222	1.34017	9.0	0.123201	0.543088	1.11835	10.0	0.122045	0.602791	0.905068	11.0	0.122767	0.645708	0.849216	12.0	-0.166771	0.557258	0.855873	13.0	-0.157571	0.632176	0.493926	14.0	-0.145532	0.59508	0.132737	15.0	-0.161323	0.685613	0.0676422	16.0	-0.0126416	0.558338	0.85591	17.0	0.0388038	0.557052	0.484216	18.0	0.0687763	0.363504	0.257885	19.0	0.0491094	0.495244	0.218601	20.0	-0.144395	0.54291	1.38839	21.0	-0.452526	0.559247	0.728987	22.0	-0.419118	0.588682	0.794742	23.0	0.118694	0.671473	0.795262	24.0	0.114323	0.693539	0.865047
52.729	0.0	-0.0651696	0.545506	0.858841	1.0	-0.108719	0.554191	1.16969	2.0	-0.158665	0.575785	1.47201	3.0	-0.141629	0.589798	1.62569	4.0	-0.3136	0.56956	1.32707	5.0	-0.388223	0.562023	1.08654	6.0	-0.427204	0.607301	0.876199	7.0	-0.446116	0.626234	0.808183	8.0	0.0452382	0.579569	1.34675	9.0	0.121045	0.554788	1.11839	10.0	0.120288	0.62011	0.909985	11.0	0.12056	0.666921	0.858044	12.0	-0.161782	0.576932	0.858506	13.0	-0.158905	0.636762	0.492512	14.0	-0.145524	0.595255	0.132733	15.0	-0.161286	0.685524	0.0675665	16.0	-0.00939066	0.582474	0.863064	17.0	0.0318167	0.577977	0.484892	18.0	0.0307854	0.411533	0.233579	19.0	0.0374679	0.451969	0.118783	20.0	-0.144997	0.568095	1.39764	21.0	-0.455912	0.62884	0.743063	22.0	-0.418531	0.650793	0.793506	23.0	0.113345	0.697923	0.801076	24.0	0.12163	0.711147	0.868747
52.761	0.0	-0.0576264	0.564812	0.86258	1.0	-0.105421	0.573719	1.17555	2.0	-0.159439	0.595716	1.47989	3.0	-0.141093	0.613669	1.63336	4.0	-0.3165	0.597362	1.33414	5.0	-0.396812	0.602503	1.10322	6.0	-0.4387	0.67072	0.896161	7.0	-0.446968	0.690593	0.820077	8.0	0.043408	0.597719	1.35395	9.0	0.118379	0.578407	1.11027	10.0	0.116509	0.647373	0.901623	11.0	0.120137	0.691414	0.862632	12.0	-0.150563	0.599148	0.861658	13.0	-0.157434	0.642345	0.489757	14.0	-0.144656	0.596107	0.133194	15.0	-0.161195	0.6852	0.0673982	16.0	-0.00524191	0.598895	0.86706	17.0	0.0215853	0.599988	0.480179	18.0	0.0179612	0.469512	0.114775	19.0	0.0508282	0.527053	0.0519959	20.0	-0.144758	0.587949	1.40504	21.0	-0.440202	0.69102	0.75227	22.0	-0.424403	0.720717	0.827011	23.0	0.116633	0.717719	0.812795	24.0	0.12344	0.73392	0.867996
52.796	0.0	-0.0572441	0.589708	0.866937	1.0	-0.105805	0.595504	1.17984	2.0	-0.160432	0.613687	1.4837	3.0	-0.140076	0.634579	1.64052	4.0	-0.316682	0.619804	1.3386	5.0	-0.400707	0.629574	1.11512	6.0	-0.431773	0.722139	0.906519	7.0	-0.440842	0.75106	0.832813	8.0	0.0443965	0.61374	1.35924	9.0	0.118574	0.594012	1.11091	10.0	0.121727	0.672797	0.906796	11.0	0.123103	0.705942	0.869451	12.0	-0.149	0.622992	0.86472	13.0	-0.160169	0.649026	0.481976	14.0	-0.144604	0.596551	0.133234	15.0	-0.159761	0.683827	0.0671473	16.0	-0.0067874	0.62415	0.872644	17.0	0.0246751	0.632504	0.470826	18.0	0.00905714	0.497366	0.122751	19.0	0.0243087	0.585972	0.0676239	20.0	-0.145628	0.606912	1.40901	21.0	-0.436785	0.754501	0.771672	22.0	-0.454341	0.792782	0.850154	23.0	0.108576	0.742374	0.811554	24.0	0.115815	0.740088	0.88619
52.829	0.0	-0.0670733	0.624699	0.868815	1.0	-0.111003	0.62508	1.18325	2.0	-0.16189	0.638638	1.48822	3.0	-0.138331	0.654783	1.64432	4.0	-0.318317	0.646029	1.34333	5.0	-0.408484	0.665103	1.12284	6.0	-0.42923	0.77793	0.919451	7.0	-0.434907	0.811474	0.844398	8.0	0.042048	0.639998	1.36431	9.0	0.118987	0.609594	1.11042	10.0	0.123419	0.68441	0.905095	11.0	0.128693	0.719504	0.87097	12.0	-0.160313	0.660422	0.867012	13.0	-0.168214	0.656747	0.474319	14.0	-0.142703	0.59613	0.133324	15.0	-0.159996	0.683904	0.0672897	16.0	-0.0155308	0.656675	0.874117	17.0	0.0256303	0.671821	0.470306	18.0	0.0138023	0.557011	0.119589	19.0	0.0224601	0.652769	0.0688114	20.0	-0.14795	0.632973	1.4133	21.0	-0.428897	0.825627	0.78781	22.0	-0.417038	0.845778	0.853398	23.0	0.124494	0.755913	0.818308	24.0	0.132023	0.764764	0.881628
52.862	0.0	-0.0690353	0.652454	0.869746	1.0	-0.113103	0.650584	1.18472	2.0	-0.163579	0.660798	1.49019	3.0	-0.139996	0.677665	1.64561	4.0	-0.31762	0.672934	1.34508	5.0	-0.414115	0.691441	1.12999	6.0	-0.416132	0.812944	0.927219	7.0	-0.426583	0.863384	0.856815	8.0	0.0403013	0.658779	1.36626	9.0	0.118165	0.631941	1.10899	10.0	0.128277	0.704579	0.903401	11.0	0.1344	0.736663	0.867445	12.0	-0.161614	0.685338	0.867004	13.0	-0.175045	0.662924	0.466716	14.0	-0.142905	0.597039	0.134874	15.0	-0.159818	0.683606	0.067544	16.0	-0.0184748	0.687027	0.876059	17.0	0.0212923	0.715637	0.491764	18.0	0.021571	0.624194	0.136869	19.0	0.0229012	0.709455	0.0736208	20.0	-0.149779	0.656052	1.41516	21.0	-0.422907	0.883949	0.801677	22.0	-0.392439	0.885735	0.846849	23.0	0.132996	0.768831	0.813152	24.0	0.128772	0.779729	0.880363
52.896	0.0	-0.0714135	0.671428	0.871747	1.0	-0.113533	0.667659	1.18596	2.0	-0.162196	0.67651	1.4908	3.0	-0.13726	0.691632	1.6486	4.0	-0.316363	0.691732	1.34909	5.0	-0.4097	0.728654	1.13318	6.0	-0.40469	0.859928	0.943455	7.0	-0.415211	0.911668	0.870606	8.0	0.0402872	0.673983	1.36684	9.0	0.118357	0.646468	1.11167	10.0	0.134912	0.716174	0.905866	11.0	0.141514	0.744132	0.866852	12.0	-0.164469	0.706802	0.870029	13.0	-0.177098	0.665726	0.466821	14.0	-0.143554	0.597562	0.134963	15.0	-0.159057	0.683199	0.0676174	16.0	-0.0205343	0.70342	0.877056	17.0	0.0226211	0.736345	0.490662	18.0	0.0307822	0.696527	0.138338	19.0	0.023669	0.76162	0.0637385	20.0	-0.148841	0.672077	1.41592	21.0	-0.40765	0.940153	0.816415	22.0	-0.403147	0.95271	0.885983	23.0	0.132281	0.789384	0.809585	24.0	0.120045	0.787081	0.885533
52.929	0.0	-0.0671457	0.698801	0.872264	1.0	-0.110922	0.694888	1.18556	2.0	-0.161076	0.703208	1.48943	3.0	-0.137439	0.718971	1.64923	4.0	-0.314357	0.71847	1.35062	5.0	-0.401235	0.76335	1.13845	6.0	-0.398538	0.894702	0.953549	7.0	-0.401342	0.959767	0.883562	8.0	0.0423813	0.696706	1.36908	9.0	0.120424	0.669894	1.11975	10.0	0.13542	0.722056	0.909501	11.0	0.145942	0.757049	0.863083	12.0	-0.159891	0.734708	0.869953	13.0	-0.180033	0.672692	0.4677	14.0	-0.143968	0.597976	0.134924	15.0	-0.156478	0.683294	0.0671795	16.0	-0.0169694	0.729741	0.878042	17.0	0.0214429	0.773941	0.495704	18.0	0.0392972	0.761986	0.135852	19.0	0.0236626	0.848734	0.0731401	20.0	-0.147358	0.698947	1.41479	21.0	-0.396238	0.990192	0.828771	22.0	-0.371242	0.980161	0.874385	23.0	0.148076	0.783447	0.805469	24.0	0.145805	0.805119	0.871049
52.962	0.0	-0.0676657	0.70904	0.870062	1.0	-0.111729	0.710169	1.18415	2.0	-0.162283	0.724718	1.48917	3.0	-0.137059	0.742298	1.64714	4.0	-0.312896	0.745419	1.34764	5.0	-0.396293	0.797528	1.13625	6.0	-0.378457	0.929451	0.959082	7.0	-0.386556	1.00427	0.892534	8.0	0.0432606	0.724675	1.36455	9.0	0.113532	0.704591	1.08356	10.0	0.146513	0.737733	0.873178	11.0	0.149894	0.770329	0.85701	12.0	-0.160139	0.745825	0.867791	13.0	-0.182985	0.679851	0.467643	14.0	-0.144943	0.600285	0.136382	15.0	-0.155381	0.68474	0.0672697	16.0	-0.0178367	0.739089	0.875865	17.0	0.0237008	0.800182	0.488967	18.0	0.0438077	0.82544	0.140749	19.0	0.0248012	0.91536	0.078412	20.0	-0.148449	0.718792	1.41422	21.0	-0.38029	1.03665	0.840394	22.0	-0.353281	1.02385	0.885705	23.0	0.143734	0.799595	0.800812	24.0	0.136326	0.813312	0.870522
52.996	0.0	-0.0660529	0.727909	0.868014	1.0	-0.110868	0.732881	1.18312	2.0	-0.16235	0.749999	1.489	3.0	-0.134228	0.763696	1.64549	4.0	-0.308071	0.769798	1.34804	5.0	-0.3907	0.82182	1.13829	6.0	-0.365758	0.979648	0.968722	7.0	-0.368093	1.04605	0.89841	8.0	0.0430629	0.746432	1.36362	9.0	0.119972	0.722241	1.10964	10.0	0.142401	0.748759	0.896815	11.0	0.15168	0.781492	0.854346	12.0	-0.156919	0.763819	0.866202	13.0	-0.185705	0.689263	0.468918	14.0	-0.146905	0.602317	0.138846	15.0	-0.155247	0.684767	0.0675163	16.0	-0.0181706	0.758759	0.873397	17.0	0.0242901	0.832268	0.485792	18.0	0.0459816	0.892163	0.13177	19.0	0.0430342	0.987161	0.0801418	20.0	-0.148268	0.743577	1.41386	21.0	-0.358241	1.07338	0.847067	22.0	-0.340161	1.06301	0.901345	23.0	0.154392	0.812254	0.795944	24.0	0.140183	0.822985	0.873552
53.028	0.0	-0.068068	0.749201	0.866067	1.0	-0.11091	0.75484	1.18071	2.0	-0.160325	0.772889	1.48582	3.0	-0.131818	0.790035	1.64339	4.0	-0.30462	0.792674	1.34604	5.0	-0.384635	0.846908	1.13817	6.0	-0.358948	0.997708	0.977	7.0	-0.349903	1.07777	0.907376	8.0	0.0442373	0.769557	1.36319	9.0	0.115034	0.750431	1.08214	10.0	0.15019	0.77317	0.871313	11.0	0.151652	0.792047	0.850707	12.0	-0.158721	0.786416	0.865115	13.0	-0.1867	0.700436	0.471346	14.0	-0.14765	0.603669	0.140576	15.0	-0.156524	0.680486	0.0700336	16.0	-0.02056	0.778411	0.870751	17.0	0.026248	0.861553	0.477435	18.0	0.0471805	0.936118	0.140592	19.0	0.0439199	1.0426	0.0856016	20.0	-0.146764	0.766185	1.4109	21.0	-0.337772	1.11454	0.85513	22.0	-0.323745	1.11014	0.911136	23.0	0.142219	0.811242	0.793365	24.0	0.163483	0.837473	0.846983
53.061	0.0	-0.0687454	0.768868	0.86461	1.0	-0.109348	0.778423	1.1795	2.0	-0.156291	0.80051	1.48483	3.0	-0.130064	0.812918	1.64182	4.0	-0.302187	0.818434	1.34183	5.0	-0.380995	0.86865	1.13731	6.0	-0.337052	1.05067	0.974672	7.0	-0.328712	1.11313	0.90875	8.0	0.0447457	0.797222	1.36164	9.0	0.114555	0.765308	1.08214	10.0	0.150244	0.787721	0.871334	11.0	0.152156	0.811053	0.844405	12.0	-0.1589	0.804933	0.864392	13.0	-0.188838	0.717858	0.478122	14.0	-0.147914	0.604445	0.141201	15.0	-0.156728	0.680449	0.070097	16.0	-0.0220156	0.799059	0.868553	17.0	0.0280751	0.893608	0.471895	18.0	0.0512465	0.988844	0.138597	19.0	0.040383	1.07868	0.0814222	20.0	-0.143354	0.792812	1.40986	21.0	-0.31328	1.14447	0.860785	22.0	-0.305057	1.14188	0.922382	23.0	0.149454	0.834208	0.784418	24.0	0.133502	0.852104	0.864851
53.096	0.0	-0.0707792	0.79251	0.863079	1.0	-0.10844	0.801494	1.17798	2.0	-0.152915	0.822671	1.48319	3.0	-0.125594	0.841378	1.643	4.0	-0.300783	0.828149	1.34153	5.0	-0.373615	0.897474	1.13927	6.0	-0.327548	1.07388	0.974815	7.0	-0.309015	1.14199	0.913065	8.0	0.0464855	0.821441	1.35996	9.0	0.122279	0.786577	1.08278	10.0	0.152257	0.809521	0.870871	11.0	0.156721	0.832169	0.833397	12.0	-0.162451	0.830936	0.863444	13.0	-0.188427	0.728809	0.480988	14.0	-0.14753	0.605546	0.140435	15.0	-0.157375	0.681956	0.0704661	16.0	-0.022912	0.820232	0.86659	17.0	0.0279997	0.922709	0.474622	18.0	0.052873	1.01868	0.14552	19.0	0.0329511	1.14568	0.109706	20.0	-0.140547	0.815229	1.40826	21.0	-0.287939	1.175	0.868151	22.0	-0.303681	1.17633	0.934849	23.0	0.150394	0.850204	0.791483	24.0	0.138349	0.867729	0.860065
53.129	0.0	-0.0736742	0.828441	0.857977	1.0	-0.10719	0.836773	1.17498	2.0	-0.147808	0.857478	1.48205	3.0	-0.122968	0.866724	1.64114	4.0	-0.292906	0.878406	1.33648	5.0	-0.369617	0.920975	1.12987	6.0	-0.313536	1.10027	0.972033	7.0	-0.29127	1.16864	0.915606	8.0	0.0469041	0.855088	1.35803	9.0	0.117258	0.825772	1.07813	10.0	0.151555	0.857462	0.845115	11.0	0.15928	0.858612	0.817933	12.0	-0.165032	0.861356	0.859509	13.0	-0.186585	0.748697	0.487537	14.0	-0.14763	0.609345	0.142321	15.0	-0.158097	0.683526	0.0711084	16.0	-0.0264496	0.861482	0.860382	17.0	0.0312532	0.960961	0.471883	18.0	0.051027	1.05031	0.143862	19.0	0.0357951	1.17689	0.108308	20.0	-0.136375	0.850147	1.40667	21.0	-0.266153	1.19915	0.871201	22.0	-0.282025	1.20155	0.93678	23.0	0.150246	0.877179	0.777118	24.0	0.167983	0.882424	0.830652
53.161	0.0	-0.0706373	0.84452	0.855115	1.0	-0.103287	0.859116	1.17193	2.0	-0.143117	0.886402	1.47897	3.0	-0.118638	0.895793	1.63531	4.0	-0.288886	0.893957	1.33601	5.0	-0.357618	0.943204	1.12544	6.0	-0.305184	1.12388	0.971833	7.0	-0.277367	1.19269	0.916269	8.0	0.0508171	0.87625	1.35538	9.0	0.127337	0.834187	1.07984	10.0	0.149694	0.868409	0.859695	11.0	0.159822	0.883163	0.823118	12.0	-0.161539	0.877929	0.856549	13.0	-0.185918	0.75861	0.485462	14.0	-0.148242	0.611334	0.140201	15.0	-0.158689	0.685267	0.0690227	16.0	-0.0241158	0.876544	0.857792	17.0	0.031427	0.978537	0.474886	18.0	0.0493056	1.05996	0.144308	19.0	0.0355097	1.1487	0.0866371	20.0	-0.131857	0.877418	1.4036	21.0	-0.250254	1.22883	0.8756	22.0	-0.254347	1.21922	0.936126	23.0	0.160933	0.891308	0.77756	24.0	0.17297	0.897775	0.832106
53.196	0.0	-0.068762	0.878079	0.8498	1.0	-0.100041	0.893781	1.16808	2.0	-0.138744	0.920828	1.47647	3.0	-0.109778	0.926769	1.63376	4.0	-0.280311	0.929658	1.33048	5.0	-0.353423	0.966389	1.12152	6.0	-0.291819	1.15832	0.964462	7.0	-0.266185	1.21561	0.912007	8.0	0.0530164	0.919333	1.34842	9.0	0.127267	0.88376	1.0791	10.0	0.158555	0.901233	0.853736	11.0	0.165175	0.912846	0.818752	12.0	-0.159862	0.907986	0.852337	13.0	-0.184062	0.775118	0.483705	14.0	-0.148189	0.614227	0.139048	15.0	-0.159986	0.687741	0.067658	16.0	-0.0225402	0.91341	0.851513	17.0	0.0325439	1.00563	0.47895	18.0	0.0470266	1.07415	0.145648	19.0	0.0348702	1.16768	0.0806911	20.0	-0.127733	0.912017	1.40079	21.0	-0.232324	1.24853	0.8714	22.0	-0.258195	1.24865	0.935564	23.0	0.157663	0.927645	0.772799	24.0	0.172597	0.929043	0.824763
53.229	0.0	-0.0642896	0.900457	0.848296	1.0	-0.0941783	0.920399	1.16685	2.0	-0.131395	0.952663	1.47543	3.0	-0.102963	0.961694	1.63033	4.0	-0.275381	0.95715	1.32955	5.0	-0.345473	0.996911	1.11928	6.0	-0.289463	1.17539	0.957616	7.0	-0.26156	1.23653	0.905133	8.0	0.058334	0.944521	1.34781	9.0	0.116187	0.93508	1.10058	10.0	0.155496	0.942837	0.876584	11.0	0.169677	0.939838	0.824234	12.0	-0.155928	0.933683	0.850409	13.0	-0.181955	0.802398	0.48604	14.0	-0.149181	0.623069	0.141564	15.0	-0.162195	0.689368	0.0669411	16.0	-0.0180299	0.932224	0.850513	17.0	0.0326204	1.02076	0.483514	18.0	0.0457358	1.07782	0.145968	19.0	0.032462	1.1695	0.0801266	20.0	-0.120754	0.942469	1.39971	21.0	-0.227934	1.26896	0.863529	22.0	-0.251407	1.2678	0.927689	23.0	0.172467	0.949382	0.768951	24.0	0.170044	0.946782	0.845287
53.262	0.0	-0.0533557	0.933791	0.846315	1.0	-0.084528	0.955527	1.16612	2.0	-0.123575	0.988533	1.47583	3.0	-0.0920765	0.997967	1.63031	4.0	-0.265304	0.997907	1.33058	5.0	-0.339367	1.02821	1.11488	6.0	-0.28516	1.20246	0.944611	7.0	-0.26297	1.25638	0.89408	8.0	0.0660542	0.990929	1.34486	9.0	0.120513	0.96385	1.09841	10.0	0.130869	0.998594	0.884959	11.0	0.17396	0.976328	0.821176	12.0	-0.145506	0.964848	0.848033	13.0	-0.180446	0.832206	0.487998	14.0	-0.15043	0.627811	0.140102	15.0	-0.163032	0.694015	0.0656064	16.0	-0.00724925	0.966877	0.849123	17.0	0.030709	1.04473	0.486309	18.0	0.0425776	1.08693	0.144784	19.0	0.0286611	1.17654	0.0790486	20.0	-0.112421	0.978273	1.39985	21.0	-0.23081	1.28611	0.850578	22.0	-0.266246	1.29185	0.917503	23.0	0.180105	0.980007	0.769618	24.0	0.175283	0.982985	0.843063
53.296	0.0	-0.0370314	0.974755	0.849942	1.0	-0.0720478	0.994921	1.17037	2.0	-0.114626	1.02711	1.48055	3.0	-0.0802391	1.03101	1.63505	4.0	-0.257723	1.03176	1.33229	5.0	-0.331997	1.06099	1.1099	6.0	-0.28805	1.21673	0.935393	7.0	-0.268516	1.27079	0.878815	8.0	0.0737375	1.02218	1.34533	9.0	0.130472	1.00767	1.09836	10.0	0.186701	0.99516	0.872599	11.0	0.185992	1.01218	0.818211	12.0	-0.130382	1.00514	0.850111	13.0	-0.176443	0.882152	0.496766	14.0	-0.154303	0.650246	0.159757	15.0	-0.163536	0.693718	0.0751338	16.0	0.00945944	1.008	0.854239	17.0	0.0321414	1.06814	0.491455	18.0	0.0409479	1.09356	0.144953	19.0	0.0261968	1.17993	0.0775452	20.0	-0.102603	1.01698	1.40447	21.0	-0.236043	1.29651	0.831436	22.0	-0.24715	1.29339	0.902538	23.0	0.186907	1.02295	0.763428	24.0	0.190485	1.01661	0.835022
53.329	0.0	-0.0291681	1.00895	0.848383	1.0	-0.0633629	1.02766	1.17138	2.0	-0.105561	1.05779	1.48381	3.0	-0.0687459	1.07051	1.63953	4.0	-0.244672	1.07872	1.3292	5.0	-0.328556	1.08283	1.10969	6.0	-0.291294	1.22324	0.931167	7.0	-0.283605	1.28303	0.86648	8.0	0.0848617	1.06868	1.34006	9.0	0.139004	1.04424	1.09355	10.0	0.171696	1.04666	0.878808	11.0	0.186701	1.05609	0.818385	12.0	-0.123225	1.03883	0.848917	13.0	-0.173451	0.931062	0.495982	14.0	-0.156319	0.679616	0.173301	15.0	-0.164765	0.704233	0.0787323	16.0	0.0172927	1.04197	0.852375	17.0	0.0387718	1.0903	0.495093	18.0	0.0421312	1.09807	0.143997	19.0	0.0252785	1.18195	0.0761854	20.0	-0.0935895	1.04825	1.4072	21.0	-0.254478	1.30753	0.815364	22.0	-0.256554	1.30838	0.880759	23.0	0.188237	1.06285	0.764375	24.0	0.194143	1.0622	0.837122
53.362	0.0	-0.0136139	1.05162	0.849167	1.0	-0.0484427	1.07337	1.17382	2.0	-0.0915134	1.10666	1.48794	3.0	-0.0596758	1.10813	1.64015	4.0	-0.241758	1.11035	1.3325	5.0	-0.324259	1.11739	1.10285	6.0	-0.303129	1.23667	0.918548	7.0	-0.303737	1.29235	0.852285	8.0	0.0933657	1.10041	1.34454	9.0	0.149187	1.0832	1.0979	10.0	0.194575	1.09084	0.85584	11.0	0.193688	1.10027	0.813299	12.0	-0.107671	1.08213	0.848353	13.0	-0.15814	1.00277	0.49798	14.0	-0.157028	0.734406	0.188704	15.0	-0.171821	0.862946	0.150526	16.0	0.0319325	1.08343	0.854488	17.0	0.046524	1.11445	0.497572	18.0	0.0429706	1.10087	0.14183	19.0	0.0246605	1.18765	0.0738904	20.0	-0.0792702	1.0964	1.41092	21.0	-0.28246	1.31884	0.799988	22.0	-0.295199	1.32576	0.876355	23.0	0.184964	1.1123	0.765949	24.0	0.212584	1.11348	0.813057
53.396	0.0	0.00659124	1.10977	0.847204	1.0	-0.031931	1.12214	1.17211	2.0	-0.0810788	1.13859	1.48654	3.0	-0.0504319	1.13835	1.64052	4.0	-0.232793	1.14868	1.33189	5.0	-0.323129	1.13707	1.09869	6.0	-0.316643	1.24931	0.907581	7.0	-0.325859	1.29316	0.841261	8.0	0.10531	1.1502	1.34384	9.0	0.159517	1.12737	1.09664	10.0	0.202049	1.12046	0.863037	11.0	0.200753	1.14107	0.818888	12.0	-0.0910089	1.13703	0.846885	13.0	-0.154331	1.08115	0.516079	14.0	-0.160931	0.814	0.205135	15.0	-0.179635	0.943058	0.168311	16.0	0.054319	1.14365	0.852184	17.0	0.0504163	1.13699	0.49233	18.0	0.0434641	1.10298	0.140984	19.0	0.0265261	1.19237	0.0709503	20.0	-0.0674716	1.13213	1.40946	21.0	-0.310208	1.31241	0.784805	22.0	-0.316173	1.33134	0.856508	23.0	0.204922	1.15969	0.766213	24.0	0.212648	1.16247	0.821001
53.429	0.0	0.00698019	1.14633	0.844642	1.0	-0.0281537	1.15424	1.17008	2.0	-0.0708911	1.1791	1.4842	3.0	-0.0357645	1.18486	1.63608	4.0	-0.226345	1.18294	1.32992	5.0	-0.325334	1.16318	1.09337	6.0	-0.337246	1.26117	0.893201	7.0	-0.350972	1.29027	0.828965	8.0	0.114158	1.17799	1.33981	9.0	0.135413	1.19395	1.06793	10.0	0.20607	1.17011	0.870799	11.0	0.209067	1.17979	0.82941	12.0	-0.0903354	1.17476	0.846172	13.0	-0.136983	1.17203	0.521893	14.0	-0.160323	0.879339	0.235715	15.0	-0.177555	1.00797	0.198546	16.0	0.0538593	1.17866	0.847967	17.0	0.0503633	1.1584	0.483202	18.0	0.0433508	1.11044	0.135894	19.0	0.0277776	1.1941	0.069938	20.0	-0.0588168	1.17105	1.4072	21.0	-0.341226	1.31231	0.772316	22.0	-0.339488	1.33173	0.847503	23.0	0.194744	1.18849	0.761229	24.0	0.216065	1.22306	0.825004
53.462	0.0	0.00922261	1.17481	0.846175	1.0	-0.0224153	1.19548	1.17056	2.0	-0.0627102	1.22411	1.48353	3.0	-0.0253679	1.23156	1.6355	4.0	-0.22113	1.21532	1.33034	5.0	-0.326246	1.18309	1.0887	6.0	-0.347731	1.26425	0.885124	7.0	-0.373271	1.28664	0.822979	8.0	0.126227	1.22594	1.33703	9.0	0.16456	1.2051	1.06144	10.0	0.217178	1.21133	0.855015	11.0	0.218521	1.23375	0.81431	12.0	-0.0900451	1.20122	0.849403	13.0	-0.135213	1.23519	0.508995	14.0	-0.156077	0.950157	0.214324	15.0	-0.171187	0.942419	0.109992	16.0	0.0576464	1.2088	0.847646	17.0	0.0608544	1.19585	0.476351	18.0	0.0438192	1.12326	0.128965	19.0	0.0295055	1.19934	0.0634219	20.0	-0.0511529	1.21492	1.40686	21.0	-0.372863	1.31159	0.762375	22.0	-0.396694	1.32512	0.824258	23.0	0.227809	1.26329	0.756451	24.0	0.211814	1.28084	0.830079
53.496	0.0	-0.00450562	1.21303	0.847559	1.0	-0.0271181	1.23188	1.17003	2.0	-0.0592379	1.26568	1.48125	3.0	-0.0190344	1.27508	1.63289	4.0	-0.214647	1.261	1.32826	5.0	-0.32492	1.20659	1.08842	6.0	-0.361248	1.26772	0.880452	7.0	-0.388607	1.28491	0.827485	8.0	0.13631	1.25849	1.33266	9.0	0.200308	1.22682	1.05145	10.0	0.222964	1.26969	0.840957	11.0	0.223593	1.28675	0.819123	12.0	-0.105261	1.23873	0.85578	13.0	-0.139406	1.30098	0.508081	14.0	-0.146545	1.05147	0.180919	15.0	-0.097917	1.1269	0.0999164	16.0	0.0447795	1.24766	0.844177	17.0	0.0749529	1.23185	0.484621	18.0	0.0431221	1.12338	0.126714	19.0	0.0274361	1.1983	0.0603177	20.0	-0.0497395	1.25523	1.40505	21.0	-0.399253	1.29938	0.757411	22.0	-0.424469	1.26923	0.8195	23.0	0.219161	1.3208	0.762663	24.0	0.203963	1.33237	0.838289
53.529	0.0	-0.00741901	1.2561	0.848794	1.0	-0.0271991	1.27739	1.16938	2.0	-0.0563195	1.30611	1.47881	3.0	-0.0136782	1.31136	1.63072	4.0	-0.215486	1.28737	1.32795	5.0	-0.32473	1.23371	1.08687	6.0	-0.375752	1.26602	0.876382	7.0	-0.403176	1.27727	0.824943	8.0	0.143419	1.30664	1.32947	9.0	0.206542	1.27028	1.0488	10.0	0.227794	1.32303	0.839954	11.0	0.228374	1.33935	0.821585	12.0	-0.105724	1.27344	0.854502	13.0	-0.135547	1.36659	0.482763	14.0	-0.124465	1.16816	0.137204	15.0	-0.0829488	1.226	0.0675984	16.0	0.0384403	1.29825	0.848429	17.0	0.105236	1.27259	0.542929	18.0	0.0434886	1.15255	0.147559	19.0	0.000853931	1.21159	0.0677418	20.0	-0.047409	1.29712	1.40302	21.0	-0.412869	1.28002	0.753763	22.0	-0.432955	1.25463	0.831118	23.0	0.224825	1.37856	0.766522	24.0	0.207662	1.38496	0.839654
53.561	0.0	-0.0151517	1.29128	0.852827	1.0	-0.030555	1.31345	1.16965	2.0	-0.0553256	1.34955	1.47483	3.0	-0.0154648	1.36159	1.62679	4.0	-0.211887	1.33577	1.32362	5.0	-0.32038	1.26089	1.08924	6.0	-0.384986	1.26626	0.880764	7.0	-0.412091	1.2701	0.822917	8.0	0.143777	1.34695	1.32443	9.0	0.213447	1.31633	1.05215	10.0	0.230338	1.36938	0.842665	11.0	0.232422	1.39473	0.823594	12.0	-0.117142	1.31454	0.857708	13.0	-0.132239	1.44711	0.502847	14.0	-0.114164	1.31354	0.121106	15.0	-0.132086	1.37796	0.0506883	16.0	0.0338721	1.32727	0.852628	17.0	0.0270457	1.16893	0.455266	18.0	-0.0394074	1.0579	0.0585745	19.0	-0.0443952	1.21016	0.063397	20.0	-0.0475705	1.33852	1.40021	21.0	-0.420643	1.26257	0.750974	22.0	-0.446308	1.26226	0.829974	23.0	0.22757	1.43442	0.767992	24.0	0.210821	1.44053	0.841252
53.595	0.0	-0.0147533	1.33109	0.847165	1.0	-0.0302512	1.3566	1.1651	2.0	-0.0554067	1.38963	1.47188	3.0	-0.0186337	1.38442	1.62602	4.0	-0.21365	1.37009	1.31935	5.0	-0.319942	1.28929	1.0838	6.0	-0.389527	1.26786	0.879012	7.0	-0.415881	1.26383	0.819453	8.0	0.143228	1.39745	1.31828	9.0	0.216307	1.35741	1.04852	10.0	0.235326	1.42682	0.84338	11.0	0.234788	1.45079	0.820347	12.0	-0.116603	1.34708	0.851267	13.0	-0.126456	1.51144	0.512008	14.0	-0.103467	1.45266	0.109458	15.0	-0.127382	1.53376	0.0499741	16.0	0.0338778	1.37367	0.848395	17.0	0.0273962	1.20326	0.457028	18.0	0.0225215	1.16065	0.152787	19.0	-0.00689903	1.28506	0.11562	20.0	-0.0474627	1.37973	1.39681	21.0	-0.415991	1.24578	0.748359	22.0	-0.452007	1.26235	0.827367	23.0	0.229826	1.48669	0.76507	24.0	0.208249	1.49705	0.839589
53.629	0.0	-0.013036	1.36163	0.839988	1.0	-0.030394	1.39175	1.15789	2.0	-0.0580421	1.43485	1.46389	3.0	-0.0165115	1.4477	1.61576	4.0	-0.214772	1.42172	1.31067	5.0	-0.322646	1.33108	1.08194	6.0	-0.394645	1.27605	0.884271	7.0	-0.418186	1.26659	0.817747	8.0	0.141871	1.43815	1.31687	9.0	0.21628	1.40977	1.04454	10.0	0.233725	1.48129	0.839763	11.0	0.233357	1.50754	0.818366	12.0	-0.114951	1.37988	0.846958	13.0	-0.117617	1.56974	0.505215	14.0	-0.0984459	1.59779	0.113078	15.0	-0.127104	1.68622	0.0617885	16.0	0.035217	1.4013	0.838591	17.0	0.0344956	1.22946	0.448521	18.0	0.0209019	1.15055	0.153111	19.0	0.0301785	1.21236	0.0589799	20.0	-0.0493733	1.42206	1.38904	21.0	-0.409852	1.23404	0.746407	22.0	-0.455462	1.26729	0.816252	23.0	0.2242	1.55046	0.763443	24.0	0.205812	1.54839	0.839222
53.662	0.0	0.00211636	1.40593	0.821871	1.0	-0.02484	1.43669	1.14305	2.0	-0.061494	1.47707	1.45279	3.0	-0.0226704	1.47331	1.60575	4.0	-0.218199	1.46013	1.29873	5.0	-0.323194	1.36644	1.07752	6.0	-0.399931	1.29315	0.882973	7.0	-0.42083	1.28158	0.815993	8.0	0.135518	1.49017	1.29986	9.0	0.213826	1.45829	1.03719	10.0	0.231851	1.53822	0.83526	11.0	0.232968	1.56309	0.811039	12.0	-0.0988867	1.4214	0.836313	13.0	-0.123822	1.58171	0.514896	14.0	-0.100763	1.70603	0.111781	15.0	-0.127465	1.81769	0.0674587	16.0	0.0481197	1.44647	0.81331	17.0	0.0438258	1.2592	0.431531	18.0	0.0248918	1.15036	0.147111	19.0	0.030249	1.2124	0.0589608	20.0	-0.050669	1.46527	1.377	21.0	-0.420789	1.24888	0.748982	22.0	-0.459111	1.28588	0.814748	23.0	0.223438	1.6054	0.758892	24.0	0.203977	1.60315	0.833348
53.696	0.0	0.00738554	1.45865	0.810381	1.0	-0.0259068	1.48426	1.13197	2.0	-0.0688729	1.51978	1.44209	3.0	-0.0325157	1.52615	1.59058	4.0	-0.223489	1.50929	1.2827	5.0	-0.327541	1.40652	1.0586	6.0	-0.406108	1.32365	0.872995	7.0	-0.423753	1.30761	0.810011	8.0	0.132686	1.52817	1.29256	9.0	0.209578	1.50703	1.02662	10.0	0.231413	1.58934	0.826101	11.0	0.231476	1.61678	0.804018	12.0	-0.0930281	1.47465	0.825207	13.0	-0.117412	1.66898	0.465703	14.0	-0.092335	1.76019	0.109219	15.0	-0.115075	1.8521	0.064559	16.0	0.0521172	1.49813	0.802121	17.0	0.0437146	1.28598	0.435413	18.0	0.0275415	1.13018	0.11076	19.0	0.042125	1.20598	0.0546634	20.0	-0.0564389	1.50898	1.36625	21.0	-0.425371	1.27437	0.740783	22.0	-0.46285	1.31538	0.807434	23.0	0.221475	1.6579	0.752161	24.0	0.204658	1.65475	0.828188
53.729	0.0	-0.0329464	1.52695	0.805428	1.0	-0.0495224	1.54143	1.12275	2.0	-0.0761915	1.56469	1.42852	3.0	-0.040615	1.5637	1.5792	4.0	-0.228512	1.54816	1.27112	5.0	-0.323219	1.45364	1.04326	6.0	-0.405392	1.35616	0.860288	7.0	-0.427988	1.34413	0.79932	8.0	0.129628	1.57297	1.28117	9.0	0.204059	1.55707	1.01132	10.0	0.23338	1.63415	0.810288	11.0	0.233652	1.67647	0.773437	12.0	-0.141624	1.54575	0.821236	13.0	-0.118873	1.7174	0.453405	14.0	-0.0918288	1.7661	0.108875	15.0	-0.113116	1.85224	0.058564	16.0	0.0195305	1.56303	0.796615	17.0	0.0405788	1.33807	0.442432	18.0	0.0274177	1.13368	0.111077	19.0	0.0477381	1.20348	0.0532034	20.0	-0.0679426	1.5582	1.35343	21.0	-0.424715	1.3046	0.732185	22.0	-0.470767	1.35433	0.794373	23.0	0.220045	1.71247	0.744164	24.0	0.204005	1.71395	0.808225
53.763	0.0	-0.0269042	1.58283	0.799559	1.0	-0.0498557	1.58792	1.11763	2.0	-0.082265	1.60217	1.42377	3.0	-0.0502297	1.60036	1.57439	4.0	-0.234948	1.59134	1.26397	5.0	-0.320917	1.495	1.02778	6.0	-0.40739	1.40637	0.838232	7.0	-0.430331	1.38841	0.783058	8.0	0.119583	1.6143	1.27898	9.0	0.202543	1.59762	1.01178	10.0	0.22883	1.68574	0.81424	11.0	0.228803	1.71044	0.792258	12.0	-0.135463	1.59908	0.813287	13.0	-0.122081	1.7702	0.448102	14.0	-0.0956402	1.78396	0.109884	15.0	-0.127093	1.90365	0.0785895	16.0	0.02432	1.6202	0.793158	17.0	0.0475922	1.39652	0.437974	18.0	0.0285145	1.13905	0.109384	19.0	0.049143	1.20845	0.0524341	20.0	-0.0724117	1.59588	1.34902	21.0	-0.42739	1.35573	0.713831	22.0	-0.475031	1.40061	0.77313	23.0	0.220355	1.75095	0.742712	24.0	0.208542	1.75471	0.808098
53.796	0.0	-0.0370519	1.62857	0.804072	1.0	-0.0590782	1.62998	1.11978	2.0	-0.0917484	1.64301	1.42335	3.0	-0.0598763	1.64088	1.57538	4.0	-0.238159	1.62813	1.26651	5.0	-0.317164	1.55545	1.03107	6.0	-0.405717	1.46617	0.834962	7.0	-0.429875	1.44813	0.774944	8.0	0.104446	1.6669	1.27944	9.0	0.19753	1.64786	1.0051	10.0	0.227667	1.70931	0.79944	11.0	0.233129	1.75617	0.767912	12.0	-0.147825	1.64182	0.815709	13.0	-0.11973	1.79758	0.477108	14.0	-0.0974591	1.79589	0.109947	15.0	-0.133678	1.91519	0.0789259	16.0	0.0157469	1.66844	0.799838	17.0	0.0488595	1.43421	0.453898	18.0	0.0398994	1.20009	0.137707	19.0	0.0445796	1.22474	0.0590995	20.0	-0.0820128	1.63881	1.34918	21.0	-0.43323	1.42427	0.703836	22.0	-0.486623	1.46979	0.762546	23.0	0.217833	1.79008	0.740154	24.0	0.20809	1.79404	0.801026
53.828	0.0	-0.0461465	1.66153	0.808911	1.0	-0.0653336	1.66447	1.1256	2.0	-0.0949605	1.67696	1.42953	3.0	-0.0672646	1.67726	1.58325	4.0	-0.240825	1.66464	1.27549	5.0	-0.32128	1.59345	1.02982	6.0	-0.406154	1.53258	0.828709	7.0	-0.423938	1.51457	0.76149	8.0	0.102758	1.69609	1.28912	9.0	0.190353	1.68086	1.01204	10.0	0.218368	1.7613	0.811824	11.0	0.221502	1.77255	0.796978	12.0	-0.155951	1.67158	0.820831	13.0	-0.118905	1.8123	0.478017	14.0	-0.0982545	1.79836	0.106919	15.0	-0.103297	1.85307	0.0400015	16.0	0.00513908	1.70376	0.804134	17.0	0.0577786	1.50714	0.436299	18.0	0.05276	1.25902	0.157524	19.0	0.0491254	1.27628	0.0631204	20.0	-0.0857291	1.67163	1.35519	21.0	-0.428271	1.49944	0.698308	22.0	-0.478421	1.53835	0.766199	23.0	0.219321	1.81054	0.745759	24.0	0.192333	1.81158	0.825064
53.862	0.0	-0.0609295	1.70221	0.817166	1.0	-0.0738154	1.7015	1.13611	2.0	-0.0981846	1.71209	1.44206	3.0	-0.0728281	1.72255	1.59616	4.0	-0.242238	1.70011	1.2859	5.0	-0.322186	1.64819	1.04235	6.0	-0.392282	1.60289	0.834808	7.0	-0.411176	1.59209	0.76461	8.0	0.101934	1.73716	1.30267	9.0	0.178239	1.73139	1.02052	10.0	0.206611	1.78613	0.812815	11.0	0.209515	1.80148	0.803215	12.0	-0.170631	1.7141	0.830645	13.0	-0.122644	1.83154	0.500675	14.0	-0.098887	1.80036	0.105763	15.0	-0.100922	1.85113	0.0383568	16.0	-0.0102703	1.74209	0.810773	17.0	0.0449807	1.56525	0.431597	18.0	0.0391254	1.34085	0.230695	19.0	0.0518814	1.35245	0.12515	20.0	-0.0903106	1.70807	1.3675	21.0	-0.412011	1.57783	0.697621	22.0	-0.45478	1.59755	0.756265	23.0	0.208238	1.83682	0.752373	24.0	0.182444	1.84397	0.825219
53.896	0.0	-0.039059	1.75723	0.825607	1.0	-0.0655881	1.74859	1.14848	2.0	-0.101686	1.7471	1.45623	3.0	-0.0774709	1.7476	1.60456	4.0	-0.241247	1.73508	1.29812	5.0	-0.326673	1.69744	1.0552	6.0	-0.384781	1.67332	0.84161	7.0	-0.396694	1.67154	0.775568	8.0	0.0940437	1.77076	1.31418	9.0	0.175518	1.75781	1.03421	10.0	0.194785	1.82483	0.828062	11.0	0.200036	1.8392	0.796438	12.0	-0.147915	1.76732	0.831328	13.0	-0.122998	1.83778	0.497848	14.0	-0.099356	1.80175	0.106068	15.0	-0.10086	1.85027	0.0381907	16.0	0.00926901	1.79706	0.826599	17.0	0.0434496	1.5974	0.454944	18.0	0.0427217	1.40568	0.221727	19.0	0.0523605	1.42997	0.114929	20.0	-0.0911395	1.74515	1.38106	21.0	-0.400564	1.66588	0.700707	22.0	-0.422433	1.72412	0.765592	23.0	0.190625	1.86636	0.757081	24.0	0.179414	1.87278	0.830461
53.929	0.0	-0.0542461	1.76819	0.826514	1.0	-0.0730211	1.76401	1.1523	2.0	-0.103129	1.77551	1.46587	3.0	-0.0822963	1.78241	1.61487	4.0	-0.242819	1.76503	1.30785	5.0	-0.327513	1.73674	1.05885	6.0	-0.372497	1.74832	0.844462	7.0	-0.384564	1.7567	0.790787	8.0	0.0797236	1.80952	1.32642	9.0	-0.0251357	1.8821	1.05033	10.0	0.178689	1.85218	0.877492	11.0	0.181469	1.86899	0.834494	12.0	-0.159395	1.77513	0.833069	13.0	-0.121014	1.8452	0.493676	14.0	-0.10045	1.80368	0.107278	15.0	-0.139084	1.92233	0.0767381	16.0	-0.0101636	1.81178	0.826406	17.0	0.0823265	1.83404	0.521839	18.0	0.0699534	1.54637	0.226273	19.0	0.0395396	1.55108	0.116465	20.0	-0.094239	1.77056	1.38918	21.0	-0.389743	1.75569	0.711852	22.0	-0.413757	1.82108	0.774621	23.0	0.17962	1.87318	0.789658	24.0	0.142223	1.87215	0.777657
53.962	0.0	-0.0392489	1.80844	0.830752	1.0	-0.0661519	1.80418	1.16063	2.0	-0.10383	1.80732	1.47553	3.0	-0.0830513	1.81099	1.62154	4.0	-0.243463	1.79912	1.31649	5.0	-0.327445	1.78676	1.06317	6.0	-0.364787	1.82763	0.849892	7.0	-0.377703	1.84398	0.797448	8.0	0.0785686	1.83428	1.33186	9.0	-0.00721324	1.9137	1.05154	10.0	0.175726	1.89158	0.874652	11.0	0.175913	1.90587	0.827525	12.0	-0.143142	1.81953	0.833844	13.0	-0.101715	1.85751	0.486184	14.0	-0.100673	1.80394	0.107477	15.0	-0.100298	1.84918	0.039265	16.0	0.00314603	1.84641	0.833845	17.0	0.0711187	1.86636	0.524249	18.0	0.0641691	1.59029	0.217474	19.0	0.0278759	1.71108	0.183789	20.0	-0.0928131	1.80505	1.39885	21.0	-0.371884	1.85773	0.717699	22.0	-0.402679	1.91071	0.786245	23.0	0.188635	1.91732	0.778946	24.0	0.146212	1.88856	0.786998
53.996	0.0	0.00295156	1.86431	0.834879	1.0	-0.0469093	1.84809	1.16548	2.0	-0.105271	1.83741	1.48082	3.0	-0.0823103	1.83939	1.62598	4.0	-0.243785	1.83228	1.31971	5.0	-0.331283	1.82768	1.0679	6.0	-0.353367	1.90464	0.861606	7.0	-0.362565	1.92922	0.805094	8.0	0.0788854	1.86516	1.3359	9.0	-0.0271107	1.95305	1.06397	10.0	0.149423	1.94282	0.879065	11.0	0.172868	1.93887	0.831752	12.0	-0.100842	1.87327	0.832363	13.0	-0.0961882	1.8719	0.483858	14.0	-0.100878	1.8063	0.109007	15.0	-0.100351	1.8486	0.040105	16.0	0.0434581	1.90169	0.843816	17.0	0.0649766	1.88935	0.524211	18.0	0.0548795	1.63318	0.199955	19.0	0.0494162	1.70019	0.0992312	20.0	-0.0897701	1.83741	1.40392	21.0	-0.36498	1.94701	0.740073	22.0	-0.328832	1.95101	0.80499	23.0	0.167427	1.94338	0.794437	24.0	0.122658	1.94042	0.807154
54.029	0.0	-0.00225294	1.8754	0.832105	1.0	-0.0493065	1.8632	1.16421	2.0	-0.105842	1.8648	1.48211	3.0	-0.0839751	1.87208	1.62533	4.0	-0.246855	1.86409	1.31827	5.0	-0.331141	1.871	1.07748	6.0	-0.333876	1.97419	0.881348	7.0	-0.345106	2.01128	0.817588	8.0	0.0794232	1.89823	1.33268	9.0	-0.026313	1.97542	1.0575	10.0	0.147764	1.96666	0.865555	11.0	0.17563	1.97058	0.828127	12.0	-0.104864	1.88342	0.828786	13.0	-0.0989057	1.8862	0.461447	14.0	-0.102708	1.80847	0.112791	15.0	-0.0570117	1.85265	0.0620909	16.0	0.0367734	1.91368	0.842061	17.0	0.064741	1.92549	0.502915	18.0	0.0762182	1.78682	0.113108	19.0	0.0888858	1.84328	0.0531905	20.0	-0.0903258	1.86272	1.4045	21.0	-0.341441	2.03338	0.7582	22.0	-0.313634	2.02226	0.840686	23.0	0.172057	1.96702	0.787745	24.0	0.117823	1.97828	0.811558
54.062	0.0	-0.00901101	1.88892	0.830723	1.0	-0.0524267	1.88616	1.16327	2.0	-0.104884	1.89531	1.48167	3.0	-0.0835415	1.89615	1.62459	4.0	-0.244155	1.89597	1.31492	5.0	-0.325189	1.91465	1.08016	6.0	-0.317993	2.03746	0.895492	7.0	-0.329442	2.08689	0.83019	8.0	0.0772827	1.92571	1.33092	9.0	-0.0150999	2.0087	1.05293	10.0	0.0126182	2.02313	0.761679	11.0	0.0343992	2.01033	0.67246	12.0	-0.111156	1.89883	0.82724	13.0	-0.123838	1.89299	0.449398	14.0	-0.0944019	1.81239	0.10924	15.0	-0.0864583	1.87371	0.0502775	16.0	0.0295751	1.92509	0.8409	17.0	0.0637804	1.95335	0.495762	18.0	0.0803861	1.85059	0.103605	19.0	0.0710907	1.92417	0.0470948	20.0	-0.0901559	1.89131	1.40405	21.0	-0.322071	2.11367	0.776417	22.0	-0.299103	2.10225	0.847972	23.0	0.0329035	2.03242	0.592904	24.0	-0.0207602	1.99104	0.69404
54.096	0.0	-0.0322252	1.93004	0.829986	1.0	-0.0608262	1.92021	1.16253	2.0	-0.103961	1.92233	1.48044	3.0	-0.0832816	1.92967	1.62133	4.0	-0.244504	1.92372	1.31179	5.0	-0.313852	1.96511	1.07422	6.0	-0.306348	2.10482	0.90142	7.0	-0.312109	2.15399	0.844663	8.0	0.0789346	1.95239	1.33274	9.0	-0.0309709	2.04217	1.06241	10.0	0.00128069	2.06052	0.771699	11.0	0.033726	2.04738	0.712477	12.0	-0.13976	1.93743	0.835407	13.0	-0.130071	1.90283	0.456073	14.0	-0.095234	1.81448	0.107556	15.0	-0.0905209	1.86617	0.0429738	16.0	0.0103034	1.96941	0.831438	17.0	0.0593601	2.01122	0.516799	18.0	0.0843443	1.93943	0.129745	19.0	0.0631619	1.98385	0.0574396	20.0	-0.0911526	1.92005	1.40299	21.0	-0.303573	2.18481	0.794966	22.0	-0.286966	2.16327	0.873653	23.0	0.033814	2.07201	0.634877	24.0	-0.0135186	2.03889	0.714885
54.129	0.0	-0.0204875	1.96394	0.83316	1.0	-0.0546066	1.95248	1.16271	2.0	-0.100664	1.95033	1.4778	3.0	-0.0812167	1.95411	1.618	4.0	-0.244816	1.95433	1.30852	5.0	-0.306489	2.00186	1.07377	6.0	-0.292508	2.16463	0.909759	7.0	-0.290488	2.21362	0.859182	8.0	0.0806843	1.98027	1.33521	9.0	-0.0298666	2.05863	1.06168	10.0	0.00872952	2.13421	0.861207	11.0	-0.00813541	2.11746	0.877714	12.0	-0.127917	1.97361	0.837082	13.0	-0.133014	1.92552	0.477491	14.0	-0.0973249	1.81612	0.112506	15.0	-0.105774	1.86715	0.0436722	16.0	0.0215256	1.99789	0.835777	17.0	0.0555626	2.04337	0.517431	18.0	0.135371	2.07769	0.109681	19.0	0.0987985	2.192	0.0767134	20.0	-0.0872577	1.9494	1.40103	21.0	-0.275522	2.24678	0.810824	22.0	-0.260331	2.21995	0.890022	23.0	-0.00475753	2.13374	0.824437	24.0	-0.0490886	2.14124	0.856067
54.162	0.0	-0.0429267	1.96827	0.827865	1.0	-0.0626707	1.96441	1.15984	2.0	-0.0984594	1.97758	1.47525	3.0	-0.0767635	1.98297	1.61283	4.0	-0.245097	1.98346	1.30584	5.0	-0.296115	2.05774	1.07011	6.0	-0.270012	2.21638	0.916972	7.0	-0.274384	2.24677	0.888569	8.0	0.0755523	2.01301	1.33358	9.0	-0.0311027	2.09657	1.05991	10.0	-0.00974118	2.16907	0.854885	11.0	0.00100176	2.19107	0.786728	12.0	-0.143152	1.97872	0.833813	13.0	-0.135599	1.93436	0.480555	14.0	-0.0974323	1.81627	0.11208	15.0	-0.106243	1.86521	0.0424445	16.0	-0.00869312	2.00146	0.828578	17.0	0.0434382	2.07126	0.517439	18.0	0.1461	2.13614	0.118548	19.0	0.108254	2.24923	0.0846636	20.0	-0.0881966	1.97148	1.39849	21.0	-0.280802	2.28267	0.822666	22.0	-0.269319	2.27555	0.909505	23.0	0.00419135	2.20695	0.734044	24.0	-0.0403246	2.2139	0.76644
54.196	0.0	-0.0478604	1.99234	0.83024	1.0	-0.065618	1.9965	1.15944	2.0	-0.0958017	2.00594	1.473	3.0	-0.0740101	2.01061	1.60861	4.0	-0.239303	2.01633	1.30347	5.0	-0.287825	2.09959	1.07841	6.0	-0.237877	2.25783	0.932572	7.0	-0.259344	2.2708	0.922822	8.0	0.0767785	2.03732	1.33884	9.0	-0.0304446	2.12042	1.06638	10.0	-0.00857483	2.18259	0.85834	11.0	-0.0283385	2.14087	0.823014	12.0	-0.147846	1.99906	0.833681	13.0	-0.134213	1.95773	0.495929	14.0	-0.0980909	1.81771	0.112697	15.0	-0.106079	1.86553	0.042898	16.0	-0.0133691	2.02982	0.834205	17.0	0.0422242	2.07917	0.521984	18.0	0.14985	2.11833	0.121894	19.0	0.11455	2.23157	0.0876656	20.0	-0.0863423	2.00281	1.39662	21.0	-0.277734	2.29148	0.885461	22.0	-0.268376	2.28308	0.944156	23.0	-0.0216098	2.14523	0.80576	24.0	-0.0661133	2.15484	0.840389
54.229	0.0	-0.0612776	2.02085	0.836641	1.0	-0.0699327	2.0232	1.1611	2.0	-0.0917797	2.03839	1.47054	3.0	-0.0713153	2.04195	1.60579	4.0	-0.233006	2.05298	1.30122	5.0	-0.277232	2.1335	1.08337	6.0	-0.191579	2.32364	0.941853	7.0	-0.158292	2.38156	0.904378	8.0	0.0778169	2.06741	1.34579	9.0	-0.0412887	2.15124	1.10874	10.0	-0.19001	2.11605	0.851629	11.0	-0.194171	2.08092	0.746675	12.0	-0.159295	2.02048	0.837442	13.0	-0.131186	1.98223	0.513121	14.0	-0.101363	1.83269	0.133932	15.0	-0.131584	1.9516	0.102259	16.0	-0.0286903	2.06472	0.843109	17.0	0.0396455	2.09858	0.534262	18.0	0.164116	2.11827	0.138715	19.0	0.130613	2.23135	0.103998	20.0	-0.0845452	2.0326	1.39535	21.0	-0.177168	2.40128	0.867151	22.0	-0.168426	2.3916	0.925994	23.0	-0.210572	2.04451	0.695457	24.0	-0.263454	2.06901	0.786583
54.262	0.0	-0.0825486	2.01754	0.850394	1.0	-0.0761418	2.03319	1.16503	2.0	-0.087436	2.06901	1.46766	3.0	-0.0700338	2.06942	1.60325	4.0	-0.21844	2.09998	1.29262	5.0	-0.255182	2.17342	1.07014	6.0	-0.215915	2.34815	0.940167	7.0	-0.202353	2.38793	0.883931	8.0	0.0815418	2.09853	1.34492	9.0	-0.0386146	2.17027	1.1068	10.0	-0.191514	2.13204	0.852534	11.0	-0.204586	2.10498	0.76064	12.0	-0.182836	2.02023	0.852874	13.0	-0.132615	2.00928	0.53199	14.0	-0.104714	1.84325	0.153332	15.0	-0.129319	1.9612	0.119322	16.0	-0.0477515	2.05883	0.854642	17.0	0.0466541	2.12927	0.495492	18.0	0.160191	2.1794	0.156957	19.0	0.131131	2.2906	0.122567	20.0	-0.0836224	2.05697	1.39472	21.0	-0.221183	2.40772	0.846865	22.0	-0.21237	2.39814	0.905947	23.0	-0.218754	2.05448	0.710504	24.0	-0.254411	2.08143	0.797568
