35.107	0.0	-0.0551487	-0.187468	0.873339	1.0	-0.0968835	-0.204211	1.18347	2.0	-0.143791	-0.206921	1.48574	3.0	-0.140103	-0.207996	1.6126	4.0	-0.286402	-0.214828	1.33757	5.0	-0.332877	-0.196958	1.1128	6.0	-0.312836	-0.0702535	0.919946	7.0	-0.304107	-0.0124756	0.848424	8.0	0.0407943	-0.146591	1.37668	9.0	0.162286	-0.196324	1.10629	10.0	0.209603	-0.140508	0.891471	11.0	0.202767	-0.165132	0.857364	12.0	-0.135848	-0.16501	0.862084	13.0	-0.171823	-0.281839	0.496406	14.0	-0.126798	-0.504631	0.166203	15.0	-0.139653	-0.465691	0.0881516	16.0	-0.00823477	-0.136784	0.887397	17.0	-0.000132619	-0.0488261	0.531149	18.0	0.00284988	-0.109341	0.160658	19.0	-0.0189696	-0.043067	0.0853121	20.0	-0.131132	-0.208749	1.41124	21.0	-0.281099	0.0181202	0.801394	22.0	-0.315041	0.0450841	0.844249	23.0	0.205779	-0.17774	0.782302	24.0	0.183622	-0.161251	0.842224
35.14	0.0	-0.0525203	-0.168626	0.873347	1.0	-0.0919929	-0.182508	1.18319	2.0	-0.136258	-0.183489	1.48547	3.0	-0.131049	-0.189739	1.61491	4.0	-0.281297	-0.195552	1.33666	5.0	-0.33077	-0.176374	1.11242	6.0	-0.310173	-0.0337296	0.900536	7.0	-0.299377	0.00881627	0.839318	8.0	0.0455185	-0.124482	1.37052	9.0	0.167626	-0.154331	1.10013	10.0	0.212824	-0.129502	0.880756	11.0	0.202215	-0.124034	0.848933	12.0	-0.133623	-0.141716	0.863707	13.0	-0.17845	-0.219704	0.486941	14.0	-0.138002	-0.463065	0.171914	15.0	-0.172466	-0.337181	0.137589	16.0	-0.00551931	-0.121723	0.886052	17.0	0.00344638	-0.044231	0.524936	18.0	0.00181118	-0.111028	0.159771	19.0	-0.0191834	-0.0428348	0.0819862	20.0	-0.124258	-0.185602	1.41095	21.0	-0.287997	0.0446393	0.796358	22.0	-0.312184	0.0680519	0.8449	23.0	0.201523	-0.129338	0.775355	24.0	0.16686	-0.0978569	0.849518
35.174	0.0	-0.0446392	-0.128192	0.874241	1.0	-0.0829716	-0.145372	1.18272	2.0	-0.126284	-0.14947	1.48385	3.0	-0.118042	-0.155726	1.61382	4.0	-0.27165	-0.153325	1.33723	5.0	-0.321361	-0.146985	1.11326	6.0	-0.3067	-0.0200296	0.896563	7.0	-0.309563	0.0383201	0.837654	8.0	0.0531963	-0.106797	1.36711	9.0	0.169826	-0.122451	1.09314	10.0	0.215424	-0.0843007	0.875088	11.0	0.201127	-0.0841393	0.831936	12.0	-0.127212	-0.102805	0.867704	13.0	-0.178371	-0.147738	0.50304	14.0	-0.153538	-0.402174	0.195308	15.0	-0.181498	-0.274877	0.161315	16.0	0.00335663	-0.080811	0.88343	17.0	0.0125391	-0.0301594	0.502208	18.0	0.00206309	-0.111759	0.158088	19.0	-0.019012	-0.0441103	0.0792988	20.0	-0.114501	-0.150844	1.4096	21.0	-0.296661	0.0511805	0.786641	22.0	-0.325665	0.0984221	0.826539	23.0	0.196406	-0.084219	0.757465	24.0	0.16917	-0.0423469	0.854203
35.207	0.0	-0.0437659	-0.0930385	0.871133	1.0	-0.0802016	-0.110746	1.18077	2.0	-0.12167	-0.115629	1.48291	3.0	-0.109679	-0.110235	1.60809	4.0	-0.270115	-0.116375	1.33569	5.0	-0.31987	-0.110968	1.11172	6.0	-0.310647	0.0144905	0.886152	7.0	-0.316021	0.0641793	0.829463	8.0	0.0462987	-0.0516694	1.35892	9.0	0.161721	-0.0780121	1.09	10.0	0.202226	-0.0303001	0.87217	11.0	0.194673	-0.0270385	0.833906	12.0	-0.126933	-0.0667577	0.866157	13.0	-0.177786	-0.0580743	0.518153	14.0	-0.156243	-0.327652	0.223905	15.0	-0.189733	-0.201405	0.189695	16.0	0.00450261	-0.0463357	0.878919	17.0	0.0124446	-0.0153563	0.500405	18.0	0.00168048	-0.11117	0.157155	19.0	-0.020774	-0.046701	0.0811191	20.0	-0.110333	-0.116763	1.40843	21.0	-0.302929	0.0835354	0.779934	22.0	-0.312073	0.118904	0.832775	23.0	0.195698	-0.0338111	0.751822	24.0	0.158664	-0.0178229	0.82561
35.24	0.0	-0.0384499	-0.0801581	0.870843	1.0	-0.0741407	-0.0942013	1.18031	2.0	-0.114882	-0.0949618	1.48223	3.0	-0.103048	-0.092348	1.60888	4.0	-0.266072	-0.0944204	1.33411	5.0	-0.319313	-0.0963008	1.11134	6.0	-0.311385	0.0233211	0.887922	7.0	-0.317703	0.0777237	0.829093	8.0	0.0643342	-0.0479942	1.35648	9.0	0.16334	-0.0666047	1.09051	10.0	0.203361	-0.0118434	0.873873	11.0	0.19616	0.00482839	0.825085	12.0	-0.120897	-0.0516122	0.866888	13.0	-0.177236	-0.0301083	0.495292	14.0	-0.151651	-0.29575	0.197807	15.0	-0.159153	-0.285715	0.109722	16.0	0.00893137	-0.0357519	0.877791	17.0	0.012732	-0.0141103	0.499143	18.0	0.00267105	-0.10861	0.157924	19.0	-0.0578402	-0.122075	0.0935506	20.0	-0.10372	-0.0971731	1.40781	21.0	-0.297587	0.0987635	0.782756	22.0	-0.312825	0.122837	0.828713	23.0	0.198841	-0.000171723	0.747678	24.0	0.164109	0.0359391	0.829827
35.274	0.0	-0.0306405	-0.0576248	0.87423	1.0	-0.0669151	-0.0686549	1.18164	2.0	-0.108444	-0.0667211	1.48131	3.0	-0.0968405	-0.0674032	1.6096	4.0	-0.263267	-0.0655873	1.33548	5.0	-0.324501	-0.0691182	1.11462	6.0	-0.314291	0.0411668	0.887108	7.0	-0.322009	0.0945822	0.822078	8.0	0.0744625	-0.0363037	1.3608	9.0	0.165771	-0.0275817	1.1013	10.0	0.194355	0.038176	0.884954	11.0	0.192264	0.0472753	0.814424	12.0	-0.112691	-0.0265777	0.872477	13.0	-0.164549	0.0248333	0.496899	14.0	-0.141031	-0.224721	0.184737	15.0	-0.147683	-0.194998	0.0997066	16.0	0.0159417	-0.0159945	0.879032	17.0	0.013679	-0.00595068	0.490157	18.0	0.00111495	-0.11547	0.153947	19.0	-0.0237557	0.0110321	0.12058	20.0	-0.0970591	-0.0695642	1.40747	21.0	-0.306483	0.11258	0.777676	22.0	-0.304899	0.139878	0.820555	23.0	0.194465	0.0433602	0.747624	24.0	0.158219	0.0475287	0.829227
35.307	0.0	-0.0398661	-0.00753181	0.873992	1.0	-0.072184	-0.0158301	1.18267	2.0	-0.109813	-0.0114363	1.4837	3.0	-0.0931909	-0.00978008	1.61169	4.0	-0.259936	-0.0164413	1.33829	5.0	-0.324529	-0.0251558	1.11608	6.0	-0.321904	0.0682363	0.88808	7.0	-0.330772	0.11927	0.822465	8.0	0.070348	0.0235047	1.34962	9.0	0.152988	0.0248503	1.10291	10.0	0.176185	0.0962265	0.887233	11.0	0.169601	0.110614	0.822467	12.0	-0.123223	0.0195755	0.875827	13.0	-0.171247	0.089106	0.503526	14.0	-0.144275	-0.126884	0.166234	15.0	-0.139807	-0.0646378	0.0897439	16.0	0.00800099	0.036465	0.874873	17.0	0.0125792	0.0150911	0.452103	18.0	-0.000941155	-0.113257	0.150303	19.0	-0.0431044	-0.057064	0.0767585	20.0	-0.0993895	-0.0148696	1.40951	21.0	-0.315085	0.133116	0.772652	22.0	-0.319095	0.16483	0.816008	23.0	0.175209	0.119687	0.756275	24.0	0.149655	0.109231	0.808284
35.34	0.0	-0.0401621	-0.00289405	0.874579	1.0	-0.0711775	-0.00783497	1.18318	2.0	-0.106858	0.00102565	1.48402	3.0	-0.0895295	0.00188368	1.61251	4.0	-0.257919	0.002268	1.34129	5.0	-0.323878	-0.00500312	1.11395	6.0	-0.326276	0.0877799	0.886418	7.0	-0.33698	0.130313	0.824222	8.0	0.0722445	0.0349648	1.35099	9.0	0.152568	0.0405559	1.10128	10.0	0.171246	0.123406	0.888579	11.0	0.158853	0.148201	0.822847	12.0	-0.123536	0.024875	0.876727	13.0	-0.174998	0.146123	0.507198	14.0	-0.137902	-0.0168243	0.160785	15.0	-0.142432	0.034353	0.0855185	16.0	0.00756842	0.0412242	0.87523	17.0	0.0168173	0.0175086	0.450659	18.0	-0.0118373	-0.0940105	0.14113	19.0	-0.0532303	-0.0248283	0.0752782	20.0	-0.0969798	-0.00362496	1.4099	21.0	-0.311204	0.15131	0.76929	22.0	-0.312642	0.161994	0.817357	23.0	0.161174	0.13625	0.745763	24.0	0.131571	0.151351	0.826344
35.374	0.0	-0.0435028	0.0152057	0.875629	1.0	-0.0718871	0.019259	1.18461	2.0	-0.104589	0.0373822	1.48589	3.0	-0.0858446	0.0427441	1.61251	4.0	-0.256157	0.0323566	1.3483	5.0	-0.327758	0.0228083	1.11297	6.0	-0.334287	0.107791	0.88593	7.0	-0.344522	0.14525	0.818876	8.0	0.0776434	0.0594994	1.35176	9.0	0.153445	0.0653762	1.1067	10.0	0.164021	0.152854	0.894805	11.0	0.147387	0.186371	0.825853	12.0	-0.127675	0.0460361	0.878915	13.0	-0.177501	0.194392	0.514264	14.0	-0.147095	0.0920626	0.162122	15.0	-0.173993	0.160417	0.0860515	16.0	0.0046942	0.0570021	0.875296	17.0	0.0216526	0.0231215	0.45308	18.0	-0.00783739	-0.0659841	0.155145	19.0	-0.0148558	0.0126088	0.0691597	20.0	-0.0954527	0.0304514	1.41166	21.0	-0.328653	0.160232	0.767463	22.0	-0.31191	0.17272	0.80109	23.0	0.145906	0.203685	0.770321	24.0	0.128363	0.190173	0.77761
35.407	0.0	-0.0450983	0.0370544	0.877636	1.0	-0.0716867	0.0406838	1.18667	2.0	-0.103539	0.0565888	1.48786	3.0	-0.0852732	0.0624764	1.61432	4.0	-0.257883	0.0638011	1.34636	5.0	-0.329175	0.0518916	1.12141	6.0	-0.343528	0.130112	0.885481	7.0	-0.352926	0.160864	0.820723	8.0	0.0804588	0.0813582	1.35236	9.0	0.151329	0.0995403	1.10524	10.0	0.154509	0.201053	0.898517	11.0	0.133797	0.221845	0.836219	12.0	-0.128696	0.0662035	0.880222	13.0	-0.174774	0.228855	0.513108	14.0	-0.154284	0.195428	0.155065	15.0	-0.168418	0.285288	0.0877836	16.0	0.00234776	0.0800499	0.877883	17.0	0.0303264	0.0305332	0.459956	18.0	0.0208912	-0.0610492	0.176097	19.0	-0.0522471	0.0704087	0.151572	20.0	-0.0945379	0.0503085	1.41366	21.0	-0.341518	0.179221	0.76682	22.0	-0.329391	0.194294	0.809675	23.0	0.134969	0.221458	0.765333	24.0	0.128619	0.219274	0.830683
35.44	0.0	-0.0443535	0.0621702	0.877751	1.0	-0.0717821	0.0714393	1.18519	2.0	-0.105038	0.0941197	1.48449	3.0	-0.0879217	0.100202	1.6109	4.0	-0.264684	0.0959115	1.33887	5.0	-0.331749	0.0749653	1.11284	6.0	-0.351978	0.146236	0.88709	7.0	-0.36082	0.179211	0.815715	8.0	0.0837981	0.111473	1.35036	9.0	0.150297	0.122002	1.11208	10.0	0.146334	0.218925	0.903171	11.0	0.117676	0.265069	0.83735	12.0	-0.129053	0.0965335	0.879363	13.0	-0.168979	0.259569	0.495344	14.0	-0.158548	0.289322	0.159386	15.0	-0.172704	0.396539	0.0850359	16.0	0.00377407	0.100445	0.878759	17.0	0.0309847	0.0859419	0.569475	18.0	0.0108074	-0.0109389	0.287354	19.0	-0.0525581	0.114768	0.238272	20.0	-0.0956296	0.0860661	1.4108	21.0	-0.351909	0.18675	0.762394	22.0	-0.332875	0.208078	0.803698	23.0	0.116131	0.275846	0.778324	24.0	0.129807	0.279267	0.776678
35.474	0.0	-0.0534149	0.119008	0.876339	1.0	-0.0808031	0.122839	1.18241	2.0	-0.113201	0.135632	1.48094	3.0	-0.091275	0.141025	1.60816	4.0	-0.270225	0.130951	1.33653	5.0	-0.335996	0.120339	1.10652	6.0	-0.361446	0.16966	0.884365	7.0	-0.371818	0.202359	0.809239	8.0	0.0671005	0.163687	1.34538	9.0	0.138408	0.174671	1.11149	10.0	0.125157	0.276781	0.904909	11.0	0.0991465	0.311982	0.83971	12.0	-0.140439	0.152264	0.87821	13.0	-0.166984	0.297316	0.491165	14.0	-0.161524	0.357682	0.161265	15.0	-0.178506	0.473767	0.0886784	16.0	-0.00316032	0.157607	0.87732	17.0	0.0386646	0.101602	0.525815	18.0	-0.0228526	-0.0932256	0.176562	19.0	-0.0709322	0.0517781	0.163011	20.0	-0.104129	0.130599	1.40736	21.0	-0.36264	0.207783	0.755618	22.0	-0.35646	0.213784	0.777734	23.0	0.0935884	0.325048	0.778172	24.0	0.076608	0.305342	0.83321
35.789	0.0	-0.0803536	0.358091	0.887435	1.0	-0.114267	0.354731	1.19942	2.0	-0.154235	0.364156	1.50275	3.0	-0.133402	0.371778	1.63063	4.0	-0.305275	0.371416	1.35149	5.0	-0.364204	0.358736	1.11382	6.0	-0.376008	0.412774	0.878816	7.0	-0.379547	0.435925	0.815519	8.0	0.0306494	0.381154	1.36996	9.0	0.114968	0.369598	1.12011	10.0	0.124062	0.44552	0.904185	11.0	0.120526	0.469846	0.848042	12.0	-0.164724	0.389036	0.8848	13.0	-0.168382	0.420645	0.515025	14.0	-0.157055	0.382374	0.1451	15.0	-0.170186	0.465164	0.0781666	16.0	-0.034842	0.397857	0.892838	17.0	-0.0131568	0.457732	0.549706	18.0	-0.0418186	0.176103	0.265334	19.0	-0.0903798	0.302126	0.208523	20.0	-0.143125	0.359498	1.42814	21.0	-0.363932	0.443718	0.757143	22.0	-0.353626	0.460886	0.815299	23.0	0.121928	0.466934	0.782452	24.0	0.124205	0.503316	0.867196
35.818	0.0	-0.0828099	0.375156	0.891035	1.0	-0.116962	0.373909	1.20258	2.0	-0.15704	0.385259	1.50529	3.0	-0.133207	0.387682	1.63606	4.0	-0.305699	0.389967	1.35527	5.0	-0.367086	0.375105	1.11417	6.0	-0.370867	0.443707	0.883803	7.0	-0.372896	0.468059	0.823594	8.0	0.0306447	0.398074	1.375	9.0	0.1179	0.380877	1.12151	10.0	0.134609	0.45828	0.906741	11.0	0.12958	0.4786	0.850771	12.0	-0.166875	0.40875	0.887059	13.0	-0.17575	0.426497	0.510934	14.0	-0.156923	0.382269	0.145183	15.0	-0.170811	0.463701	0.0786369	16.0	-0.0376842	0.412623	0.897567	17.0	-0.0133843	0.528578	0.591648	18.0	-0.041716	0.246145	0.307675	19.0	-0.0926109	0.361051	0.238135	20.0	-0.145913	0.380143	1.43085	21.0	-0.361036	0.477666	0.767536	22.0	-0.333624	0.477955	0.81238	23.0	0.113326	0.478843	0.770541	24.0	0.144913	0.507682	0.834325
35.84	0.0	-0.0821909	0.403746	0.895888	1.0	-0.117155	0.400578	1.20545	2.0	-0.157961	0.41008	1.50633	3.0	-0.132351	0.417806	1.63474	4.0	-0.30697	0.41201	1.36112	5.0	-0.370635	0.400381	1.12182	6.0	-0.365903	0.466534	0.891478	7.0	-0.366496	0.50159	0.827428	8.0	0.0311845	0.421356	1.37968	9.0	0.116764	0.41002	1.12411	10.0	0.140411	0.471923	0.905962	11.0	0.132398	0.495515	0.857917	12.0	-0.166241	0.439059	0.891069	13.0	-0.178429	0.430896	0.499655	14.0	-0.15648	0.383002	0.145157	15.0	-0.17105	0.463897	0.0783926	16.0	-0.0374212	0.43891	0.90315	17.0	-0.00891388	0.573075	0.60302	18.0	-0.0159183	0.302253	0.306701	19.0	-0.0585389	0.448306	0.293158	20.0	-0.146655	0.405419	1.43234	21.0	-0.353461	0.524965	0.773803	22.0	-0.344917	0.539157	0.816342	23.0	0.113905	0.505117	0.772921	24.0	0.133778	0.541802	0.847248
35.874	0.0	-0.0843695	0.424388	0.899377	1.0	-0.118904	0.420954	1.20871	2.0	-0.159331	0.42998	1.5092	3.0	-0.132861	0.439793	1.63673	4.0	-0.307246	0.433817	1.36675	5.0	-0.372564	0.420482	1.13036	6.0	-0.369633	0.506531	0.903057	7.0	-0.364091	0.535076	0.836723	8.0	0.0303554	0.441585	1.38284	9.0	0.116351	0.421588	1.12296	10.0	0.149503	0.496836	0.90997	11.0	0.137877	0.510716	0.874127	12.0	-0.168146	0.459717	0.893508	13.0	-0.185902	0.442154	0.493889	14.0	-0.156911	0.384608	0.145297	15.0	-0.170985	0.463994	0.0782375	16.0	-0.04009	0.45955	0.907716	17.0	-0.00774519	0.597995	0.609593	18.0	-0.0203448	0.331465	0.309086	19.0	-0.0407595	0.457174	0.274556	20.0	-0.148113	0.425461	1.43532	21.0	-0.349293	0.553833	0.786089	22.0	-0.335885	0.562245	0.831284	23.0	0.125941	0.527405	0.79877	24.0	0.138358	0.550922	0.875118
35.907	0.0	-0.0830054	0.441123	0.901558	1.0	-0.117678	0.436215	1.21168	2.0	-0.158257	0.443908	1.51281	3.0	-0.130958	0.454267	1.64024	4.0	-0.305831	0.451178	1.36756	5.0	-0.374828	0.442691	1.14308	6.0	-0.361369	0.525964	0.90044	7.0	-0.355524	0.559883	0.842303	8.0	0.0328659	0.456438	1.38468	9.0	0.117403	0.434364	1.12735	10.0	0.15472	0.49943	0.912345	11.0	0.146214	0.515441	0.887733	12.0	-0.166902	0.479522	0.894293	13.0	-0.187143	0.447071	0.492467	14.0	-0.155761	0.386778	0.148007	15.0	-0.171406	0.462842	0.0789958	16.0	-0.038837	0.473415	0.91103	17.0	-0.00397389	0.670238	0.640028	18.0	-0.0168836	0.402198	0.340565	19.0	-0.0370844	0.527771	0.305932	20.0	-0.146998	0.439713	1.43879	21.0	-0.345618	0.568442	0.78939	22.0	-0.316442	0.572134	0.843727	23.0	0.140484	0.537441	0.817014	24.0	0.148815	0.551259	0.869157
35.94	0.0	-0.0802475	0.469871	0.904515	1.0	-0.116487	0.46476	1.21461	2.0	-0.158657	0.47214	1.51564	3.0	-0.131185	0.477918	1.64573	4.0	-0.306711	0.469796	1.36795	5.0	-0.378456	0.467931	1.14729	6.0	-0.355788	0.555908	0.907652	7.0	-0.352203	0.593774	0.846304	8.0	0.0337455	0.476506	1.38808	9.0	0.118894	0.452577	1.13007	10.0	0.157341	0.508882	0.913282	11.0	0.151342	0.52328	0.903949	12.0	-0.164652	0.508112	0.89605	13.0	-0.18705	0.45624	0.48801	14.0	-0.156117	0.387369	0.147995	15.0	-0.171313	0.463008	0.0789552	16.0	-0.0359861	0.501559	0.91527	17.0	-0.00502374	0.707521	0.649096	18.0	-0.0107952	0.446382	0.343165	19.0	-0.0317608	0.571757	0.308596	20.0	-0.146996	0.468037	1.44165	21.0	-0.332815	0.614488	0.798571	22.0	-0.322172	0.626135	0.840998	23.0	0.151819	0.554977	0.825756	24.0	0.152084	0.559026	0.887003
35.974	0.0	-0.0801942	0.482707	0.906495	1.0	-0.116826	0.476894	1.21595	2.0	-0.159381	0.483607	1.51636	3.0	-0.128846	0.492441	1.64499	4.0	-0.305761	0.48611	1.37145	5.0	-0.375964	0.48203	1.15112	6.0	-0.353134	0.57676	0.916233	7.0	-0.346296	0.619945	0.85523	8.0	0.0278755	0.502435	1.38845	9.0	0.122427	0.468211	1.12746	10.0	0.161309	0.520317	0.90995	11.0	0.156988	0.545128	0.880446	12.0	-0.165178	0.520967	0.897775	13.0	-0.190511	0.469658	0.490086	14.0	-0.156513	0.389186	0.148663	15.0	-0.171028	0.463115	0.0792623	16.0	-0.0354974	0.514448	0.917517	17.0	-0.0044917	0.791615	0.713852	18.0	-0.004422	0.55073	0.390327	19.0	-0.0287608	0.675675	0.355393	20.0	-0.147622	0.479669	1.44253	21.0	-0.332592	0.643296	0.805288	22.0	-0.322784	0.661896	0.843527	23.0	0.169192	0.557368	0.836693	24.0	0.162807	0.557815	0.886191
36.007	0.0	-0.0757767	0.507543	0.908105	1.0	-0.113811	0.500623	1.21622	2.0	-0.157738	0.506292	1.5153	3.0	-0.124248	0.517394	1.64281	4.0	-0.304341	0.499844	1.3735	5.0	-0.372731	0.503992	1.15254	6.0	-0.348159	0.607202	0.915461	7.0	-0.339944	0.645675	0.855606	8.0	0.0293915	0.522848	1.38345	9.0	0.124676	0.488772	1.12987	10.0	0.158127	0.542893	0.911678	11.0	0.155927	0.562941	0.893082	12.0	-0.161759	0.541738	0.898487	13.0	-0.190644	0.483617	0.489096	14.0	-0.157849	0.395253	0.149433	15.0	-0.171005	0.463946	0.0795286	16.0	-0.0303878	0.543445	0.920152	17.0	-0.00844875	0.778037	0.672943	18.0	-0.0102325	0.526185	0.358667	19.0	-0.027663	0.538292	0.283092	20.0	-0.145636	0.502611	1.44181	21.0	-0.32247	0.665291	0.808131	22.0	-0.319024	0.680697	0.850882	23.0	0.159099	0.589444	0.851104	24.0	0.152517	0.587239	0.883938
36.04	0.0	-0.0719321	0.526754	0.908564	1.0	-0.110699	0.516987	1.21592	2.0	-0.155347	0.519939	1.5143	3.0	-0.121658	0.529793	1.64257	4.0	-0.302209	0.516511	1.37216	5.0	-0.371007	0.519732	1.15133	6.0	-0.346788	0.626761	0.921543	7.0	-0.334997	0.670978	0.860136	8.0	0.0336122	0.536541	1.38124	9.0	0.128324	0.502341	1.12513	10.0	0.16459	0.554055	0.907042	11.0	0.16332	0.56966	0.89427	12.0	-0.157863	0.562535	0.899109	13.0	-0.190531	0.497063	0.491745	14.0	-0.156383	0.39734	0.148267	15.0	-0.16987	0.464042	0.0793522	16.0	-0.0269967	0.56054	0.92038	17.0	-0.00901992	0.819597	0.694511	18.0	-0.00825535	0.584876	0.366314	19.0	-0.0335238	0.709734	0.332054	20.0	-0.143065	0.516925	1.44097	21.0	-0.314984	0.692342	0.810417	22.0	-0.313458	0.705782	0.858418	23.0	0.147995	0.60516	0.867658	24.0	0.159407	0.590856	0.894451
36.074	0.0	-0.0680913	0.553743	0.908829	1.0	-0.107265	0.537557	1.21569	2.0	-0.152419	0.534726	1.51358	3.0	-0.118343	0.547098	1.64058	4.0	-0.301142	0.534136	1.37089	5.0	-0.371113	0.53666	1.15041	6.0	-0.344898	0.652804	0.925227	7.0	-0.331474	0.695528	0.862249	8.0	0.0322771	0.564697	1.37949	9.0	0.129344	0.530007	1.11862	10.0	0.168084	0.566846	0.898818	11.0	0.160624	0.587801	0.898282	12.0	-0.154727	0.588083	0.898799	13.0	-0.190707	0.510198	0.495598	14.0	-0.158	0.402072	0.147981	15.0	-0.169635	0.464997	0.0777371	16.0	-0.0228454	0.588758	0.921211	17.0	-0.00831872	0.823293	0.672958	18.0	-0.00749915	0.623539	0.321058	19.0	-0.0359477	0.74807	0.287842	20.0	-0.139999	0.533095	1.44037	21.0	-0.312959	0.711102	0.813693	22.0	-0.318031	0.738862	0.858639	23.0	0.164215	0.602068	0.883013	24.0	0.152674	0.604832	0.906725
36.107	0.0	-0.063673	0.575648	0.905442	1.0	-0.103397	0.560182	1.21187	2.0	-0.149222	0.556994	1.50922	3.0	-0.114497	0.572744	1.63435	4.0	-0.298487	0.553869	1.3682	5.0	-0.369539	0.555525	1.14805	6.0	-0.34023	0.67473	0.92132	7.0	-0.329268	0.720901	0.864668	8.0	0.0342031	0.592325	1.376	9.0	0.130454	0.552747	1.11914	10.0	0.161195	0.604754	0.900107	11.0	0.163045	0.599071	0.907356	12.0	-0.151309	0.607711	0.895436	13.0	-0.18883	0.520738	0.495284	14.0	-0.157733	0.407729	0.148951	15.0	-0.169195	0.466026	0.0772002	16.0	-0.0177498	0.612786	0.917902	17.0	-0.00875429	0.845497	0.66761	18.0	-0.00410624	0.663286	0.30575	19.0	-0.0145019	0.695421	0.22132	20.0	-0.13662	0.555566	1.43616	21.0	-0.311467	0.735784	0.812768	22.0	-0.338679	0.770189	0.856522	23.0	0.16063	0.607003	0.898901	24.0	0.159809	0.616938	0.912235
36.14	0.0	-0.0595826	0.594941	0.902423	1.0	-0.0993319	0.574983	1.20892	2.0	-0.145196	0.568207	1.50626	3.0	-0.111439	0.582577	1.63229	4.0	-0.295233	0.568812	1.36416	5.0	-0.36821	0.567469	1.14478	6.0	-0.334571	0.697448	0.920369	7.0	-0.321063	0.745599	0.863127	8.0	0.0394466	0.601018	1.37438	9.0	0.137104	0.566933	1.11813	10.0	0.158467	0.609754	0.896152	11.0	0.17041	0.618806	0.901044	12.0	-0.146711	0.626497	0.893165	13.0	-0.185443	0.538207	0.496997	14.0	-0.157069	0.409229	0.148672	15.0	-0.168568	0.466534	0.0766374	16.0	-0.0145557	0.632294	0.914205	17.0	-0.00580669	0.872107	0.649645	18.0	0.0025228	0.720586	0.272969	19.0	-0.0270222	0.844525	0.240852	20.0	-0.132581	0.567596	1.43321	21.0	-0.302982	0.767519	0.817835	22.0	-0.313088	0.786972	0.865594	23.0	0.156053	0.646599	0.884768	24.0	0.165445	0.633309	0.904917
36.174	0.0	-0.056968	0.621678	0.896247	1.0	-0.0950204	0.601766	1.20277	2.0	-0.139262	0.594203	1.50008	3.0	-0.10496	0.6086	1.62619	4.0	-0.290177	0.587427	1.35974	5.0	-0.365288	0.587591	1.14085	6.0	-0.333285	0.718831	0.926871	7.0	-0.317988	0.770184	0.866827	8.0	0.0472467	0.638324	1.36575	9.0	0.139613	0.607656	1.11174	10.0	0.170549	0.648563	0.890976	11.0	0.166679	0.652761	0.886629	12.0	-0.143939	0.649146	0.887996	13.0	-0.18248	0.552489	0.497226	14.0	-0.156948	0.41271	0.146301	15.0	-0.169044	0.470285	0.0743487	16.0	-0.0125903	0.663172	0.907142	17.0	-0.00337876	0.885535	0.619204	18.0	0.00892455	0.78387	0.224727	19.0	-0.0258316	0.9067	0.193341	20.0	-0.127035	0.593861	1.42704	21.0	-0.299761	0.79265	0.816012	22.0	-0.285827	0.798914	0.865464	23.0	0.158756	0.675297	0.870496	24.0	0.155622	0.666566	0.895121
36.207	0.0	-0.0574244	0.64883	0.889072	1.0	-0.0932189	0.626073	1.19761	2.0	-0.135451	0.61626	1.49651	3.0	-0.0995593	0.630404	1.62284	4.0	-0.284531	0.615831	1.35555	5.0	-0.361573	0.608634	1.13789	6.0	-0.331148	0.754352	0.923848	7.0	-0.315416	0.80214	0.863245	8.0	0.0493371	0.65941	1.36295	9.0	0.141138	0.635162	1.09977	10.0	0.176301	0.665659	0.878674	11.0	0.169536	0.684743	0.870776	12.0	-0.144528	0.677087	0.882021	13.0	-0.180728	0.563944	0.495278	14.0	-0.15702	0.414314	0.145261	15.0	-0.168633	0.471478	0.073244	16.0	-0.0131879	0.688902	0.899139	17.0	-0.000323348	0.90268	0.586222	18.0	0.0117172	0.840183	0.182511	19.0	-0.0215237	0.962879	0.152037	20.0	-0.123705	0.616439	1.42311	21.0	-0.294656	0.833339	0.822041	22.0	-0.310539	0.841461	0.867704	23.0	0.173886	0.692862	0.855781	24.0	0.161199	0.697233	0.886612
36.24	0.0	-0.0527708	0.675471	0.880537	1.0	-0.0872476	0.652194	1.19054	2.0	-0.128176	0.641344	1.491	3.0	-0.0910288	0.6567	1.61669	4.0	-0.279709	0.638835	1.35008	5.0	-0.355422	0.645487	1.1309	6.0	-0.32989	0.771596	0.926129	7.0	-0.315966	0.829017	0.865877	8.0	0.0521882	0.696331	1.35943	9.0	0.150172	0.6628	1.07894	10.0	0.172112	0.706511	0.857347	11.0	0.1783	0.707823	0.853921	12.0	-0.140288	0.699392	0.874379	13.0	-0.179667	0.579401	0.492008	14.0	-0.156827	0.416746	0.142855	15.0	-0.168098	0.474011	0.0709352	16.0	-0.00856448	0.720111	0.889888	17.0	0.00161863	0.908878	0.577752	18.0	0.0128314	0.880816	0.169048	19.0	-0.0246077	1.00263	0.138847	20.0	-0.116743	0.641827	1.41721	21.0	-0.294601	0.863001	0.818961	22.0	-0.289512	0.870854	0.863358	23.0	0.166917	0.727358	0.834908	24.0	0.167402	0.724468	0.858655
36.274	0.0	-0.0484664	0.695134	0.873787	1.0	-0.0802299	0.677236	1.18351	2.0	-0.117972	0.672569	1.48377	3.0	-0.0819473	0.68177	1.61304	4.0	-0.273032	0.662264	1.34656	5.0	-0.345636	0.665212	1.12659	6.0	-0.322964	0.811072	0.917731	7.0	-0.310176	0.858336	0.857972	8.0	0.0602689	0.717629	1.35458	9.0	0.152951	0.690472	1.08503	10.0	0.178743	0.720953	0.862391	11.0	0.175277	0.741749	0.848964	12.0	-0.135535	0.719201	0.867852	13.0	-0.178045	0.591667	0.488194	14.0	-0.156382	0.41979	0.141609	15.0	-0.168241	0.474614	0.0690118	16.0	-0.00508271	0.738887	0.883238	17.0	0.00680614	0.915788	0.55504	18.0	0.0229992	0.914289	0.144939	19.0	-0.0139188	1.03574	0.114829	20.0	-0.107368	0.671446	1.41002	21.0	-0.294558	0.879403	0.810538	22.0	-0.286119	0.870567	0.832476	23.0	0.171164	0.758499	0.814145	24.0	0.170514	0.757755	0.848984
36.307	0.0	-0.0486897	0.744181	0.860506	1.0	-0.0753668	0.717621	1.17552	2.0	-0.109685	0.704507	1.47997	3.0	-0.0724987	0.720909	1.60547	4.0	-0.26268	0.707864	1.33477	5.0	-0.336628	0.703915	1.11568	6.0	-0.322837	0.837968	0.915793	7.0	-0.31088	0.891299	0.855752	8.0	0.0680369	0.769035	1.34448	9.0	0.159031	0.739922	1.05658	10.0	0.180499	0.782508	0.834867	11.0	0.173765	0.786144	0.823708	12.0	-0.135069	0.763363	0.857127	13.0	-0.176169	0.621461	0.484919	14.0	-0.156694	0.422696	0.140964	15.0	-0.167893	0.48111	0.06944	16.0	-0.00663585	0.790091	0.868351	17.0	0.00999816	0.92603	0.534901	18.0	0.023957	0.925286	0.138808	19.0	-0.0148657	1.04655	0.109284	20.0	-0.0997873	0.705466	1.40528	21.0	-0.295691	0.924359	0.810871	22.0	-0.326528	0.891602	0.804065	23.0	0.160819	0.80194	0.802395	24.0	0.165666	0.80304	0.82335
36.34	0.0	-0.039834	0.766612	0.855676	1.0	-0.0629223	0.745678	1.16941	2.0	-0.0927048	0.737325	1.47318	3.0	-0.0620968	0.742476	1.60487	4.0	-0.252457	0.73292	1.32976	5.0	-0.329605	0.729157	1.11159	6.0	-0.319182	0.867979	0.909243	7.0	-0.309473	0.915976	0.851444	8.0	0.0782572	0.784803	1.34216	9.0	0.168221	0.759705	1.05766	10.0	0.188595	0.797919	0.83524	11.0	0.178463	0.818716	0.813351	12.0	-0.125724	0.788664	0.851259	13.0	-0.174507	0.6502	0.486054	14.0	-0.159606	0.435772	0.146129	15.0	-0.168232	0.482118	0.0721006	16.0	0.0018287	0.812488	0.863974	17.0	0.0102175	0.933157	0.522049	18.0	0.0242369	0.924148	0.139533	19.0	-0.000486655	0.989927	0.0731551	20.0	-0.0840047	0.737225	1.39859	21.0	-0.293876	0.945771	0.800778	22.0	-0.321966	0.919545	0.806029	23.0	0.17634	0.828641	0.781933	24.0	0.174219	0.830244	0.818582
36.374	0.0	-0.0312075	0.803492	0.850794	1.0	-0.0548955	0.778215	1.16725	2.0	-0.0855728	0.765382	1.47344	3.0	-0.0505596	0.775071	1.60318	4.0	-0.244465	0.766086	1.32822	5.0	-0.321762	0.763025	1.10993	6.0	-0.312624	0.892388	0.904135	7.0	-0.30751	0.941913	0.844759	8.0	0.0904967	0.822428	1.33316	9.0	0.174637	0.808034	1.06853	10.0	0.204059	0.835954	0.846364	11.0	0.187782	0.842825	0.851036	12.0	-0.118719	0.827933	0.846467	13.0	-0.177634	0.718741	0.489051	14.0	-0.162549	0.471274	0.173829	15.0	-0.169128	0.485718	0.0771544	16.0	0.0106332	0.845233	0.859443	17.0	0.012282	0.944307	0.521169	18.0	0.0232641	0.924744	0.140194	19.0	-0.000587372	0.989991	0.0735497	20.0	-0.0766212	0.766381	1.39829	21.0	-0.29304	0.975744	0.796732	22.0	-0.326249	0.933278	0.812331	23.0	0.177676	0.868964	0.774841	24.0	0.190611	0.857369	0.845524
36.407	0.0	-0.0225973	0.845057	0.85137	1.0	-0.0449764	0.819496	1.16887	2.0	-0.0745142	0.806083	1.47624	3.0	-0.0369636	0.815122	1.6067	4.0	-0.229313	0.814893	1.32963	5.0	-0.306867	0.809874	1.11099	6.0	-0.310501	0.918493	0.901086	7.0	-0.310266	0.967318	0.842737	8.0	0.100057	0.844996	1.3341	9.0	0.185733	0.844964	1.05682	10.0	0.197976	0.88821	0.834201	11.0	0.19123	0.886035	0.834483	12.0	-0.110535	0.869057	0.848884	13.0	-0.175686	0.783032	0.492713	14.0	-0.170763	0.524989	0.185783	15.0	-0.196482	0.650716	0.154809	16.0	0.0191524	0.887588	0.858127	17.0	0.0201765	0.972833	0.508955	18.0	0.0228432	0.926347	0.140278	19.0	-0.000345909	0.990838	0.0732994	20.0	-0.0658097	0.807297	1.40079	21.0	-0.298906	0.994988	0.789248	22.0	-0.34036	0.96403	0.831099	23.0	0.18416	0.904212	0.760496	24.0	0.184965	0.919094	0.827739
36.44	0.0	-0.0130667	0.860257	0.850861	1.0	-0.0359334	0.840551	1.16773	2.0	-0.0663796	0.834377	1.47432	3.0	-0.0289039	0.83842	1.60733	4.0	-0.224582	0.83827	1.33096	5.0	-0.298056	0.828739	1.10857	6.0	-0.308207	0.933182	0.902406	7.0	-0.30907	0.986552	0.841855	8.0	0.109456	0.871998	1.33527	9.0	0.190416	0.865089	1.05688	10.0	0.200906	0.925417	0.837327	11.0	0.194205	0.928242	0.799916	12.0	-0.100953	0.88756	0.849728	13.0	-0.170251	0.851251	0.500129	14.0	-0.170676	0.579367	0.205612	15.0	-0.197553	0.704695	0.174181	16.0	0.0280726	0.899275	0.856521	17.0	0.0244984	0.979689	0.503698	18.0	0.0233817	0.92683	0.139743	19.0	-8.17631e-05	0.991011	0.0726438	20.0	-0.057395	0.833634	1.39908	21.0	-0.301707	1.01588	0.788372	22.0	-0.331497	0.982684	0.801407	23.0	0.188099	0.929432	0.726527	24.0	0.210513	0.940466	0.845806
36.474	0.0	0.00213734	0.888691	0.851226	1.0	-0.0232538	0.873403	1.1696	2.0	-0.0566167	0.870059	1.47785	3.0	-0.0171578	0.883073	1.60692	4.0	-0.216051	0.875632	1.33448	5.0	-0.2914	0.858873	1.10545	6.0	-0.307139	0.957734	0.897013	7.0	-0.309894	1.00677	0.835371	8.0	0.1189	0.904219	1.33082	9.0	0.193759	0.909657	1.04664	10.0	0.204994	0.967095	0.826561	11.0	0.195435	0.973658	0.789468	12.0	-0.0866853	0.915958	0.851609	13.0	-0.164882	0.910729	0.502824	14.0	-0.165678	0.633321	0.213584	15.0	-0.191156	0.758446	0.181954	16.0	0.0433939	0.926559	0.855225	17.0	0.0307291	0.987078	0.494338	18.0	0.0234879	0.926803	0.13924	19.0	1.5417e-05	0.991076	0.0721884	20.0	-0.046869	0.868808	1.4022	21.0	-0.30099	1.0404	0.784783	22.0	-0.32959	0.989426	0.79283	23.0	0.181223	0.977964	0.711941	24.0	0.209916	0.994697	0.781527
36.507	0.0	0.00593983	0.906286	0.853255	1.0	-0.0177311	0.898327	1.17286	2.0	-0.0487948	0.903671	1.48247	3.0	-0.0114663	0.910742	1.615	4.0	-0.210615	0.897904	1.33798	5.0	-0.285178	0.885014	1.10969	6.0	-0.306286	0.980885	0.898138	7.0	-0.311572	1.02412	0.833013	8.0	0.126136	0.929682	1.33111	9.0	0.195951	0.92865	1.05304	10.0	0.210309	0.99222	0.834649	11.0	0.194775	1.02288	0.773129	12.0	-0.0835102	0.935526	0.855501	13.0	-0.157486	0.945886	0.49798	14.0	-0.154808	0.685662	0.192492	15.0	-0.175356	0.696133	0.0992522	16.0	0.0475431	0.942349	0.855526	17.0	0.0328003	0.991404	0.48826	18.0	0.0244038	0.927563	0.137537	19.0	0.000919398	0.990514	0.0699552	20.0	-0.0396752	0.900082	1.40647	21.0	-0.302049	1.05673	0.781106	22.0	-0.335728	1.01085	0.796901	23.0	0.190993	1.02054	0.70194	24.0	0.206513	1.04293	0.764569
36.54	0.0	0.00545287	0.933473	0.858402	1.0	-0.0187818	0.938246	1.17893	2.0	-0.0510055	0.954712	1.48868	3.0	-0.00915974	0.964121	1.62058	4.0	-0.204648	0.936027	1.34444	5.0	-0.28191	0.91527	1.11308	6.0	-0.306181	1.00173	0.895317	7.0	-0.314277	1.04158	0.831283	8.0	0.121941	0.98196	1.33712	9.0	0.194491	0.977663	1.0641	10.0	0.204194	1.04914	0.847321	11.0	0.189406	1.0713	0.782212	12.0	-0.0843556	0.95662	0.86096	13.0	-0.150173	1.00119	0.487598	14.0	-0.145097	0.752256	0.172411	15.0	-0.168428	0.786801	0.0977091	16.0	0.047136	0.97567	0.859795	17.0	0.0340593	1.00525	0.478047	18.0	0.0246333	0.929904	0.136579	19.0	0.000978617	0.991896	0.0686378	20.0	-0.0415373	0.949271	1.41282	21.0	-0.299413	1.06264	0.771884	22.0	-0.352595	1.04984	0.816205	23.0	0.182949	1.06907	0.707577	24.0	0.192306	1.09296	0.768997
36.574	0.0	0.0086666	0.949387	0.861867	1.0	-0.0147487	0.953319	1.18099	2.0	-0.0461852	0.969091	1.4896	3.0	-0.00313363	0.981919	1.61993	4.0	-0.200085	0.960056	1.34868	5.0	-0.280794	0.934618	1.11746	6.0	-0.308062	1.01649	0.894345	7.0	-0.316942	1.0571	0.829608	8.0	0.130126	0.99594	1.33679	9.0	0.196531	0.99181	1.0686	10.0	0.207536	1.06754	0.853187	11.0	0.194884	1.10247	0.79642	12.0	-0.0808527	0.973351	0.865688	13.0	-0.144215	1.03498	0.482221	14.0	-0.131542	0.839978	0.152873	15.0	-0.110427	0.911493	0.0858874	16.0	0.0497065	0.989975	0.862066	17.0	0.0362648	1.01614	0.47455	18.0	0.0247348	0.929907	0.136565	19.0	0.00193249	0.990815	0.0681909	20.0	-0.0370126	0.96305	1.41393	21.0	-0.302356	1.07716	0.769949	22.0	-0.346084	1.0424	0.79821	23.0	0.182731	1.1024	0.71969	24.0	0.208201	1.13053	0.791037
36.607	0.0	0.00981515	0.971607	0.865221	1.0	-0.0126122	0.985351	1.18387	2.0	-0.0430309	1.01231	1.49165	3.0	0.00105329	1.02358	1.62323	4.0	-0.196153	0.986282	1.3521	5.0	-0.282688	0.963846	1.11863	6.0	-0.309642	1.03641	0.892322	7.0	-0.319252	1.07128	0.825927	8.0	0.140576	1.03247	1.33951	9.0	0.203	1.04101	1.07774	10.0	0.200874	1.12141	0.863017	11.0	0.186726	1.14573	0.796523	12.0	-0.0803005	0.99592	0.869662	13.0	-0.135356	1.10048	0.483556	14.0	-0.12142	0.950014	0.136908	15.0	-0.0998113	1.00178	0.0724483	16.0	0.0510716	1.01152	0.864768	17.0	0.0511518	1.03514	0.456861	18.0	0.0201657	0.933059	0.131901	19.0	0.000588569	0.992656	0.0631703	20.0	-0.033981	1.00341	1.41622	21.0	-0.304986	1.08993	0.76791	22.0	-0.348729	1.04951	0.789638	23.0	0.182018	1.14921	0.72955	24.0	0.196799	1.17424	0.813685
36.64	0.0	0.00190601	1.00458	0.865785	1.0	-0.0150415	1.01689	1.18481	2.0	-0.0408005	1.04048	1.49306	3.0	0.00194295	1.05721	1.62228	4.0	-0.191488	1.02226	1.35249	5.0	-0.283968	0.990929	1.12036	6.0	-0.312325	1.05389	0.891258	7.0	-0.324505	1.09099	0.828102	8.0	0.139399	1.07473	1.33174	9.0	0.1977	1.07809	1.07431	10.0	0.192809	1.16163	0.860607	11.0	0.1776	1.18277	0.806193	12.0	-0.0883407	1.02677	0.870492	13.0	-0.130029	1.15559	0.502206	14.0	-0.108297	1.05064	0.127899	15.0	-0.116132	1.11179	0.0617524	16.0	0.0429631	1.04639	0.865082	17.0	0.0602607	1.05517	0.461915	18.0	-0.0321304	1.02529	0.110819	19.0	-0.0675855	1.14532	0.0792503	20.0	-0.0328151	1.03255	1.41751	21.0	-0.313634	1.10775	0.767936	22.0	-0.356617	1.08116	0.809372	23.0	0.166332	1.18679	0.732701	24.0	0.173953	1.22403	0.80786
36.674	0.0	0.0051493	1.01971	0.865988	1.0	-0.0122617	1.0375	1.18365	2.0	-0.0385969	1.06762	1.49022	3.0	0.0043571	1.07618	1.62374	4.0	-0.192279	1.0453	1.34922	5.0	-0.282243	1.00769	1.11871	6.0	-0.316187	1.07735	0.890296	7.0	-0.326655	1.10699	0.824554	8.0	0.140547	1.09111	1.33329	9.0	0.20133	1.09335	1.07863	10.0	0.193798	1.17669	0.864822	11.0	0.176914	1.20815	0.809647	12.0	-0.0852344	1.04293	0.871042	13.0	-0.133239	1.18792	0.510679	14.0	-0.103557	1.15364	0.133155	15.0	-0.10959	1.21502	0.0682125	16.0	0.046023	1.06026	0.86498	17.0	0.0602207	1.07285	0.465321	18.0	-0.0340268	1.03321	0.11209	19.0	-0.096127	1.16143	0.0764252	20.0	-0.0304544	1.05801	1.41512	21.0	-0.318955	1.12653	0.76479	22.0	-0.36164	1.09539	0.804466	23.0	0.163138	1.20906	0.731544	24.0	0.165043	1.24868	0.801441
36.707	0.0	0.00703585	1.05249	0.864844	1.0	-0.0102609	1.07007	1.18169	2.0	-0.0363903	1.09822	1.48781	3.0	0.00818499	1.11398	1.61802	4.0	-0.193292	1.07891	1.34542	5.0	-0.277902	1.03456	1.11365	6.0	-0.315904	1.09214	0.887302	7.0	-0.326851	1.12181	0.822226	8.0	0.145224	1.12468	1.33314	9.0	0.204118	1.13298	1.0792	10.0	0.188476	1.22294	0.867959	11.0	0.171952	1.24173	0.81141	12.0	-0.0839426	1.074	0.871243	13.0	-0.121863	1.2256	0.517504	14.0	-0.0999826	1.24522	0.128015	15.0	-0.103593	1.33132	0.0671821	16.0	0.0479667	1.09432	0.862496	17.0	0.0067339	1.12363	0.463837	18.0	0.00174614	0.92697	0.110774	19.0	-0.0169026	0.975704	0.0391681	20.0	-0.0283015	1.08925	1.41279	21.0	-0.325914	1.13814	0.759912	22.0	-0.361712	1.10874	0.794972	23.0	0.156719	1.24281	0.734936	24.0	0.158822	1.28438	0.809312
36.74	0.0	0.000475612	1.08471	0.861882	1.0	-0.0127095	1.10134	1.17851	2.0	-0.034944	1.12991	1.48424	3.0	0.0056252	1.14482	1.61539	4.0	-0.195506	1.10955	1.33955	5.0	-0.276239	1.06893	1.10025	6.0	-0.3221	1.114	0.879617	7.0	-0.330755	1.13834	0.81552	8.0	0.143257	1.15786	1.32996	9.0	0.200994	1.16152	1.07929	10.0	0.18698	1.24391	0.865241	11.0	0.169552	1.27464	0.808449	12.0	-0.0918125	1.10817	0.869621	13.0	-0.109951	1.25861	0.517646	14.0	-0.102537	1.32273	0.141172	15.0	-0.105002	1.43404	0.0760564	16.0	0.0422588	1.12432	0.858475	17.0	0.000381223	1.14877	0.464812	18.0	0.00502705	0.93951	0.119848	19.0	-0.00911226	0.99552	0.0504639	20.0	-0.0278213	1.12074	1.40934	21.0	-0.328772	1.14779	0.750599	22.0	-0.37079	1.14791	0.797383	23.0	0.155944	1.27027	0.731416	24.0	0.159994	1.31789	0.802354
36.774	0.0	0.00561977	1.12252	0.856257	1.0	-0.0114114	1.13278	1.17479	2.0	-0.0367038	1.15466	1.48212	3.0	0.00351707	1.16962	1.6135	4.0	-0.197715	1.14181	1.33374	5.0	-0.277219	1.0952	1.0921	6.0	-0.324928	1.13469	0.871014	7.0	-0.333571	1.1563	0.80536	8.0	0.142622	1.18353	1.32684	9.0	0.200129	1.19321	1.07576	10.0	0.187294	1.27257	0.86069	11.0	0.167892	1.30469	0.798826	12.0	-0.0860488	1.14459	0.867485	13.0	-0.10346	1.27584	0.521171	14.0	-0.0841244	1.38975	0.123475	15.0	-0.0926354	1.50138	0.0729376	16.0	0.0461092	1.16306	0.84937	17.0	-0.0288405	1.20445	0.432199	18.0	0.00512838	0.948489	0.125483	19.0	-0.00188608	1.00804	0.0583323	20.0	-0.0288797	1.14717	1.40685	21.0	-0.326118	1.16757	0.740045	22.0	-0.367923	1.13768	0.776457	23.0	0.150358	1.30566	0.71947	24.0	0.157313	1.34695	0.792358
36.807	0.0	0.0164195	1.17155	0.851675	1.0	-0.0104473	1.17788	1.16983	2.0	-0.0455132	1.19705	1.47679	3.0	-0.00294665	1.20482	1.61181	4.0	-0.199916	1.17659	1.32874	5.0	-0.284842	1.13418	1.07699	6.0	-0.329501	1.15929	0.853964	7.0	-0.337889	1.17599	0.798283	8.0	0.139772	1.22185	1.32214	9.0	0.189799	1.23788	1.07046	10.0	0.182827	1.3179	0.855579	11.0	0.16486	1.33853	0.79345	12.0	-0.0751921	1.19263	0.86204	13.0	-0.108688	1.33711	0.505535	14.0	-0.0842989	1.41089	0.116534	15.0	-0.080089	1.52913	0.0661214	16.0	0.0558021	1.21175	0.846039	17.0	-0.0420858	1.24384	0.43769	18.0	0.000230411	0.971713	0.14725	19.0	-0.00467303	1.0092	0.0665625	20.0	-0.0351952	1.19015	1.40162	21.0	-0.324693	1.18284	0.725084	22.0	-0.375514	1.16652	0.782296	23.0	0.151668	1.34265	0.716309	24.0	0.137483	1.37967	0.736893
36.84	0.0	0.0145984	1.1974	0.853542	1.0	-0.0116772	1.19689	1.16937	2.0	-0.0465165	1.20898	1.47482	3.0	-0.00630916	1.22103	1.60808	4.0	-0.202143	1.20311	1.32334	5.0	-0.285045	1.15469	1.07395	6.0	-0.330141	1.17837	0.850415	7.0	-0.339408	1.19636	0.789332	8.0	0.137572	1.2402	1.32499	9.0	0.194324	1.2485	1.06978	10.0	0.185274	1.32686	0.854363	11.0	0.169459	1.36112	0.786305	12.0	-0.0782691	1.22144	0.86312	13.0	-0.111669	1.36565	0.511254	14.0	-0.0831727	1.41732	0.12219	15.0	-0.0814701	1.52338	0.0691706	16.0	0.0547498	1.23481	0.848576	17.0	-0.0458909	1.26517	0.45092	18.0	-0.00273726	0.989549	0.163954	19.0	-0.00316949	1.00845	0.0665936	20.0	-0.0362555	1.20381	1.39994	21.0	-0.329344	1.19866	0.716937	22.0	-0.375523	1.18582	0.771351	23.0	0.151584	1.3634	0.708292	24.0	0.154504	1.40265	0.794424
36.874	0.0	-0.00538359	1.25159	0.853211	1.0	-0.0260073	1.24639	1.1693	2.0	-0.0544388	1.24734	1.47405	3.0	-0.0150264	1.25761	1.60858	4.0	-0.209045	1.23704	1.32141	5.0	-0.286841	1.20101	1.06375	6.0	-0.335495	1.21186	0.840929	7.0	-0.340109	1.22322	0.782811	8.0	0.126248	1.28805	1.32445	9.0	0.193156	1.29428	1.06555	10.0	0.181428	1.36558	0.84801	11.0	0.165496	1.39382	0.777249	12.0	-0.0989169	1.27232	0.862682	13.0	-0.107229	1.39824	0.527787	14.0	-0.0813841	1.42296	0.122907	15.0	-0.0810993	1.51815	0.0678694	16.0	0.0350285	1.29153	0.848547	17.0	0.0164004	1.13541	0.461929	18.0	0.00496905	0.985831	0.205638	19.0	-0.00470699	1.01563	0.101027	20.0	-0.0457301	1.24537	1.39942	21.0	-0.332966	1.22809	0.713884	22.0	-0.374197	1.20303	0.760562	23.0	0.152222	1.39399	0.707876	24.0	0.165208	1.42914	0.789685
36.907	0.0	-0.00781877	1.28945	0.856818	1.0	-0.0309984	1.27544	1.17249	2.0	-0.063169	1.27638	1.47704	3.0	-0.0236138	1.28745	1.61164	4.0	-0.214194	1.26839	1.32381	5.0	-0.287552	1.22663	1.06568	6.0	-0.33665	1.24771	0.843135	7.0	-0.3439	1.2558	0.785842	8.0	0.117042	1.31584	1.32837	9.0	0.187549	1.32037	1.07002	10.0	0.178767	1.39202	0.852532	11.0	0.16291	1.42542	0.780929	12.0	-0.101572	1.30677	0.865326	13.0	-0.1154	1.43518	0.53507	14.0	-0.0812795	1.43074	0.126411	15.0	-0.0810184	1.51515	0.0669571	16.0	0.0321931	1.33242	0.853123	17.0	0.0179503	1.16572	0.471871	18.0	0.00493325	1.01008	0.219363	19.0	-0.00428753	1.02386	0.115828	20.0	-0.0534968	1.27405	1.40248	21.0	-0.342579	1.2657	0.715053	22.0	-0.379074	1.24201	0.770837	23.0	0.1505	1.42454	0.711747	24.0	0.155142	1.46487	0.800556
36.94	0.0	-0.00605996	1.31285	0.857069	1.0	-0.0318195	1.30077	1.17448	2.0	-0.0663911	1.299	1.4801	3.0	-0.0280007	1.30636	1.61666	4.0	-0.217649	1.29592	1.32586	5.0	-0.283265	1.26081	1.0645	6.0	-0.341576	1.28348	0.843916	7.0	-0.344251	1.28774	0.785955	8.0	0.111461	1.34065	1.33397	9.0	0.189191	1.34016	1.07136	10.0	0.18258	1.40896	0.853068	11.0	0.167646	1.44337	0.781411	12.0	-0.100854	1.33678	0.863693	13.0	-0.111804	1.44456	0.528938	14.0	-0.0791399	1.43367	0.121894	15.0	-0.0813231	1.51439	0.0669192	16.0	0.0342994	1.34965	0.854777	17.0	0.0197282	1.19606	0.466602	18.0	0.00824898	1.03017	0.221147	19.0	-0.000937273	1.04202	0.117933	20.0	-0.0561937	1.2975	1.40533	21.0	-0.338053	1.28721	0.717232	22.0	-0.38518	1.28155	0.776265	23.0	0.159422	1.43777	0.712835	24.0	0.161556	1.47896	0.794755
36.974	0.0	-0.00210774	1.35578	0.85908	1.0	-0.0334971	1.33946	1.17882	2.0	-0.0735275	1.33626	1.4866	3.0	-0.0361134	1.34234	1.62429	4.0	-0.221715	1.32912	1.3313	5.0	-0.287615	1.29565	1.07137	6.0	-0.338508	1.32309	0.849407	7.0	-0.344052	1.32997	0.789141	8.0	0.104689	1.37657	1.33939	9.0	0.18799	1.38186	1.07697	10.0	0.18253	1.44218	0.856486	11.0	0.165316	1.4727	0.789567	12.0	-0.0966093	1.37427	0.864097	13.0	-0.109358	1.46151	0.525753	14.0	-0.0796076	1.43642	0.12378	15.0	-0.0805238	1.51215	0.0677438	16.0	0.037173	1.39577	0.858917	17.0	0.0187361	1.23061	0.476012	18.0	0.00689608	1.06397	0.230969	19.0	-0.00751942	1.07659	0.127095	20.0	-0.0619499	1.33502	1.41131	21.0	-0.339349	1.33813	0.720029	22.0	-0.385945	1.33741	0.776643	23.0	0.158829	1.46645	0.722828	24.0	0.160496	1.5086	0.800219
37.007	0.0	-0.010095	1.38408	0.859602	1.0	-0.0400671	1.3657	1.18082	2.0	-0.0787267	1.35837	1.48955	3.0	-0.0436405	1.36689	1.62656	4.0	-0.225416	1.35507	1.33426	5.0	-0.291629	1.32913	1.07797	6.0	-0.337361	1.36543	0.855835	7.0	-0.344142	1.37502	0.795517	8.0	0.0918907	1.41202	1.34181	9.0	0.182548	1.40497	1.08384	10.0	0.18205	1.4684	0.8642	11.0	0.165625	1.49687	0.79745	12.0	-0.10563	1.40336	0.864392	13.0	-0.100639	1.47483	0.520219	14.0	-0.0825828	1.44229	0.126532	15.0	-0.0812829	1.50943	0.0694724	16.0	0.0298805	1.42362	0.859624	17.0	0.013482	1.25806	0.476851	18.0	0.00369458	1.09684	0.227935	19.0	-0.0352137	1.2173	0.197195	20.0	-0.0674935	1.35825	1.41408	21.0	-0.3378	1.38224	0.727664	22.0	-0.390201	1.37598	0.77704	23.0	0.157315	1.48582	0.726594	24.0	0.157344	1.5324	0.814292
37.04	0.0	-0.0257196	1.4316	0.860989	1.0	-0.0510646	1.40248	1.18487	2.0	-0.086165	1.38662	1.49541	3.0	-0.0517399	1.3886	1.63541	4.0	-0.230425	1.3843	1.33659	5.0	-0.296309	1.35899	1.0821	6.0	-0.337126	1.4115	0.861624	7.0	-0.342522	1.42443	0.798322	8.0	0.0814196	1.44516	1.34704	9.0	0.178595	1.4357	1.08321	10.0	0.179268	1.499	0.863581	11.0	0.166758	1.52162	0.818902	12.0	-0.119169	1.44513	0.864437	13.0	-0.0920125	1.49335	0.514696	14.0	-0.0836181	1.44629	0.127716	15.0	-0.0816372	1.5104	0.0694195	16.0	0.0125419	1.47367	0.862388	17.0	0.00353892	1.29422	0.48743	18.0	-0.00484527	1.14478	0.230647	19.0	-0.0456336	1.26495	0.200639	20.0	-0.075761	1.38852	1.41957	21.0	-0.333499	1.43651	0.734088	22.0	-0.383891	1.42146	0.782075	23.0	0.157959	1.51949	0.741986	24.0	0.1463	1.57226	0.828571
37.074	0.0	-0.0162363	1.44016	0.861056	1.0	-0.046374	1.41389	1.18546	2.0	-0.0857614	1.40173	1.497	3.0	-0.0518294	1.40867	1.63535	4.0	-0.234569	1.40606	1.33864	5.0	-0.299943	1.38243	1.08652	6.0	-0.330962	1.44145	0.866072	7.0	-0.336076	1.46861	0.800058	8.0	0.0846859	1.45551	1.34967	9.0	0.184022	1.45225	1.09245	10.0	0.183717	1.51141	0.871742	11.0	0.177363	1.53781	0.820857	12.0	-0.108076	1.45898	0.862967	13.0	-0.0828365	1.50675	0.505328	14.0	-0.0831953	1.44788	0.127705	15.0	-0.0813522	1.51094	0.0688537	16.0	0.0204334	1.4793	0.863586	17.0	0.000567602	1.29652	0.489731	18.0	0.0116572	1.18603	0.213244	19.0	-0.0258587	1.30624	0.183385	20.0	-0.074231	1.40263	1.42086	21.0	-0.324189	1.48334	0.738982	22.0	-0.379852	1.47056	0.784514	23.0	0.169625	1.53476	0.744845	24.0	0.184721	1.57003	0.811827
37.107	0.0	-0.00863329	1.47256	0.861805	1.0	-0.0459505	1.44692	1.18778	2.0	-0.092217	1.43274	1.50079	3.0	-0.0561345	1.44094	1.63918	4.0	-0.238182	1.43514	1.33916	5.0	-0.305869	1.41448	1.09415	6.0	-0.328006	1.49008	0.876849	7.0	-0.3331	1.51524	0.805601	8.0	0.0809289	1.48689	1.35535	9.0	0.185436	1.48056	1.09175	10.0	0.187937	1.54584	0.872679	11.0	0.178473	1.56493	0.826254	12.0	-0.101731	1.49282	0.86183	13.0	-0.0830622	1.51945	0.496705	14.0	-0.0831395	1.45123	0.128198	15.0	-0.0811522	1.51167	0.0681874	16.0	0.0275535	1.50922	0.86642	17.0	0.00980998	1.32688	0.492059	18.0	-0.00154497	1.23639	0.206578	19.0	-0.0400886	1.35612	0.176971	20.0	-0.0790894	1.43436	1.42432	21.0	-0.318103	1.53935	0.741642	22.0	-0.369361	1.53241	0.786018	23.0	0.170843	1.5644	0.751205	24.0	0.167628	1.6045	0.824424
37.14	0.0	-0.0070278	1.49886	0.863462	1.0	-0.0456456	1.46881	1.18936	2.0	-0.0929908	1.45079	1.50222	3.0	-0.0589447	1.4526	1.64319	4.0	-0.24131	1.45384	1.34338	5.0	-0.308628	1.43877	1.09994	6.0	-0.328037	1.52621	0.878783	7.0	-0.329744	1.55843	0.811653	8.0	0.0808102	1.50402	1.35802	9.0	0.185644	1.50281	1.09171	10.0	0.191364	1.55892	0.870663	11.0	0.183364	1.58513	0.829167	12.0	-0.100573	1.5189	0.863528	13.0	-0.0974229	1.5316	0.481675	14.0	-0.08286	1.45229	0.128118	15.0	-0.0809466	1.5123	0.0679076	16.0	0.0289625	1.5353	0.868156	17.0	0.0427898	1.59777	0.549004	18.0	0.00391273	1.29815	0.279882	19.0	-0.0347844	1.4178	0.249623	20.0	-0.0796108	1.45333	1.42579	21.0	-0.319615	1.5798	0.754076	22.0	-0.368068	1.56513	0.800572	23.0	0.174014	1.58438	0.75357	24.0	0.175377	1.62234	0.824607
37.174	0.0	-0.00709994	1.52969	0.864897	1.0	-0.04856	1.49924	1.19168	2.0	-0.0989175	1.48045	1.50525	3.0	-0.065875	1.47797	1.64799	4.0	-0.241712	1.48653	1.34358	5.0	-0.313996	1.47179	1.10554	6.0	-0.325242	1.5748	0.879374	7.0	-0.32597	1.60114	0.82448	8.0	0.0754541	1.53439	1.36435	9.0	0.187397	1.52646	1.09418	10.0	0.194465	1.58257	0.873215	11.0	0.186098	1.6095	0.836115	12.0	-0.100424	1.54798	0.863228	13.0	-0.106571	1.53851	0.47646	14.0	-0.082491	1.45415	0.126469	15.0	-0.0803292	1.51324	0.0659944	16.0	0.0280127	1.56736	0.87145	17.0	0.0408791	1.62557	0.553992	18.0	-0.00472037	1.31189	0.302305	19.0	-0.0363254	1.32613	0.197686	20.0	-0.0847703	1.48322	1.42867	21.0	-0.317115	1.62856	0.769497	22.0	-0.367486	1.60424	0.814463	23.0	0.175882	1.61427	0.75944	24.0	0.19156	1.63952	0.823284
37.207	0.0	-0.00391578	1.54367	0.867731	1.0	-0.0470544	1.51383	1.19367	2.0	-0.0991912	1.49583	1.50637	3.0	-0.0671947	1.49723	1.64803	4.0	-0.243431	1.50532	1.34384	5.0	-0.314008	1.49117	1.11072	6.0	-0.321482	1.6027	0.882877	7.0	-0.319903	1.63867	0.829944	8.0	0.0798604	1.54585	1.36572	9.0	0.190581	1.54338	1.0991	10.0	0.205727	1.6046	0.88006	11.0	0.191711	1.63219	0.822411	12.0	-0.0973168	1.56593	0.864936	13.0	-0.108842	1.54381	0.473716	14.0	-0.0826179	1.45504	0.126151	15.0	-0.080538	1.51348	0.0653814	16.0	0.0309173	1.57763	0.874994	17.0	0.0476324	1.67661	0.566209	18.0	-0.00450473	1.34627	0.337605	19.0	-0.0377557	1.3571	0.233061	20.0	-0.0845831	1.49839	1.43002	21.0	-0.307769	1.67049	0.776244	22.0	-0.357508	1.64854	0.814799	23.0	0.188742	1.63836	0.768054	24.0	0.195499	1.64145	0.767086
37.24	0.0	-0.00317271	1.57004	0.872688	1.0	-0.0478789	1.54017	1.19693	2.0	-0.101612	1.5219	1.50787	3.0	-0.0690053	1.52012	1.65091	4.0	-0.246544	1.52907	1.34647	5.0	-0.314079	1.52683	1.11819	6.0	-0.317065	1.63692	0.890916	7.0	-0.311727	1.67654	0.836511	8.0	0.0786315	1.56937	1.37181	9.0	0.193876	1.56771	1.0954	10.0	0.210801	1.62273	0.875204	11.0	0.201644	1.64686	0.8592	12.0	-0.0969693	1.59178	0.866661	13.0	-0.110989	1.55329	0.471486	14.0	-0.0824755	1.4574	0.124201	15.0	-0.0802521	1.51495	0.0631732	16.0	0.0315569	1.60333	0.883237	17.0	0.0488475	1.7213	0.579183	18.0	-0.00348806	1.39065	0.350457	19.0	-0.0376312	1.40008	0.246048	20.0	-0.0866021	1.52455	1.43197	21.0	-0.299084	1.70952	0.783882	22.0	-0.347689	1.69511	0.815851	23.0	0.191778	1.66963	0.783796	24.0	0.221001	1.66485	0.859533
37.274	0.0	-0.0055678	1.58997	0.874713	1.0	-0.0509884	1.56418	1.19863	2.0	-0.105631	1.55021	1.50903	3.0	-0.0737495	1.54703	1.6528	4.0	-0.248016	1.55567	1.34635	5.0	-0.31444	1.55203	1.11989	6.0	-0.31543	1.66261	0.905678	7.0	-0.305429	1.71259	0.841576	8.0	0.0722092	1.60119	1.37268	9.0	0.195286	1.59038	1.09651	10.0	0.212777	1.65138	0.877739	11.0	0.201421	1.67218	0.876287	12.0	-0.0993035	1.61228	0.867578	13.0	-0.113623	1.56606	0.469	14.0	-0.0820073	1.45887	0.123846	15.0	-0.0805469	1.51866	0.0635296	16.0	0.028768	1.62229	0.886306	17.0	0.058017	1.79029	0.603604	18.0	0.040731	1.5519	0.274789	19.0	0.000708767	1.66887	0.245077	20.0	-0.0903712	1.55179	1.43329	21.0	-0.293528	1.74808	0.790032	22.0	-0.339547	1.73241	0.819631	23.0	0.194576	1.70087	0.80133	24.0	0.208617	1.7059	0.83413
37.307	0.0	-0.0038467	1.60473	0.876688	1.0	-0.0509323	1.58279	1.19965	2.0	-0.107702	1.57278	1.5089	3.0	-0.0765258	1.56593	1.65386	4.0	-0.248701	1.57999	1.34589	5.0	-0.317731	1.57305	1.1223	6.0	-0.309966	1.69272	0.910962	7.0	-0.298264	1.74502	0.845499	8.0	0.0712097	1.61883	1.37406	9.0	0.188161	1.61743	1.14236	10.0	0.212708	1.6944	0.877045	11.0	0.203682	1.69882	0.866829	12.0	-0.0978553	1.627	0.868587	13.0	-0.119872	1.57715	0.472871	14.0	-0.0764947	1.46881	0.128949	15.0	-0.0809822	1.52	0.0636593	16.0	0.030441	1.63674	0.88921	17.0	0.0582154	1.83054	0.620271	18.0	0.0353092	1.59524	0.288811	19.0	-0.0031233	1.71197	0.258824	20.0	-0.0918633	1.57337	1.43348	21.0	-0.283299	1.77696	0.792299	22.0	-0.332581	1.76337	0.819864	23.0	0.197885	1.72559	0.820179	24.0	0.207477	1.7144	0.870573
37.34	0.0	-0.0115512	1.6376	0.876917	1.0	-0.0581552	1.61752	1.201	2.0	-0.114127	1.60828	1.51138	3.0	-0.0843738	1.60103	1.65681	4.0	-0.24756	1.60853	1.34606	5.0	-0.31546	1.6077	1.12158	6.0	-0.304373	1.72316	0.917819	7.0	-0.293276	1.77858	0.849471	8.0	0.0548535	1.67153	1.37268	9.0	0.179254	1.66087	1.09584	10.0	0.213828	1.71862	0.879166	11.0	0.185074	1.75535	0.855507	12.0	-0.103746	1.65128	0.867652	13.0	-0.13226	1.60297	0.492636	14.0	-0.0798395	1.47183	0.126957	15.0	-0.0571191	1.57135	0.084514	16.0	0.0200932	1.6788	0.891036	17.0	0.0569906	1.9052	0.647482	18.0	0.049197	1.70754	0.290693	19.0	0.00207699	1.82155	0.260712	20.0	-0.0985117	1.60877	1.43568	21.0	-0.276843	1.81525	0.797543	22.0	-0.31293	1.78003	0.806501	23.0	0.16725	1.77859	0.838979	24.0	0.173728	1.76826	0.851298
37.374	0.0	-0.00758054	1.6507	0.879023	1.0	-0.0547058	1.63177	1.20122	2.0	-0.11127	1.62436	1.50959	3.0	-0.0820972	1.61885	1.65465	4.0	-0.247302	1.6309	1.34553	5.0	-0.312208	1.63428	1.11999	6.0	-0.298894	1.74962	0.919011	7.0	-0.285545	1.80893	0.852853	8.0	0.0596691	1.67695	1.37483	9.0	0.185769	1.66648	1.09886	10.0	0.215601	1.73356	0.883579	11.0	0.208539	1.76037	0.86678	12.0	-0.101021	1.67142	0.869722	13.0	-0.135313	1.61775	0.505225	14.0	-0.0819583	1.47718	0.129434	15.0	-0.0861422	1.53473	0.0665358	16.0	0.0244003	1.68564	0.892797	17.0	0.0558018	1.92497	0.658809	18.0	0.0453283	1.74511	0.29199	19.0	0.00306477	1.8596	0.262164	20.0	-0.0954893	1.62435	1.43442	21.0	-0.267629	1.84286	0.798772	22.0	-0.318727	1.8268	0.823576	23.0	0.211405	1.76652	0.85502	24.0	0.206755	1.77254	0.858084
37.407	0.0	-0.00563705	1.67369	0.879551	1.0	-0.0525747	1.65845	1.2004	2.0	-0.109199	1.65431	1.50734	3.0	-0.0808168	1.64791	1.65279	4.0	-0.245575	1.65737	1.34436	5.0	-0.310067	1.65923	1.11868	6.0	-0.293253	1.78452	0.922299	7.0	-0.278753	1.84265	0.854253	8.0	0.0658673	1.7025	1.37652	9.0	0.196422	1.68577	1.1036	10.0	0.238979	1.73596	0.887145	11.0	0.228016	1.76725	0.876752	12.0	-0.101627	1.6944	0.870793	13.0	-0.133345	1.63041	0.511813	14.0	-0.0843614	1.48401	0.137606	15.0	-0.0868682	1.53368	0.069075	16.0	0.0286991	1.70538	0.892763	17.0	0.0541301	1.95712	0.66921	18.0	0.047794	1.79438	0.293891	19.0	0.00562589	1.90819	0.263941	20.0	-0.0933745	1.65354	1.43253	21.0	-0.259033	1.87872	0.803094	22.0	-0.297883	1.84504	0.808757	23.0	0.20178	1.78692	0.871659	24.0	0.220746	1.77643	0.878083
37.44	0.0	-0.00573233	1.70272	0.877454	1.0	-0.0529044	1.68988	1.19831	2.0	-0.109991	1.68786	1.50535	3.0	-0.0828236	1.67855	1.65164	4.0	-0.243783	1.68346	1.34307	5.0	-0.305643	1.68925	1.11653	6.0	-0.287647	1.81485	0.922812	7.0	-0.269182	1.87649	0.854376	8.0	0.0617297	1.74723	1.37091	9.0	0.196974	1.72228	1.10174	10.0	0.206498	1.79182	0.884336	11.0	0.204421	1.83103	0.794692	12.0	-0.103297	1.71512	0.869504	13.0	-0.131819	1.64801	0.521601	14.0	-0.0868514	1.49406	0.149905	15.0	-0.0841972	1.54709	0.0588787	16.0	0.0305737	1.74397	0.889778	17.0	0.0555243	1.98396	0.65551	18.0	0.120218	2.26479	0.353668	19.0	0.0686521	2.3715	0.321692	20.0	-0.0940253	1.68659	1.43052	21.0	-0.248617	1.91271	0.805818	22.0	-0.240138	1.79157	0.848726	23.0	0.178093	1.85051	0.790053	24.0	0.19694	1.83977	0.797086
37.474	0.0	-0.00609521	1.72905	0.87438	1.0	-0.0522256	1.71622	1.19527	2.0	-0.108421	1.71415	1.50227	3.0	-0.0818834	1.71153	1.64706	4.0	-0.243197	1.71021	1.33952	5.0	-0.302863	1.72193	1.11191	6.0	-0.282729	1.85788	0.925243	7.0	-0.263449	1.91441	0.854986	8.0	0.0604921	1.76861	1.36685	9.0	0.199157	1.74556	1.09944	10.0	0.22398	1.79841	0.879917	11.0	0.221899	1.83762	0.790279	12.0	-0.103391	1.7449	0.867438	13.0	-0.131076	1.65944	0.523857	14.0	-0.0891147	1.50051	0.153919	15.0	-0.0847345	1.54819	0.0585724	16.0	0.0292926	1.76446	0.886286	17.0	0.0533605	2.00664	0.65408	18.0	0.117092	2.2905	0.354821	19.0	0.0668118	2.3971	0.322965	20.0	-0.0926583	1.71291	1.42746	21.0	-0.239739	1.94571	0.808475	22.0	-0.238271	1.90996	0.876321	23.0	0.195527	1.85704	0.785658	24.0	0.214317	1.8462	0.792715
37.507	0.0	-0.00691346	1.75025	0.869316	1.0	-0.0511777	1.74197	1.19085	2.0	-0.105406	1.74488	1.49856	3.0	-0.0794582	1.73686	1.64479	4.0	-0.240597	1.73885	1.33599	5.0	-0.29853	1.75222	1.10604	6.0	-0.277793	1.88578	0.917912	7.0	-0.256252	1.95065	0.857057	8.0	0.0639363	1.80089	1.36183	9.0	0.204275	1.77517	1.09587	10.0	0.231986	1.80207	0.87312	11.0	0.229902	1.84129	0.783484	12.0	-0.104098	1.76395	0.863368	13.0	-0.13099	1.67468	0.527275	14.0	-0.0904333	1.50722	0.161129	15.0	-0.0868165	1.54467	0.0629952	16.0	0.0277441	1.78762	0.880204	17.0	0.0536985	2.02311	0.642874	18.0	0.120146	2.29857	0.336994	19.0	0.0691328	2.40456	0.305007	20.0	-0.0901344	1.74237	1.42357	21.0	-0.232804	1.98528	0.811758	22.0	-0.22319	1.90763	0.902517	23.0	0.20351	1.86067	0.778897	24.0	0.222274	1.84979	0.785999
37.54	0.0	-0.00998646	1.77193	0.860458	1.0	-0.0511915	1.76861	1.18396	2.0	-0.102455	1.77651	1.49372	3.0	-0.0755906	1.77373	1.63898	4.0	-0.237087	1.76869	1.33214	5.0	-0.295854	1.7888	1.09574	6.0	-0.270927	1.93273	0.915814	7.0	-0.25071	1.99146	0.855489	8.0	0.0574364	1.84593	1.35265	9.0	0.201024	1.81766	1.08914	10.0	0.237098	1.83367	0.8674	11.0	0.215789	1.86282	0.881169	12.0	-0.10538	1.78335	0.857476	13.0	-0.131528	1.68807	0.528794	14.0	-0.0912729	1.51388	0.16594	15.0	-0.0878714	1.54416	0.0672451	16.0	0.0221923	1.81117	0.868425	17.0	0.0536759	2.04008	0.627417	18.0	0.127511	2.30719	0.316656	19.0	0.0718276	2.41155	0.284439	20.0	-0.0879028	1.77279	1.41822	21.0	-0.224814	2.02535	0.814427	22.0	-0.220579	2.00671	0.870761	23.0	0.197408	1.87994	0.872518	24.0	0.206106	1.8716	0.88617
37.574	0.0	-0.00590655	1.82159	0.852749	1.0	-0.047369	1.81212	1.17731	2.0	-0.0996817	1.81265	1.48774	3.0	-0.0734457	1.80418	1.63441	4.0	-0.234343	1.80024	1.32759	5.0	-0.290673	1.82712	1.08785	6.0	-0.265545	1.96476	0.903453	7.0	-0.245087	2.03055	0.852623	8.0	0.0567171	1.87677	1.34654	9.0	0.204154	1.84463	1.08621	10.0	0.235747	1.88699	0.866116	11.0	0.199501	1.9023	0.878024	12.0	-0.10223	1.82706	0.848901	13.0	-0.131394	1.70654	0.530848	14.0	-0.0915622	1.52354	0.17253	15.0	-0.0879952	1.54567	0.0738432	16.0	0.0263237	1.86387	0.862716	17.0	0.0584607	2.05593	0.596293	18.0	0.134121	2.27623	0.253085	19.0	0.0788358	2.38089	0.222227	20.0	-0.0848032	1.81084	1.41211	21.0	-0.220578	2.0653	0.814533	22.0	-0.215303	2.02474	0.888405	23.0	0.167314	1.92426	0.871447	24.0	0.195508	1.90541	0.880719
37.607	0.0	-0.00981118	1.84061	0.844749	1.0	-0.0468786	1.83811	1.16947	2.0	-0.0937175	1.84808	1.47978	3.0	-0.0673196	1.844	1.62559	4.0	-0.228804	1.83774	1.31949	5.0	-0.286958	1.8576	1.08379	6.0	-0.262747	2.01134	0.911821	7.0	-0.240416	2.06719	0.852423	8.0	0.053418	1.92663	1.32872	9.0	0.201891	1.89542	1.06908	10.0	0.233678	1.91622	0.846796	11.0	0.139776	1.96812	0.870519	12.0	-0.104851	1.84725	0.842456	13.0	-0.133147	1.74136	0.536275	14.0	-0.0938442	1.53996	0.188364	15.0	-0.145769	1.65372	0.158269	16.0	0.0206645	1.88298	0.852919	17.0	0.0548986	2.06314	0.580462	18.0	0.133558	2.26827	0.229388	19.0	0.0745795	2.37148	0.198146	20.0	-0.080309	1.84375	1.40419	21.0	-0.217306	2.1044	0.813717	22.0	-0.217975	2.06232	0.885357	23.0	0.143352	1.9683	0.870412	24.0	0.135622	1.97095	0.873378
37.64	0.0	-0.00778071	1.89099	0.828099	1.0	-0.0403191	1.88134	1.15725	2.0	-0.0853107	1.88073	1.47175	3.0	-0.0589925	1.8772	1.61746	4.0	-0.227949	1.86672	1.31094	5.0	-0.283557	1.89663	1.07589	6.0	-0.258619	2.04264	0.897868	7.0	-0.237167	2.10576	0.847374	8.0	0.0635539	1.95345	1.32337	9.0	0.211827	1.92199	1.06375	10.0	0.0471275	2.03523	0.821941	11.0	0.0356951	2.06909	0.73059	12.0	-0.101632	1.89716	0.826472	13.0	-0.1346	1.76258	0.526783	14.0	-0.0943533	1.54813	0.187392	15.0	-0.145138	1.66258	0.158185	16.0	0.0207554	1.93149	0.836837	17.0	0.0558338	2.07666	0.548748	18.0	0.136536	2.23739	0.177468	19.0	0.079288	2.34148	0.147706	20.0	-0.0720893	1.87928	1.39518	21.0	-0.209969	2.14014	0.809769	22.0	-0.220151	2.10421	0.885672	23.0	0.0168754	2.10505	0.657547	24.0	0.0757262	2.09309	0.744097
37.674	0.0	-0.0146516	1.92689	0.819378	1.0	-0.0388074	1.91531	1.149	2.0	-0.0747283	1.91609	1.46308	3.0	-0.0493533	1.91376	1.6084	4.0	-0.2196	1.91217	1.29896	5.0	-0.281201	1.92573	1.0717	6.0	-0.26011	2.08105	0.900728	7.0	-0.237208	2.14177	0.844507	8.0	0.0750697	2.00286	1.31731	9.0	0.22302	1.97095	1.05766	10.0	-0.0402669	2.08622	0.927852	11.0	-0.0821639	2.06715	0.917318	12.0	-0.106779	1.9292	0.818944	13.0	-0.139505	1.81361	0.518309	14.0	-0.0991257	1.57436	0.196682	15.0	-0.151096	1.68843	0.167669	16.0	0.01128	1.97124	0.827131	17.0	0.0574665	2.07811	0.52985	18.0	0.153339	2.18998	0.146725	19.0	0.0955874	2.2942	0.117337	20.0	-0.0639281	1.91413	1.38666	21.0	-0.212716	2.18014	0.806539	22.0	-0.208154	2.13023	0.875694	23.0	-0.20294	2.15694	0.861957	24.0	-0.0789948	2.10357	0.855945
37.707	0.0	-0.0292135	1.96057	0.810919	1.0	-0.0411314	1.95197	1.14192	2.0	-0.0650376	1.95484	1.45735	3.0	-0.0403392	1.95552	1.60196	4.0	-0.214669	1.94469	1.28993	5.0	-0.277081	1.97484	1.06082	6.0	-0.259643	2.11757	0.87928	7.0	-0.237299	2.17939	0.833763	8.0	0.0769165	2.03123	1.31385	9.0	0.182871	2.02625	1.02804	10.0	-0.0906469	2.12276	0.904154	11.0	-0.177034	2.14547	0.859627	12.0	-0.121052	1.96252	0.811541	13.0	-0.143729	1.87464	0.514896	14.0	-0.113626	1.61929	0.204428	15.0	-0.165075	1.73329	0.175626	16.0	-0.00358412	2.00367	0.818354	17.0	0.047619	2.08309	0.517019	18.0	0.150557	2.16	0.128583	19.0	0.0939371	2.26473	0.0994434	20.0	-0.057207	1.95245	1.38058	21.0	-0.2123	2.21405	0.800004	22.0	-0.215715	2.18645	0.865853	23.0	-0.251346	2.19013	0.816516	24.0	-0.155789	2.06251	0.817966
37.74	0.0	-0.0483315	1.9864	0.812882	1.0	-0.0478808	1.98514	1.1424	2.0	-0.0591239	1.99735	1.45623	3.0	-0.0361552	1.99617	1.59896	4.0	-0.207706	1.98668	1.28735	5.0	-0.278011	1.98637	1.06218	6.0	-0.261149	2.14936	0.897667	7.0	-0.24294	2.20252	0.837458	8.0	0.0650149	2.06865	1.31984	9.0	-0.0530763	2.13204	1.03072	10.0	-0.220981	2.18656	0.872259	11.0	-0.24252	2.20566	0.833763	12.0	-0.140757	1.98488	0.815109	13.0	-0.11882	1.9667	0.505411	14.0	-0.109042	1.69028	0.210886	15.0	-0.161486	1.80319	0.181912	16.0	-0.0227722	2.03352	0.818582	17.0	0.0205668	2.08982	0.511982	18.0	0.113813	2.13743	0.116908	19.0	0.0572636	2.24227	0.0877173	20.0	-0.0545841	1.99252	1.3799	21.0	-0.220955	2.2415	0.793712	22.0	-0.229262	2.20711	0.872115	23.0	-0.248317	2.21221	0.787959	24.0	-0.211334	2.23401	0.804154
37.774	0.0	-0.0660018	2.00092	0.814845	1.0	-0.0533258	2.00785	1.14337	2.0	-0.0525061	2.02937	1.45613	3.0	-0.0274032	2.03119	1.5954	4.0	-0.191062	2.03662	1.2856	5.0	-0.2731	2.03589	1.06075	6.0	-0.256467	2.18219	0.881044	7.0	-0.249145	2.22162	0.835681	8.0	0.0699162	2.10174	1.32041	9.0	-0.04802	2.15853	1.02993	10.0	-0.214095	2.2229	0.855206	11.0	-0.246943	2.22905	0.823551	12.0	-0.164013	2.00446	0.823748	13.0	-0.110245	2.00286	0.519829	14.0	-0.100364	1.72985	0.221591	15.0	-0.148787	1.84316	0.191984	16.0	-0.0359759	2.04368	0.815708	17.0	0.0107197	2.1095	0.511151	18.0	0.108208	2.16929	0.118642	19.0	0.0559917	2.27461	0.088995	20.0	-0.0510835	2.02225	1.38009	21.0	-0.236053	2.24886	0.781362	22.0	-0.232293	2.23992	0.859511	23.0	-0.255279	2.22921	0.780678	24.0	-0.224807	2.24194	0.77148
37.807	0.0	-0.0780001	2.02073	0.830859	1.0	-0.0565379	2.03704	1.15261	2.0	-0.0473796	2.06352	1.45816	3.0	-0.0229338	2.06101	1.59551	4.0	-0.182644	2.07142	1.28517	5.0	-0.266483	2.08273	1.04104	6.0	-0.253638	2.2115	0.849617	7.0	-0.257186	2.23511	0.83642	8.0	0.0745074	2.13536	1.32249	9.0	-0.0424619	2.19534	1.03217	10.0	-0.212378	2.23387	0.853292	11.0	-0.258009	2.241	0.827645	12.0	-0.18085	2.04121	0.846927	13.0	-0.119121	2.11265	0.545907	14.0	-0.00374441	2.17757	0.159046	15.0	-0.0551101	2.2835	0.129106	16.0	-0.0428746	2.05023	0.823862	17.0	-0.00158832	2.19684	0.476138	18.0	0.0617333	2.31918	0.146478	19.0	0.00835235	2.42183	0.118968	20.0	-0.0477187	2.05557	1.38396	21.0	-0.248073	2.2566	0.772244	22.0	-0.251688	2.26007	0.858782	23.0	-0.267222	2.24698	0.780378	24.0	-0.257555	2.26692	0.774343
