2.027	0.0	-0.0982338	-1.2928	0.869767	1.0	-0.115931	-1.30442	1.19273	2.0	-0.137474	-1.30337	1.50985	3.0	-0.116955	-1.29044	1.63899	4.0	-0.276787	-1.25387	1.38282	5.0	-0.346973	-1.19516	1.18509	6.0	-0.308955	-1.07289	1.02696	7.0	-0.289717	-0.997123	0.941288	8.0	0.042564	-1.29614	1.37777	9.0	0.108501	-1.31399	1.24038	10.0	-0.0775837	-1.24729	1.1469	11.0	-0.153346	-1.17755	1.11566	12.0	-0.180889	-1.25111	0.871754	13.0	-0.185263	-1.31761	0.534595	14.0	-0.145943	-1.39162	0.203011	15.0	-0.155614	-1.3263	0.122295	16.0	-0.040712	-1.25984	0.869866	17.0	-0.02201	-1.1099	0.561173	18.0	-0.0222279	-1.05399	0.174182	19.0	-0.0252104	-0.960433	0.119887	20.0	-0.131345	-1.30602	1.43139	21.0	-0.264565	-0.951839	0.896659	22.0	-0.305977	-0.973114	0.972175	23.0	-0.221877	-1.17651	1.061	24.0	-0.104985	-1.13242	1.07041
2.062	0.0	-0.102248	-1.27296	0.8533	1.0	-0.120424	-1.27837	1.17962	2.0	-0.14271	-1.26925	1.50025	3.0	-0.120457	-1.25687	1.63633	4.0	-0.278971	-1.22326	1.37075	5.0	-0.342833	-1.17188	1.19669	6.0	-0.292164	-1.02842	0.997421	7.0	-0.273772	-0.961112	0.924177	8.0	0.0367502	-1.24832	1.37962	9.0	0.0869593	-1.29215	1.14797	10.0	-0.0812513	-1.13865	1.12183	11.0	-0.139142	-1.14146	1.11382	12.0	-0.18459	-1.23421	0.852863	13.0	-0.183269	-1.30923	0.530498	14.0	-0.1414	-1.39236	0.200713	15.0	-0.151369	-1.32566	0.11904	16.0	-0.0452883	-1.23619	0.855897	17.0	-0.0172789	-1.08114	0.521208	18.0	-0.0130715	-0.990318	0.195019	19.0	-0.0343285	-0.874855	0.124379	20.0	-0.136368	-1.27411	1.42087	21.0	-0.2538	-0.926287	0.886029	22.0	-0.27003	-0.900942	0.915838	23.0	-0.200463	-1.1361	1.06982	24.0	-0.101623	-1.10993	1.05014
2.094	0.0	-0.100157	-1.25094	0.854098	1.0	-0.116231	-1.26048	1.1803	2.0	-0.137003	-1.25649	1.50066	3.0	-0.114978	-1.24146	1.63257	4.0	-0.273233	-1.20595	1.37426	5.0	-0.335	-1.15071	1.19013	6.0	-0.272537	-1.00568	0.979858	7.0	-0.263515	-0.943115	0.928681	8.0	0.0388686	-1.23989	1.38106	9.0	0.0996896	-1.28833	1.13998	10.0	-0.0544261	-1.11106	1.0135	11.0	-0.0993228	-1.10927	0.975335	12.0	-0.182517	-1.21056	0.853634	13.0	-0.180935	-1.29732	0.518843	14.0	-0.139651	-1.3919	0.199629	15.0	-0.151792	-1.32568	0.118513	16.0	-0.0433323	-1.21643	0.856854	17.0	-0.0161938	-1.08049	0.516104	18.0	-0.0152067	-0.974031	0.197864	19.0	-0.0373282	-0.837267	0.143459	20.0	-0.130972	-1.26001	1.42138	21.0	-0.252158	-0.905358	0.885223	22.0	-0.249714	-0.912191	0.93523	23.0	-0.141127	-1.09157	0.9277	24.0	-0.0367735	-1.08482	0.922325
2.126	0.0	-0.0996517	-1.19465	0.850092	1.0	-0.114847	-1.20288	1.17452	2.0	-0.134063	-1.19839	1.49299	3.0	-0.118656	-1.16234	1.62284	4.0	-0.277225	-1.14616	1.36	5.0	-0.336298	-1.09291	1.17596	6.0	-0.281864	-0.930186	0.970713	7.0	-0.264358	-0.878389	0.914044	8.0	0.046916	-1.17803	1.37032	9.0	0.105947	-1.23099	1.12591	10.0	0.00285917	-1.04521	0.959055	11.0	-0.0368188	-1.05109	0.896857	12.0	-0.180552	-1.15829	0.848768	13.0	-0.185202	-1.24805	0.503635	14.0	-0.137115	-1.38855	0.199111	15.0	-0.151766	-1.32364	0.118091	16.0	-0.0445085	-1.15621	0.853913	17.0	-0.0275254	-1.01685	0.522573	18.0	-0.0392673	-0.886403	0.201355	19.0	-0.0465601	-0.768267	0.128952	20.0	-0.128487	-1.2019	1.4142	21.0	-0.244765	-0.858217	0.884067	22.0	-0.284264	-0.848024	0.925905	23.0	-0.0429032	-1.02957	0.83477	24.0	-0.00603598	-1.01318	0.84954
2.16	0.0	-0.100218	-1.18565	0.850731	1.0	-0.11147	-1.18389	1.17464	2.0	-0.124006	-1.16496	1.49208	3.0	-0.114497	-1.16019	1.62268	4.0	-0.271885	-1.12281	1.36381	5.0	-0.336518	-1.0864	1.17739	6.0	-0.279624	-0.927414	0.967643	7.0	-0.265792	-0.859306	0.91204	8.0	0.0474428	-1.15815	1.36429	9.0	0.108264	-1.21217	1.11857	10.0	0.115244	-1.16519	0.863456	11.0	0.099539	-1.11857	0.788406	12.0	-0.182026	-1.14597	0.851217	13.0	-0.18397	-1.24283	0.492728	14.0	-0.135688	-1.38419	0.194194	15.0	-0.151271	-1.3199	0.117067	16.0	-0.0444196	-1.14993	0.853255	17.0	-0.0265261	-1.01162	0.519136	18.0	-0.0380506	-0.88742	0.202101	19.0	-0.0468245	-0.763975	0.128553	20.0	-0.120354	-1.17249	1.41361	21.0	-0.251678	-0.825914	0.874519	22.0	-0.287722	-0.833545	0.920062	23.0	0.093216	-1.09717	0.726594	24.0	0.129775	-1.08094	0.741709
2.193	0.0	-0.0822864	-1.12824	0.8556	1.0	-0.09967	-1.13208	1.1762	2.0	-0.121642	-1.13028	1.49107	3.0	-0.105753	-1.10679	1.63777	4.0	-0.274661	-1.09371	1.35997	5.0	-0.32496	-1.03369	1.15823	6.0	-0.274704	-0.916566	0.952129	7.0	-0.26441	-0.855218	0.899116	8.0	0.0555391	-1.10883	1.35497	9.0	0.115848	-1.16154	1.10618	10.0	-0.0167627	-1.01194	0.91965	11.0	-0.0443229	-0.993464	0.867105	12.0	-0.165555	-1.09106	0.857448	13.0	-0.179373	-1.21353	0.485698	14.0	-0.125786	-1.37753	0.1702	15.0	-0.154094	-1.30983	0.097397	16.0	-0.0253362	-1.09114	0.856171	17.0	-0.0224421	-0.983911	0.526649	18.0	-0.038881	-0.885802	0.202018	19.0	-0.0497685	-0.764795	0.128112	20.0	-0.115574	-1.13261	1.4131	21.0	-0.245953	-0.815118	0.859278	22.0	-0.278416	-0.839696	0.871532	23.0	-0.0481231	-0.980534	0.809839	24.0	0.00267307	-0.954732	0.872448
2.226	0.0	-0.0993108	-1.10695	0.848422	1.0	-0.102658	-1.11905	1.17575	2.0	-0.114421	-1.11193	1.49576	3.0	-0.0998653	-1.09564	1.63815	4.0	-0.265127	-1.05372	1.36744	5.0	-0.324587	-1.01877	1.1663	6.0	-0.281746	-0.876112	0.938253	7.0	-0.277295	-0.817064	0.882542	8.0	0.061398	-1.08524	1.35762	9.0	0.122387	-1.11294	1.10167	10.0	0.117303	-1.06334	0.839595	11.0	0.117229	-1.0508	0.752346	12.0	-0.183994	-1.06749	0.85105	13.0	-0.178541	-1.16991	0.486342	14.0	-0.138216	-1.34739	0.200029	15.0	-0.157204	-1.29479	0.120907	16.0	-0.0409145	-1.07184	0.848427	17.0	-0.0157531	-0.961167	0.494784	18.0	-0.0359244	-0.883383	0.202271	19.0	-0.0503689	-0.76298	0.127009	20.0	-0.111341	-1.11677	1.41624	21.0	-0.26937	-0.790133	0.84394	22.0	-0.270327	-0.805016	0.831146	23.0	0.113113	-1.03799	0.695373	24.0	0.163502	-1.01235	0.75835
2.26	0.0	-0.0540308	-1.06827	0.841847	1.0	-0.0839364	-1.09752	1.17491	2.0	-0.111504	-1.10806	1.49752	3.0	-0.0897242	-1.08826	1.63912	4.0	-0.257033	-1.04667	1.3698	5.0	-0.303089	-1.01026	1.15756	6.0	-0.275108	-0.886584	0.929696	7.0	-0.246772	-0.871693	0.873693	8.0	0.0713657	-1.066	1.35196	9.0	0.135933	-1.0921	1.09316	10.0	0.103708	-0.990286	0.878721	11.0	0.0466502	-0.935862	0.80747	12.0	-0.138604	-1.0316	0.848273	13.0	-0.173295	-1.15683	0.48479	14.0	-0.135838	-1.34794	0.201399	15.0	-0.154843	-1.29624	0.121766	16.0	0.00328631	-1.03061	0.838136	17.0	-0.00302581	-0.965857	0.512399	18.0	-0.0289771	-0.890448	0.201379	19.0	-0.0500656	-0.772641	0.123137	20.0	-0.105308	-1.1093	1.41809	21.0	-0.254931	-0.82786	0.823104	22.0	-0.197808	-0.899872	0.871253	23.0	0.0406993	-0.920215	0.740492	24.0	0.0536141	-0.926807	0.794982
2.294	0.0	-0.0460363	-1.00262	0.843381	1.0	-0.0714426	-1.02414	1.17363	2.0	-0.10095	-1.03288	1.49757	3.0	-0.083073	-1.01967	1.63165	4.0	-0.252488	-0.984693	1.37061	5.0	-0.312136	-0.946341	1.15855	6.0	-0.285995	-0.847356	0.915051	7.0	-0.267121	-0.835235	0.855025	8.0	0.0718477	-1.00325	1.37229	9.0	0.129111	-1.0249	1.10599	10.0	0.155515	-1.01348	0.868726	11.0	0.141464	-1.00211	0.802597	12.0	-0.131219	-0.965948	0.844174	13.0	-0.177559	-1.04212	0.492154	14.0	-0.144576	-1.27936	0.201373	15.0	-0.16205	-1.25704	0.121946	16.0	0.0112962	-0.964994	0.845316	17.0	-0.00447222	-0.922435	0.503338	18.0	-0.036361	-0.864505	0.193336	19.0	-0.0545785	-0.757707	0.112246	20.0	-0.0927768	-1.03308	1.41747	21.0	-0.270528	-0.808326	0.806973	22.0	-0.210908	-0.871912	0.850561	23.0	0.141757	-1.00347	0.785846	24.0	0.131414	-0.993925	0.786255
2.326	0.0	-0.0417696	-0.97852	0.855832	1.0	-0.0661	-1.00035	1.1809	2.0	-0.0944436	-1.00862	1.50012	3.0	-0.0815296	-0.990844	1.64096	4.0	-0.251454	-0.976263	1.37098	5.0	-0.306773	-0.938195	1.15013	6.0	-0.287024	-0.845992	0.91461	7.0	-0.295239	-0.817634	0.848166	8.0	0.0767551	-0.97494	1.37205	9.0	0.147411	-0.995769	1.10677	10.0	0.145101	-0.949334	0.865307	11.0	0.1495	-0.96383	0.821386	12.0	-0.130123	-0.94607	0.853885	13.0	-0.17653	-0.969302	0.517728	14.0	-0.154846	-1.22788	0.225398	15.0	-0.166131	-1.09956	0.189785	16.0	0.0191464	-0.936113	0.860716	17.0	0.00277057	-0.905724	0.519718	18.0	-0.0358312	-0.864606	0.193447	19.0	-0.0554675	-0.763627	0.112279	20.0	-0.0865718	-1.00902	1.42118	21.0	-0.286257	-0.815114	0.796441	22.0	-0.264396	-0.811595	0.810913	23.0	0.147855	-0.957422	0.776947	24.0	0.158595	-0.958278	0.802558
2.36	0.0	-0.0429652	-0.925663	0.861891	1.0	-0.0672163	-0.943565	1.18469	2.0	-0.0956842	-0.94876	1.50116	3.0	-0.0771821	-0.944336	1.6361	4.0	-0.253763	-0.918457	1.36686	5.0	-0.308404	-0.906164	1.1481	6.0	-0.299429	-0.821002	0.907463	7.0	-0.298751	-0.805633	0.834464	8.0	0.0849389	-0.924036	1.37282	9.0	0.143097	-0.938567	1.10163	10.0	0.14403	-0.885367	0.869171	11.0	0.143611	-0.890667	0.821911	12.0	-0.131187	-0.890592	0.861731	13.0	-0.162749	-0.910305	0.48589	14.0	-0.167191	-1.17612	0.192892	15.0	-0.176699	-1.04621	0.156679	16.0	0.0169015	-0.887217	0.864427	17.0	0.00162841	-0.886386	0.522815	18.0	-0.0392051	-0.849824	0.184887	19.0	-0.0566954	-0.757107	0.108074	20.0	-0.0877497	-0.949839	1.42293	21.0	-0.303566	-0.8014	0.776381	22.0	-0.255921	-0.808999	0.832146	23.0	0.1375	-0.875564	0.781682	24.0	0.124889	-0.885044	0.812271
2.393	0.0	-0.0420819	-0.913626	0.864014	1.0	-0.0662269	-0.930395	1.18648	2.0	-0.0945993	-0.934405	1.50257	3.0	-0.0788613	-0.908821	1.64714	4.0	-0.250245	-0.905778	1.3663	5.0	-0.302175	-0.884245	1.12976	6.0	-0.300072	-0.81848	0.906567	7.0	-0.2984	-0.807902	0.832935	8.0	0.0846693	-0.906064	1.37563	9.0	0.147943	-0.916481	1.10305	10.0	0.132689	-0.836364	0.907332	11.0	0.145292	-0.814264	0.853252	12.0	-0.130853	-0.87863	0.864966	13.0	-0.155244	-0.853487	0.500848	14.0	-0.170099	-1.11168	0.196076	15.0	-0.181352	-0.980381	0.159153	16.0	0.0182843	-0.874536	0.865473	17.0	-0.00354345	-0.872267	0.508213	18.0	-0.0383751	-0.84966	0.183779	19.0	-0.0566495	-0.756687	0.107914	20.0	-0.0866863	-0.935782	1.42444	21.0	-0.290617	-0.807058	0.776178	22.0	-0.258509	-0.812679	0.852512	23.0	0.146837	-0.815884	0.819052	24.0	0.147388	-0.824896	0.908627
2.426	0.0	-0.0404089	-0.881303	0.869083	1.0	-0.0623138	-0.898647	1.19139	2.0	-0.0885297	-0.903212	1.50732	3.0	-0.074463	-0.890597	1.65052	4.0	-0.242677	-0.878043	1.3662	5.0	-0.301718	-0.878287	1.1292	6.0	-0.30108	-0.813873	0.90442	7.0	-0.308496	-0.79533	0.824849	8.0	0.081562	-0.857507	1.37745	9.0	0.155624	-0.854106	1.11142	10.0	0.169415	-0.781446	0.912825	11.0	0.161453	-0.771737	0.852414	12.0	-0.128445	-0.857209	0.870122	13.0	-0.163896	-0.815521	0.484646	14.0	-0.174239	-1.0599	0.180506	15.0	-0.191787	-0.930625	0.144534	16.0	0.0184741	-0.829172	0.869922	17.0	0.00304261	-0.860061	0.508372	18.0	-0.038256	-0.849652	0.183773	19.0	-0.0557298	-0.756323	0.106427	20.0	-0.0811446	-0.904449	1.42923	21.0	-0.296591	-0.77631	0.767918	22.0	-0.266836	-0.787093	0.809539	23.0	0.158488	-0.744505	0.795244	24.0	0.166457	-0.751457	0.82824
2.46	0.0	-0.0306332	-0.846284	0.878871	1.0	-0.0553245	-0.863755	1.19583	2.0	-0.0841191	-0.867861	1.50664	3.0	-0.0654549	-0.838197	1.64476	4.0	-0.237834	-0.837745	1.3718	5.0	-0.303977	-0.854727	1.1402	6.0	-0.30767	-0.797456	0.900376	7.0	-0.310743	-0.783541	0.829303	8.0	0.082814	-0.831272	1.38343	9.0	0.156689	-0.798034	1.12663	10.0	0.169632	-0.72493	0.927523	11.0	0.163427	-0.706101	0.864699	12.0	-0.120032	-0.815115	0.880815	13.0	-0.163476	-0.718812	0.549654	14.0	-0.170036	-0.940917	0.212383	15.0	-0.209202	-0.907876	0.127362	16.0	0.0288683	-0.803754	0.878616	17.0	0.0138876	-0.840758	0.505126	18.0	-0.0395923	-0.845542	0.184712	19.0	-0.0552721	-0.755898	0.106083	20.0	-0.0760951	-0.869268	1.42983	21.0	-0.312969	-0.786086	0.76809	22.0	-0.261474	-0.782025	0.837745	23.0	0.158014	-0.68895	0.81956	24.0	0.144199	-0.694979	0.858178
2.494	0.0	-0.0272428	-0.835963	0.881567	1.0	-0.0517169	-0.848115	1.19865	2.0	-0.0807106	-0.846658	1.50925	3.0	-0.0639911	-0.830408	1.64775	4.0	-0.233967	-0.829613	1.3729	5.0	-0.301208	-0.848167	1.1406	6.0	-0.309828	-0.791619	0.901569	7.0	-0.314325	-0.785412	0.827777	8.0	0.0909288	-0.806745	1.38179	9.0	0.158033	-0.785462	1.13665	10.0	0.181347	-0.695125	0.944895	11.0	0.175269	-0.66402	0.886116	12.0	-0.118032	-0.806264	0.884117	13.0	-0.149889	-0.702433	0.53236	14.0	-0.145819	-0.8423	0.148269	15.0	-0.124418	-0.768949	0.0848262	16.0	0.0343076	-0.791779	0.880808	17.0	0.0187549	-0.822893	0.497576	18.0	-0.060587	-0.843408	0.168558	19.0	-0.0872658	-0.777452	0.0950479	20.0	-0.0725986	-0.84945	1.43252	21.0	-0.317555	-0.776658	0.767119	22.0	-0.279776	-0.769705	0.81851	23.0	0.170425	-0.642607	0.825694	24.0	0.160589	-0.634629	0.828666
2.527	0.0	-0.0273869	-0.793938	0.887467	1.0	-0.0495902	-0.809795	1.20127	2.0	-0.0765213	-0.813288	1.509	3.0	-0.0617112	-0.786214	1.64583	4.0	-0.226268	-0.78893	1.37603	5.0	-0.299988	-0.819966	1.13907	6.0	-0.311594	-0.779554	0.898068	7.0	-0.317816	-0.765651	0.827346	8.0	0.0974662	-0.770973	1.37969	9.0	0.164853	-0.736966	1.15957	10.0	0.177593	-0.613605	0.942146	11.0	0.17464	-0.581251	0.89334	12.0	-0.119376	-0.766417	0.889235	13.0	-0.149222	-0.619088	0.535218	14.0	-0.155899	-0.753881	0.147132	15.0	-0.103464	-0.720652	0.0955252	16.0	0.0353073	-0.748577	0.887625	17.0	0.0296519	-0.801009	0.497476	18.0	-0.0855734	-0.798855	0.165717	19.0	-0.112737	-0.722096	0.0964459	20.0	-0.0689021	-0.814776	1.43293	21.0	-0.315764	-0.763125	0.769494	22.0	-0.284099	-0.750061	0.807097	23.0	0.1714	-0.547779	0.854516	24.0	0.153702	-0.556485	0.887047
2.56	0.0	-0.0213375	-0.77735	0.890146	1.0	-0.0423585	-0.789493	1.20293	2.0	-0.0677423	-0.788565	1.50919	3.0	-0.0569999	-0.761068	1.65022	4.0	-0.225613	-0.773162	1.37564	5.0	-0.298357	-0.804465	1.14087	6.0	-0.3131	-0.771491	0.896349	7.0	-0.314149	-0.766146	0.82517	8.0	0.103585	-0.735392	1.37309	9.0	0.168608	-0.712708	1.14812	10.0	0.19151	-0.605127	0.965081	11.0	0.178729	-0.53722	0.895918	12.0	-0.112759	-0.749528	0.891844	13.0	-0.147846	-0.575	0.523979	14.0	-0.123363	-0.672564	0.18399	15.0	-0.154492	-0.608474	0.0992371	16.0	0.0406797	-0.732203	0.890373	17.0	0.0383411	-0.766412	0.488183	18.0	-0.10238	-0.722698	0.169477	19.0	-0.130466	-0.620808	0.0909495	20.0	-0.0605399	-0.791183	1.43354	21.0	-0.311997	-0.759493	0.767974	22.0	-0.289621	-0.737567	0.820013	23.0	0.171152	-0.508705	0.85319	24.0	0.160994	-0.532905	0.885046
2.594	0.0	-0.0162958	-0.750764	0.896604	1.0	-0.0381153	-0.761419	1.20548	2.0	-0.0644199	-0.759377	1.50788	3.0	-0.0513937	-0.736628	1.64927	4.0	-0.223557	-0.735288	1.37285	5.0	-0.29725	-0.784145	1.1415	6.0	-0.315495	-0.758191	0.89592	7.0	-0.317476	-0.749307	0.82654	8.0	0.105877	-0.720487	1.37666	9.0	0.16894	-0.666432	1.17382	10.0	0.192807	-0.540719	0.975535	11.0	0.172536	-0.47011	0.895013	12.0	-0.107868	-0.722539	0.897505	13.0	-0.141629	-0.550522	0.521427	14.0	-0.119676	-0.569477	0.180079	15.0	-0.159065	-0.46384	0.093623	16.0	0.045608	-0.706346	0.897488	17.0	0.0503628	-0.723351	0.558315	18.0	-0.0918902	-0.685565	0.240937	19.0	-0.128304	-0.56006	0.1714	20.0	-0.0569749	-0.762234	1.43319	21.0	-0.313251	-0.755632	0.768211	22.0	-0.299138	-0.744793	0.766792	23.0	0.161005	-0.450243	0.865358	24.0	0.173877	-0.449259	0.863343
2.626	0.0	-0.0222038	-0.694134	0.891865	1.0	-0.0430512	-0.70696	1.20298	2.0	-0.0684439	-0.707412	1.50767	3.0	-0.0516911	-0.679957	1.64734	4.0	-0.222658	-0.694381	1.36605	5.0	-0.296655	-0.729512	1.1421	6.0	-0.316961	-0.720655	0.888558	7.0	-0.321684	-0.721608	0.82217	8.0	0.108114	-0.665072	1.37364	9.0	0.165914	-0.617672	1.15373	10.0	0.187715	-0.487238	0.981536	11.0	0.179503	-0.436531	0.914386	12.0	-0.113861	-0.665358	0.890905	13.0	-0.131605	-0.507273	0.522601	14.0	-0.11559	-0.461926	0.17633	15.0	-0.132487	-0.355095	0.0979385	16.0	0.039525	-0.650526	0.894739	17.0	0.0477707	-0.685618	0.595805	18.0	-0.0970543	-0.640463	0.307929	19.0	-0.122942	-0.512887	0.236491	20.0	-0.0612204	-0.709614	1.4324	21.0	-0.310547	-0.740389	0.759243	22.0	-0.298389	-0.693867	0.810908	23.0	0.173163	-0.407427	0.862845	24.0	0.164595	-0.423619	0.887222
2.661	0.0	-0.0238271	-0.677686	0.882114	1.0	-0.0421309	-0.685168	1.19443	2.0	-0.0644391	-0.678792	1.50052	3.0	-0.053398	-0.657624	1.64761	4.0	-0.221843	-0.672496	1.36193	5.0	-0.296945	-0.719726	1.13437	6.0	-0.316066	-0.714306	0.890819	7.0	-0.317822	-0.71043	0.8193	8.0	0.112461	-0.642543	1.37162	9.0	0.171615	-0.596544	1.15535	10.0	0.194208	-0.449966	0.973697	11.0	0.175262	-0.382309	0.90825	12.0	-0.113198	-0.652568	0.885605	13.0	-0.128989	-0.488149	0.518562	14.0	-0.107548	-0.384213	0.152778	15.0	-0.132846	-0.267737	0.121896	16.0	0.0347485	-0.629691	0.87937	17.0	0.0515998	-0.680675	0.587652	18.0	-0.0435759	-0.782148	0.195305	19.0	-0.0769305	-0.628415	0.179706	20.0	-0.0580427	-0.68284	1.42487	21.0	-0.323387	-0.704958	0.758186	22.0	-0.289015	-0.691432	0.803253	23.0	0.172983	-0.3605	0.877494	24.0	0.169108	-0.369469	0.862854
2.694	0.0	-0.0298109	-0.621012	0.878478	1.0	-0.0457653	-0.628753	1.19061	2.0	-0.0664542	-0.6242	1.49625	3.0	-0.05881	-0.613106	1.6415	4.0	-0.219687	-0.615412	1.35757	5.0	-0.29546	-0.665987	1.12614	6.0	-0.314748	-0.666221	0.870519	7.0	-0.321261	-0.674729	0.814693	8.0	0.108273	-0.584904	1.36401	9.0	0.167755	-0.549117	1.16208	10.0	0.184629	-0.403848	0.974932	11.0	0.168929	-0.334078	0.913054	12.0	-0.119389	-0.594576	0.878881	13.0	-0.115924	-0.447606	0.476254	14.0	-0.100292	-0.321157	0.188622	15.0	-0.109586	-0.190562	0.131287	16.0	0.0295432	-0.575455	0.880291	17.0	0.0340032	-0.611952	0.583307	18.0	-0.0455555	-0.784458	0.213371	19.0	-0.0622593	-0.736141	0.107401	20.0	-0.0603787	-0.627636	1.42076	21.0	-0.323598	-0.68526	0.749606	22.0	-0.301653	-0.646802	0.810667	23.0	0.172148	-0.308405	0.884792	24.0	0.175842	-0.316853	0.865442
2.727	0.0	-0.0296926	-0.608539	0.87755	1.0	-0.0451792	-0.619056	1.18873	2.0	-0.0654972	-0.616784	1.49362	3.0	-0.0565257	-0.58846	1.63478	4.0	-0.217517	-0.596665	1.35186	5.0	-0.291473	-0.633991	1.11733	6.0	-0.314622	-0.652656	0.869606	7.0	-0.31696	-0.645712	0.807758	8.0	0.110137	-0.573668	1.36273	9.0	0.172097	-0.532552	1.15186	10.0	0.187332	-0.402158	0.974617	11.0	0.176603	-0.320819	0.91009	12.0	-0.118565	-0.58284	0.882166	13.0	-0.105764	-0.439559	0.546032	14.0	-0.0875996	-0.31522	0.198364	15.0	-0.109938	-0.177418	0.140196	16.0	0.0288269	-0.560944	0.874516	17.0	0.058551	-0.613913	0.588195	18.0	-0.0205069	-0.791108	0.216667	19.0	-0.0531196	-0.736244	0.103463	20.0	-0.0595072	-0.619692	1.41829	21.0	-0.312417	-0.657087	0.743748	22.0	-0.291881	-0.62218	0.795111	23.0	0.163	-0.284476	0.87332	24.0	0.156522	-0.290541	0.866323
2.76	0.0	-0.0225999	-0.572805	0.876035	1.0	-0.0381504	-0.587422	1.18759	2.0	-0.0586156	-0.589733	1.49263	3.0	-0.0497105	-0.572653	1.64045	4.0	-0.212424	-0.576459	1.35251	5.0	-0.285305	-0.62209	1.11936	6.0	-0.31354	-0.628523	0.868099	7.0	-0.309793	-0.624335	0.803482	8.0	0.115996	-0.549291	1.36369	9.0	0.17595	-0.507163	1.14465	10.0	0.196358	-0.367268	0.967334	11.0	0.180948	-0.298662	0.90586	12.0	-0.110973	-0.546319	0.881844	13.0	-0.117111	-0.393663	0.495785	14.0	-0.072192	-0.268636	0.150998	15.0	-0.099005	-0.135296	0.101426	16.0	0.0349431	-0.528552	0.872505	17.0	0.0652964	-0.596723	0.593395	18.0	-0.0136925	-0.779866	0.220365	19.0	-0.0497791	-0.735609	0.105968	20.0	-0.0525747	-0.591459	1.41728	21.0	-0.308495	-0.627893	0.74637	22.0	-0.290475	-0.603677	0.759633	23.0	0.174933	-0.270423	0.867578	24.0	0.166844	-0.277517	0.857216
2.794	0.0	-0.0335362	-0.526541	0.869608	1.0	-0.0462872	-0.5386	1.18703	2.0	-0.0637509	-0.53885	1.49785	3.0	-0.0465212	-0.521507	1.63679	4.0	-0.21479	-0.526627	1.34741	5.0	-0.281611	-0.568687	1.11093	6.0	-0.30826	-0.587287	0.869605	7.0	-0.306518	-0.587557	0.796276	8.0	0.104397	-0.491628	1.35807	9.0	0.173553	-0.452092	1.14087	10.0	0.197749	-0.354225	0.956266	11.0	0.175128	-0.269828	0.897486	12.0	-0.121158	-0.502133	0.876993	13.0	-0.116723	-0.372228	0.484587	14.0	-0.0711809	-0.267792	0.150733	15.0	-0.0948271	-0.131788	0.0987563	16.0	0.0233193	-0.479497	0.864616	17.0	0.0841937	-0.560479	0.599748	18.0	0.00501267	-0.740039	0.219693	19.0	-0.0193304	-0.609152	0.181626	20.0	-0.0584752	-0.540991	1.42109	21.0	-0.308684	-0.582556	0.737146	22.0	-0.27437	-0.563969	0.781425	23.0	0.173532	-0.239877	0.860126	24.0	0.164307	-0.265744	0.849852
2.827	0.0	-0.0274494	-0.495158	0.869705	1.0	-0.0432651	-0.506214	1.18237	2.0	-0.0640215	-0.503797	1.48787	3.0	-0.0475595	-0.498315	1.63384	4.0	-0.214947	-0.502831	1.3453	5.0	-0.279755	-0.533349	1.1175	6.0	-0.293342	-0.529233	0.868193	7.0	-0.29946	-0.536365	0.791271	8.0	0.108822	-0.471745	1.35881	9.0	0.173754	-0.436195	1.13217	10.0	0.190046	-0.304428	0.956532	11.0	0.177319	-0.252538	0.890076	12.0	-0.115495	-0.468087	0.874613	13.0	-0.108658	-0.317186	0.483015	14.0	-0.0707439	-0.267751	0.154219	15.0	-0.0922248	-0.144493	0.0977941	16.0	0.0295252	-0.450632	0.867056	17.0	0.0715535	-0.517402	0.591912	18.0	-0.00745477	-0.71367	0.215235	19.0	-0.0305489	-0.58226	0.176919	20.0	-0.0578777	-0.506821	1.41252	21.0	-0.29717	-0.550749	0.73213	22.0	-0.265947	-0.522479	0.762802	23.0	0.173151	-0.230094	0.847051	24.0	0.170458	-0.254257	0.875384
2.86	0.0	-0.0127837	-0.450481	0.877306	1.0	-0.0376701	-0.471546	1.18626	2.0	-0.0651409	-0.478634	1.48924	3.0	-0.0489939	-0.4622	1.63599	4.0	-0.220447	-0.458831	1.34569	5.0	-0.272365	-0.489767	1.09973	6.0	-0.288253	-0.490587	0.86419	7.0	-0.288576	-0.492776	0.789902	8.0	0.105994	-0.426326	1.35745	9.0	0.176445	-0.3855	1.1205	10.0	0.192919	-0.290803	0.933338	11.0	0.17485	-0.223983	0.873582	12.0	-0.101146	-0.428518	0.881622	13.0	-0.111047	-0.323916	0.518891	14.0	-0.071665	-0.264634	0.159423	15.0	-0.0900311	-0.145365	0.0944459	16.0	0.0436273	-0.402034	0.875192	17.0	0.0596734	-0.454744	0.59121	18.0	-0.0166225	-0.696573	0.239122	19.0	-0.0400489	-0.565306	0.201371	20.0	-0.0575469	-0.479334	1.41439	21.0	-0.288626	-0.48513	0.727175	22.0	-0.267588	-0.456309	0.787017	23.0	0.176059	-0.209247	0.831466	24.0	0.16195	-0.213997	0.834276
2.894	0.0	-0.00758585	-0.428894	0.878512	1.0	-0.032839	-0.43918	1.19079	2.0	-0.0633947	-0.436352	1.49715	3.0	-0.0482055	-0.43681	1.64416	4.0	-0.221239	-0.421218	1.34908	5.0	-0.270301	-0.45248	1.09729	6.0	-0.283076	-0.434111	0.869228	7.0	-0.280193	-0.439501	0.793889	8.0	0.105937	-0.404915	1.36315	9.0	0.177967	-0.376531	1.12078	10.0	0.19286	-0.286045	0.931166	11.0	0.179744	-0.221653	0.864765	12.0	-0.094865	-0.403333	0.880625	13.0	-0.115057	-0.313702	0.523402	14.0	-0.0724266	-0.26272	0.162064	15.0	-0.086243	-0.152626	0.0928135	16.0	0.047941	-0.383066	0.878393	17.0	0.0581684	-0.411357	0.557856	18.0	-0.0178759	-0.674703	0.218682	19.0	-0.036417	-0.542936	0.180273	20.0	-0.0547562	-0.439337	1.42147	21.0	-0.279664	-0.438807	0.737319	22.0	-0.245024	-0.381345	0.809746	23.0	0.190868	-0.210534	0.824238	24.0	0.177902	-0.219011	0.824418
2.927	0.0	-0.0124207	-0.38087	0.88073	1.0	-0.0375911	-0.396781	1.19187	2.0	-0.0675363	-0.400782	1.49645	3.0	-0.0497216	-0.391736	1.64748	4.0	-0.223669	-0.371433	1.34864	5.0	-0.275947	-0.393595	1.10371	6.0	-0.284462	-0.359411	0.86892	7.0	-0.26885	-0.359636	0.800513	8.0	0.113689	-0.370576	1.36448	9.0	0.170909	-0.337028	1.12054	10.0	0.193429	-0.258155	0.927146	11.0	0.180575	-0.210171	0.862388	12.0	-0.100302	-0.349944	0.883153	13.0	-0.109302	-0.292379	0.540353	14.0	-0.0719314	-0.258199	0.169113	15.0	-0.0819542	-0.155996	0.0952696	16.0	0.0436965	-0.344644	0.8804	17.0	0.0473816	-0.359842	0.542252	18.0	-0.020636	-0.645049	0.216828	19.0	-0.0346543	-0.512496	0.178749	20.0	-0.0591104	-0.402097	1.42123	21.0	-0.267516	-0.368006	0.735381	22.0	-0.237823	-0.327228	0.81528	23.0	0.184654	-0.192876	0.810636	24.0	0.193107	-0.185111	0.823371
2.961	0.0	-0.0121635	-0.352772	0.879398	1.0	-0.0371366	-0.375064	1.19367	2.0	-0.0669543	-0.383938	1.50044	3.0	-0.0490879	-0.366957	1.64972	4.0	-0.223441	-0.355387	1.35099	5.0	-0.277407	-0.36418	1.1125	6.0	-0.276723	-0.318675	0.872915	7.0	-0.26059	-0.305942	0.806805	8.0	0.113225	-0.341725	1.36487	9.0	0.175983	-0.319048	1.10619	10.0	0.196395	-0.248045	0.909635	11.0	0.182849	-0.204167	0.844043	12.0	-0.100082	-0.324885	0.881174	13.0	-0.0906323	-0.281914	0.531863	14.0	-0.0719756	-0.255067	0.172364	15.0	-0.0819513	-0.155961	0.0953818	16.0	0.0434418	-0.307863	0.879954	17.0	0.0372212	-0.30416	0.539697	18.0	-0.0182993	-0.596319	0.215651	19.0	-0.0362989	-0.463277	0.177649	20.0	-0.0585639	-0.384068	1.42476	21.0	-0.256917	-0.321331	0.738352	22.0	-0.229817	-0.269777	0.808291	23.0	0.189729	-0.198439	0.798847	24.0	0.188388	-0.198883	0.798111
2.994	0.0	-0.011393	-0.313096	0.880181	1.0	-0.0356377	-0.344511	1.19452	2.0	-0.0650029	-0.362842	1.50157	3.0	-0.0454713	-0.341877	1.6493	4.0	-0.220166	-0.316716	1.35182	5.0	-0.281752	-0.304603	1.13396	6.0	-0.275982	-0.246936	0.909019	7.0	-0.256603	-0.233276	0.833272	8.0	0.114915	-0.325792	1.36971	9.0	0.179582	-0.308816	1.10276	10.0	0.197757	-0.243967	0.90401	11.0	0.187203	-0.20613	0.835405	12.0	-0.100056	-0.274901	0.879278	13.0	-0.0841862	-0.267722	0.531418	14.0	-0.0712367	-0.254935	0.17364	15.0	-0.0813382	-0.156822	0.0953921	16.0	0.0443784	-0.2809	0.882643	17.0	0.0433698	-0.267326	0.531955	18.0	0.0639658	-0.360465	0.222619	19.0	0.047472	-0.261736	0.294918	20.0	-0.0566999	-0.360663	1.42581	21.0	-0.254044	-0.239009	0.74711	22.0	-0.225454	-0.20371	0.833976	23.0	0.18821	-0.197775	0.790067	24.0	0.191861	-0.197714	0.814122
3.026	0.0	-0.00663831	-0.278598	0.88082	1.0	-0.0335055	-0.294586	1.19432	2.0	-0.066193	-0.305075	1.5006	3.0	-0.0426486	-0.29114	1.65502	4.0	-0.221931	-0.283652	1.35467	5.0	-0.281592	-0.270874	1.13186	6.0	-0.260961	-0.183767	0.899435	7.0	-0.250216	-0.167366	0.830616	8.0	0.117243	-0.285777	1.36857	9.0	0.182987	-0.280107	1.09697	10.0	0.200891	-0.227827	0.894956	11.0	0.181992	-0.188106	0.827318	12.0	-0.096491	-0.246663	0.877989	13.0	-0.0866409	-0.247829	0.526951	14.0	-0.0710827	-0.254523	0.17377	15.0	-0.0803409	-0.157527	0.0961644	16.0	0.0502617	-0.239825	0.886304	17.0	0.0577383	-0.203937	0.530576	18.0	0.0526691	-0.327297	0.23206	19.0	0.048992	-0.214528	0.285134	20.0	-0.0570828	-0.304662	1.42502	21.0	-0.247867	-0.161019	0.761556	22.0	-0.212987	-0.157532	0.851602	23.0	0.187185	-0.192308	0.781158	24.0	0.19917	-0.186745	0.779565
3.061	0.0	-0.00579556	-0.25237	0.884034	1.0	-0.0326026	-0.28151	1.19845	2.0	-0.0646654	-0.295387	1.50594	3.0	-0.0401932	-0.274425	1.65641	4.0	-0.218568	-0.257906	1.35911	5.0	-0.276169	-0.225057	1.15184	6.0	-0.251701	-0.132009	0.894655	7.0	-0.246073	-0.107456	0.839021	8.0	0.119884	-0.264794	1.36943	9.0	0.181735	-0.268295	1.09818	10.0	0.202326	-0.225655	0.894733	11.0	0.187356	-0.18933	0.826389	12.0	-0.0948172	-0.219027	0.879642	13.0	-0.0916418	-0.237356	0.507578	14.0	-0.0701227	-0.254256	0.174169	15.0	-0.0749996	-0.161956	0.0951474	16.0	0.0500145	-0.215942	0.890649	17.0	0.0547054	-0.14989	0.547935	18.0	0.0376007	-0.344091	0.198504	19.0	0.0636405	-0.342367	0.109907	20.0	-0.0557045	-0.294254	1.43007	21.0	-0.234637	-0.100685	0.774156	22.0	-0.211062	-0.124359	0.87513	23.0	0.187575	-0.185853	0.78115	24.0	0.177775	-0.184455	0.777952
3.093	0.0	0.00414715	-0.212497	0.886323	1.0	-0.0290784	-0.22885	1.20286	2.0	-0.0682696	-0.23741	1.51186	3.0	-0.0399394	-0.222071	1.66025	4.0	-0.215295	-0.201965	1.36052	5.0	-0.276347	-0.175536	1.14543	6.0	-0.24958	-0.0735438	0.91548	7.0	-0.247738	-0.0277926	0.849306	8.0	0.118772	-0.225169	1.37367	9.0	0.181823	-0.244067	1.10397	10.0	0.198341	-0.200837	0.899979	11.0	0.184335	-0.168427	0.826636	12.0	-0.0855758	-0.176496	0.87878	13.0	-0.0956925	-0.219808	0.492088	14.0	-0.0492128	-0.249405	0.163343	15.0	-0.0718232	-0.162411	0.0932992	16.0	0.0601128	-0.178439	0.895957	17.0	0.0499799	-0.0878608	0.560358	18.0	0.0425349	-0.269505	0.161251	19.0	0.0422192	-0.226582	0.0790225	20.0	-0.0575312	-0.23752	1.43563	21.0	-0.237609	-0.00787191	0.797513	22.0	-0.230839	-0.0210526	0.816893	23.0	0.185895	-0.15845	0.782146	24.0	0.195906	-0.150686	0.808676
3.127	0.0	-0.001266	-0.196791	0.885356	1.0	-0.0307268	-0.211091	1.20234	2.0	-0.0647778	-0.210466	1.51197	3.0	-0.0380893	-0.196712	1.66001	4.0	-0.215318	-0.18389	1.36112	5.0	-0.274082	-0.136132	1.15258	6.0	-0.252059	-0.01267	0.928709	7.0	-0.237988	0.0254268	0.859575	8.0	0.118457	-0.194381	1.37168	9.0	0.177968	-0.211419	1.10754	10.0	0.195189	-0.178598	0.902251	11.0	0.18277	-0.149481	0.8363	12.0	-0.0919492	-0.16012	0.879219	13.0	-0.0995389	-0.211135	0.490528	14.0	-0.041412	-0.23256	0.159471	15.0	-0.0654058	-0.155484	0.0871978	16.0	0.0555767	-0.163747	0.893793	17.0	0.050545	-0.0395838	0.540131	18.0	0.0319884	-0.181348	0.213384	19.0	0.0264134	-0.142092	0.106247	20.0	-0.0555076	-0.213145	1.43556	21.0	-0.228593	0.0482579	0.806917	22.0	-0.171541	-0.0453068	0.89591	23.0	0.183969	-0.139441	0.782796	24.0	0.189941	-0.130625	0.809339
3.16	0.0	-0.0126549	-0.167296	0.881865	1.0	-0.0379828	-0.178565	1.19881	2.0	-0.0679981	-0.178679	1.50854	3.0	-0.035771	-0.156301	1.6534	4.0	-0.218663	-0.126033	1.36112	5.0	-0.27621	-0.0846325	1.15877	6.0	-0.242239	0.0336408	0.932119	7.0	-0.236511	0.0922737	0.872804	8.0	0.117479	-0.164968	1.36759	9.0	0.177771	-0.200412	1.11209	10.0	0.20343	-0.173026	0.907628	11.0	0.19035	-0.150131	0.86031	12.0	-0.10424	-0.123593	0.877444	13.0	-0.105724	-0.190787	0.498274	14.0	-0.0471002	-0.229754	0.162609	15.0	-0.0577236	-0.148275	0.0887871	16.0	0.0450354	-0.140543	0.889016	17.0	0.0461514	0.0054721	0.545767	18.0	0.0346148	-0.114375	0.177434	19.0	0.0320297	-0.0629683	0.0971895	20.0	-0.0595601	-0.180782	1.43212	21.0	-0.213459	0.104809	0.822524	22.0	-0.232022	0.097953	0.826576	23.0	0.192124	-0.132813	0.804091	24.0	0.19471	-0.133945	0.843251
3.193	0.0	-0.0100524	-0.154302	0.880359	1.0	-0.0328229	-0.15676	1.19647	2.0	-0.0598113	-0.144372	1.505	3.0	-0.0326683	-0.128312	1.6531	4.0	-0.218214	-0.114432	1.36184	5.0	-0.274995	-0.0662564	1.15938	6.0	-0.234577	0.0832396	0.942418	7.0	-0.22686	0.135242	0.878476	8.0	0.118527	-0.129875	1.36482	9.0	0.177605	-0.164737	1.10681	10.0	0.205912	-0.148212	0.902351	11.0	0.183098	-0.129683	0.883171	12.0	-0.101535	-0.115231	0.876921	13.0	-0.103964	-0.16886	0.508626	14.0	-0.0504638	-0.227446	0.162575	15.0	-0.0622728	-0.149004	0.0881549	16.0	0.0470506	-0.122889	0.88609	17.0	0.047319	0.0368199	0.54439	18.0	0.050054	0.00721703	0.168487	19.0	0.0422061	0.0807116	0.0962551	20.0	-0.0521549	-0.150004	1.42893	21.0	-0.211915	0.157913	0.83467	22.0	-0.200546	0.166827	0.839557	23.0	0.188594	-0.123195	0.846103	24.0	0.182658	-0.114417	0.870325
3.226	0.0	-0.0140073	-0.124352	0.880782	1.0	-0.0337136	-0.131071	1.19528	2.0	-0.0589319	-0.125902	1.50276	3.0	-0.0299438	-0.107174	1.65375	4.0	-0.208952	-0.0766786	1.3647	5.0	-0.273363	-0.0299885	1.16476	6.0	-0.226355	0.111911	0.943461	7.0	-0.219365	0.181155	0.88329	8.0	0.121641	-0.115447	1.36706	9.0	0.178477	-0.15376	1.11852	10.0	0.20742	-0.134138	0.914452	11.0	0.190522	-0.131774	0.912671	12.0	-0.103275	-0.0876749	0.87918	13.0	-0.104232	-0.162362	0.503401	14.0	-0.0522858	-0.22407	0.165355	15.0	-0.0668147	-0.144676	0.0883392	16.0	0.0409009	-0.092004	0.884653	17.0	0.047032	0.0575134	0.539893	18.0	0.0602864	0.0889023	0.187567	19.0	0.0416688	0.194478	0.0973263	20.0	-0.0515916	-0.129456	1.42688	21.0	-0.199519	0.212666	0.844024	22.0	-0.226509	0.188754	0.838433	23.0	0.196005	-0.125297	0.875511	24.0	0.194081	-0.116981	0.914309
3.261	0.0	-0.0186064	-0.0758568	0.875074	1.0	-0.0343558	-0.0793817	1.18856	2.0	-0.0555589	-0.0716224	1.49471	3.0	-0.0293898	-0.0506316	1.64529	4.0	-0.213706	-0.0332589	1.35284	5.0	-0.269495	0.0300638	1.15465	6.0	-0.227499	0.176853	0.944749	7.0	-0.210776	0.224057	0.884764	8.0	0.13294	-0.0710165	1.36706	9.0	0.182826	-0.11305	1.11947	10.0	0.211804	-0.0923797	0.915713	11.0	0.216183	-0.077669	0.838271	12.0	-0.108835	-0.03493	0.876966	13.0	-0.101938	-0.131938	0.49991	14.0	-0.0534823	-0.221913	0.166355	15.0	-0.0685829	-0.143431	0.0893563	16.0	0.0372203	-0.0497165	0.876281	17.0	0.0514444	0.103736	0.518787	18.0	0.048832	0.187484	0.173686	19.0	0.0321063	0.306236	0.0985885	20.0	-0.0492218	-0.0757638	1.41921	21.0	-0.194294	0.252939	0.846074	22.0	-0.236751	0.245649	0.862838	23.0	0.221538	-0.0712769	0.801345	24.0	0.219452	-0.0630776	0.840449
3.293	0.0	-0.0182029	-0.0563926	0.86944	1.0	-0.0329486	-0.0607797	1.18349	2.0	-0.0532267	-0.0530515	1.48999	3.0	-0.0259647	-0.0268957	1.63845	4.0	-0.210271	-0.00859906	1.34974	5.0	-0.269747	0.0490579	1.15153	6.0	-0.224559	0.197779	0.947342	7.0	-0.206742	0.26412	0.882931	8.0	0.137219	-0.0549947	1.36114	9.0	0.181835	-0.090084	1.11645	10.0	0.210719	-0.0701425	0.912981	11.0	0.215249	-0.0544731	0.835141	12.0	-0.10812	-0.0155444	0.871855	13.0	-0.102968	-0.112522	0.49888	14.0	-0.0537222	-0.221205	0.165311	15.0	-0.0692706	-0.144732	0.0899293	16.0	0.03703	-0.0276553	0.869523	17.0	0.0522434	0.113219	0.50507	18.0	0.0434054	0.27907	0.130006	19.0	0.0228561	0.390474	0.0949262	20.0	-0.0471134	-0.0571863	1.41441	21.0	-0.191415	0.291111	0.847021	22.0	-0.222341	0.268287	0.843967	23.0	0.220577	-0.0481028	0.798226	24.0	0.218457	-0.0399329	0.837348
3.326	0.0	-0.0275804	-0.00923407	0.855131	1.0	-0.0350964	-0.0111559	1.17481	2.0	-0.0484	-0.0013038	1.48686	3.0	-0.0180088	0.0189741	1.63478	4.0	-0.209768	0.040089	1.33888	5.0	-0.266036	0.0996896	1.14064	6.0	-0.223526	0.239004	0.948504	7.0	-0.208699	0.304357	0.884141	8.0	0.138134	0.00934893	1.34404	9.0	0.178475	-0.0264693	1.10398	10.0	0.207161	-0.00642671	0.900896	11.0	0.211845	0.0090314	0.82265	12.0	-0.115079	0.0252948	0.859676	13.0	-0.100473	-0.0880586	0.487837	14.0	-0.0537775	-0.211874	0.163192	15.0	-0.0701704	-0.142122	0.0874416	16.0	0.0254456	0.0219923	0.854605	17.0	0.0515525	0.15666	0.479895	18.0	0.0338871	0.31606	0.130292	19.0	0.0143507	0.42929	0.0988682	20.0	-0.0439968	-0.00594923	1.40992	21.0	-0.191435	0.335374	0.84434	22.0	-0.22215	0.306723	0.844173	23.0	0.217094	0.0153526	0.785781	24.0	0.214873	0.0234566	0.824967
3.36	0.0	-0.0148696	0.0378325	0.850894	1.0	-0.028687	0.0258647	1.17001	2.0	-0.046974	0.0274293	1.48165	3.0	-0.0206973	0.0596785	1.62696	4.0	-0.207225	0.0665114	1.33656	5.0	-0.263764	0.120143	1.13712	6.0	-0.221125	0.262319	0.944927	7.0	-0.206797	0.336181	0.876659	8.0	0.140805	0.0385545	1.34416	9.0	0.183645	0.0183402	1.12663	10.0	0.212252	0.0383224	0.923445	11.0	0.216938	0.0537788	0.845193	12.0	-0.104594	0.0774687	0.852117	13.0	-0.101556	-0.0554966	0.481378	14.0	-0.0533373	-0.20429	0.16105	15.0	-0.0727872	-0.140269	0.0832495	16.0	0.0391161	0.0666906	0.852818	17.0	0.0487011	0.170253	0.483363	18.0	0.0336837	0.30091	0.181505	19.0	0.0242099	0.42989	0.145365	20.0	-0.0414368	0.0247081	1.40479	21.0	-0.188385	0.365179	0.838549	22.0	-0.216313	0.342724	0.830401	23.0	0.222112	0.0600568	0.808255	24.0	0.21979	0.068105	0.847355
3.393	0.0	-0.0182532	0.0668552	0.851327	1.0	-0.0297394	0.0585875	1.16843	2.0	-0.0465849	0.0616985	1.47773	3.0	-0.0182668	0.085409	1.62696	4.0	-0.198701	0.106126	1.33251	5.0	-0.260569	0.150508	1.13286	6.0	-0.221145	0.280522	0.939845	7.0	-0.207516	0.356456	0.870991	8.0	0.144921	0.0725038	1.3433	9.0	0.195652	0.0277612	1.12064	10.0	0.224209	0.0477157	0.917477	11.0	0.228894	0.0631736	0.839225	12.0	-0.108563	0.102848	0.853197	13.0	-0.101345	-0.0182762	0.478241	14.0	-0.0521374	-0.19684	0.163208	15.0	-0.073846	-0.137505	0.0840589	16.0	0.0362461	0.0994172	0.85261	17.0	0.0531772	0.193441	0.49161	18.0	0.0340554	0.297913	0.181526	19.0	0.0154575	0.416652	0.102652	20.0	-0.0413149	0.0588063	1.40148	21.0	-0.191945	0.38677	0.827453	22.0	-0.231355	0.377772	0.844859	23.0	0.234027	0.0694236	0.802306	24.0	0.231654	0.0774346	0.841432
3.426	0.0	-0.0168086	0.124647	0.84743	1.0	-0.0267708	0.112169	1.1653	2.0	-0.0426623	0.111319	1.47533	3.0	-0.0141808	0.144757	1.62043	4.0	-0.196735	0.140738	1.33303	5.0	-0.245113	0.207909	1.11508	6.0	-0.220072	0.314149	0.930326	7.0	-0.212234	0.382241	0.859753	8.0	0.147165	0.134622	1.329	9.0	0.202131	0.0917066	1.12031	10.0	0.230502	0.111572	0.91748	11.0	0.235252	0.127048	0.83885	12.0	-0.108038	0.156393	0.84874	13.0	-0.106438	0.0444697	0.493739	14.0	-0.0594023	-0.181174	0.161231	15.0	-0.0791189	-0.122933	0.0818015	16.0	0.037938	0.160877	0.849524	17.0	0.0543231	0.239797	0.493441	18.0	0.0342482	0.302956	0.175117	19.0	0.0162658	0.422055	0.0968877	20.0	-0.0375755	0.109529	1.3989	21.0	-0.195368	0.41357	0.817957	22.0	-0.232123	0.382349	0.825081	23.0	0.240278	0.13323	0.801938	24.0	0.237765	0.141152	0.841077
3.461	0.0	0.00588485	0.16958	0.84942	1.0	-0.0151545	0.140029	1.16719	2.0	-0.0385201	0.126633	1.47688	3.0	-0.0114405	0.15326	1.62172	4.0	-0.192315	0.163633	1.33157	5.0	-0.244224	0.213355	1.11653	6.0	-0.222818	0.337686	0.921192	7.0	-0.210844	0.388076	0.851024	8.0	0.154099	0.148591	1.32958	9.0	0.216451	0.10231	1.11688	10.0	0.244703	0.122127	0.914404	11.0	0.249511	0.13762	0.835437	12.0	-0.0860691	0.19939	0.848106	13.0	-0.11097	0.0984221	0.491694	14.0	-0.0639051	-0.154619	0.163795	15.0	-0.0802719	-0.123991	0.08102	16.0	0.0603221	0.207004	0.854178	17.0	0.0613342	0.255382	0.494327	18.0	0.0384846	0.312331	0.171445	19.0	0.0166764	0.424712	0.0932365	20.0	-0.0319211	0.127398	1.40056	21.0	-0.197396	0.417949	0.803331	22.0	-0.14088	0.305613	0.889056	23.0	0.254487	0.143771	0.798536	24.0	0.251912	0.151651	0.83769
3.493	0.0	0.0155448	0.226585	0.854054	1.0	-0.00632674	0.199474	1.17236	2.0	-0.0339742	0.184313	1.48256	3.0	-0.00746444	0.217961	1.6237	4.0	-0.186866	0.211518	1.33155	5.0	-0.24155	0.247919	1.11954	6.0	-0.225852	0.355012	0.911912	7.0	-0.225508	0.408887	0.841863	8.0	0.153328	0.216919	1.33998	9.0	0.206536	0.179918	1.11972	10.0	0.234626	0.199655	0.917532	11.0	0.239495	0.215166	0.838207	12.0	-0.0773226	0.253382	0.852199	13.0	-0.120983	0.185914	0.50642	14.0	-0.0781592	-0.0952416	0.187674	15.0	-0.088659	-0.0820782	0.105521	16.0	0.0702544	0.26685	0.859228	17.0	0.0651676	0.283917	0.504662	18.0	0.0337981	0.334182	0.162362	19.0	0.0182414	0.441145	0.0842758	20.0	-0.0259714	0.185932	1.40613	21.0	-0.211675	0.431864	0.791474	22.0	-0.23968	0.412778	0.798002	23.0	0.244378	0.221258	0.801304	24.0	0.241681	0.229059	0.840463
3.527	0.0	0.03695	0.260792	0.862833	1.0	0.00450517	0.224924	1.17726	2.0	-0.0306625	0.203058	1.48465	3.0	-0.0040907	0.238548	1.63088	4.0	-0.18459	0.22815	1.33546	5.0	-0.241817	0.263805	1.12339	6.0	-0.231459	0.373879	0.903286	7.0	-0.22935	0.410148	0.834786	8.0	0.154212	0.241603	1.34507	9.0	0.208634	0.206088	1.10601	10.0	0.236641	0.225793	0.904017	11.0	0.241536	0.241315	0.824529	12.0	-0.0585108	0.290901	0.860811	13.0	-0.112185	0.254048	0.523571	14.0	-0.0868195	-0.0297237	0.204108	15.0	-0.105841	0.1013	0.168378	16.0	0.0935413	0.297693	0.868035	17.0	0.0680849	0.291964	0.505587	18.0	0.0337602	0.334161	0.16235	19.0	0.0188216	0.439576	0.0834254	20.0	-0.0210289	0.206151	1.40883	21.0	-0.213097	0.429029	0.782459	22.0	-0.256854	0.401413	0.817625	23.0	0.246376	0.247375	0.787675	24.0	0.243623	0.255133	0.826899
3.56	0.0	0.0449304	0.274929	0.866293	1.0	0.0147588	0.250022	1.1807	2.0	-0.0213542	0.238575	1.48656	3.0	0.00109696	0.263514	1.63717	4.0	-0.181001	0.258879	1.34096	5.0	-0.237102	0.283031	1.12516	6.0	-0.233474	0.383333	0.894387	7.0	-0.229152	0.407409	0.827831	8.0	0.162365	0.266676	1.34784	9.0	0.218839	0.266345	1.08485	10.0	0.21306	0.305799	0.855177	11.0	0.206555	0.311627	0.803349	12.0	-0.0505853	0.305358	0.865316	13.0	-0.109548	0.315442	0.528166	14.0	-0.0935502	0.03371	0.205081	15.0	-0.110861	0.164155	0.169214	16.0	0.101165	0.310966	0.870354	17.0	0.0744668	0.302979	0.496189	18.0	0.0347598	0.333129	0.162273	19.0	0.0177504	0.431681	0.0837133	20.0	-0.0111591	0.23921	1.41127	21.0	-0.216871	0.422635	0.768544	22.0	-0.267417	0.426025	0.822139	23.0	0.215516	0.302241	0.747028	24.0	0.213593	0.31198	0.780172
3.593	0.0	0.0379074	0.324726	0.868188	1.0	0.0127788	0.294587	1.18308	2.0	-0.0189113	0.275926	1.48952	3.0	0.00178517	0.318111	1.63996	4.0	-0.17799	0.300865	1.34492	5.0	-0.238278	0.315045	1.11967	6.0	-0.23863	0.398277	0.887136	7.0	-0.237473	0.418438	0.819249	8.0	0.157433	0.328585	1.34767	9.0	0.218134	0.321827	1.09224	10.0	0.211337	0.360427	0.874527	11.0	0.202367	0.381273	0.812443	12.0	-0.0555739	0.347777	0.869994	13.0	-0.114276	0.38213	0.530058	14.0	-0.10135	0.0968761	0.208687	15.0	-0.124642	0.227331	0.173002	16.0	0.0921503	0.364392	0.869042	17.0	0.0715907	0.344495	0.49684	18.0	0.0332173	0.341467	0.154646	19.0	0.0169981	0.431682	0.0824227	20.0	-0.00978975	0.278375	1.41408	21.0	-0.233937	0.428097	0.755565	22.0	-0.286171	0.438508	0.819409	23.0	0.204391	0.381205	0.754437	24.0	0.211712	0.397663	0.818508
3.626	0.0	0.0383418	0.343195	0.869368	1.0	0.01314	0.316537	1.18394	2.0	-0.018222	0.302206	1.49009	3.0	0.00242848	0.339474	1.64113	4.0	-0.175367	0.320724	1.34482	5.0	-0.237252	0.333174	1.12055	6.0	-0.241143	0.407666	0.882981	7.0	-0.239476	0.425489	0.81705	8.0	0.160751	0.347348	1.34866	9.0	0.226316	0.363022	1.09281	10.0	0.229811	0.421022	0.893299	11.0	0.213412	0.442629	0.81409	12.0	-0.0560761	0.369877	0.871632	13.0	-0.112824	0.445046	0.537661	14.0	-0.0974902	0.169167	0.207046	15.0	-0.120807	0.298991	0.171534	16.0	0.0930402	0.383458	0.870143	17.0	0.0791929	0.355876	0.495584	18.0	0.0330414	0.342047	0.15717	19.0	0.0174009	0.430289	0.0823364	20.0	-0.00923445	0.303632	1.41471	21.0	-0.231548	0.4347	0.747441	22.0	-0.283681	0.437582	0.807635	23.0	0.203833	0.45706	0.760907	24.0	0.219899	0.472184	0.804217
3.661	0.0	0.0321412	0.376104	0.869413	1.0	0.0108748	0.357571	1.1844	2.0	-0.01569	0.351801	1.49104	3.0	0.00461183	0.389246	1.64386	4.0	-0.172608	0.356948	1.34379	5.0	-0.237341	0.355501	1.11744	6.0	-0.244563	0.416256	0.880387	7.0	-0.242394	0.432929	0.815688	8.0	0.160357	0.401119	1.34799	9.0	0.223751	0.416567	1.11111	10.0	0.229123	0.485977	0.914122	11.0	0.217314	0.515623	0.830793	12.0	-0.061591	0.394687	0.873145	13.0	-0.108532	0.47756	0.527699	14.0	-0.0604284	0.277507	0.159758	15.0	-0.0546608	0.369683	0.0914344	16.0	0.0859042	0.423882	0.868344	17.0	0.0818581	0.380724	0.482073	18.0	0.0326801	0.345829	0.155184	19.0	0.0171155	0.43031	0.0814268	20.0	-0.0079755	0.351004	1.41554	21.0	-0.240148	0.441053	0.751916	22.0	-0.289185	0.439706	0.813002	23.0	0.21902	0.520706	0.768971	24.0	0.220453	0.52549	0.791329
3.693	0.0	0.0329594	0.404749	0.87429	1.0	0.0123288	0.382292	1.18772	2.0	-0.0143652	0.371546	1.49284	3.0	0.00643301	0.409536	1.64468	4.0	-0.168092	0.384443	1.34673	5.0	-0.236365	0.372236	1.11771	6.0	-0.249124	0.430981	0.878913	7.0	-0.251819	0.446568	0.810698	8.0	0.163937	0.422732	1.35176	9.0	0.226196	0.452227	1.11195	10.0	0.232406	0.545642	0.924687	11.0	0.221691	0.580528	0.841958	12.0	-0.0617364	0.425033	0.877857	13.0	-0.0957814	0.543986	0.522083	14.0	-0.0715421	0.366375	0.127678	15.0	-0.0406416	0.43601	0.0713216	16.0	0.0871926	0.44999	0.8735	17.0	0.0932095	0.404216	0.470836	18.0	0.00295737	0.356669	0.162931	19.0	-0.0559934	0.418798	0.0835631	20.0	-0.00654999	0.372098	1.41771	21.0	-0.238534	0.449478	0.746327	22.0	-0.289682	0.458026	0.802537	23.0	0.216208	0.597562	0.786219	24.0	0.212792	0.587799	0.813017
3.726	0.0	0.0371214	0.421766	0.877423	1.0	0.0163353	0.404319	1.18944	2.0	-0.010826	0.399384	1.49264	3.0	0.00929683	0.440064	1.64034	4.0	-0.167863	0.408413	1.34745	5.0	-0.229194	0.3886	1.10951	6.0	-0.24972	0.435318	0.878682	7.0	-0.251177	0.451324	0.811651	8.0	0.172858	0.44389	1.35411	9.0	0.231082	0.493759	1.11678	10.0	0.243173	0.586615	0.929695	11.0	0.22696	0.637596	0.856384	12.0	-0.057659	0.441633	0.879244	13.0	-0.085704	0.586524	0.505477	14.0	-0.0566976	0.447713	0.148793	15.0	-0.0582805	0.48916	0.0700207	16.0	0.0912453	0.467505	0.878526	17.0	0.101146	0.411633	0.478349	18.0	-0.0800794	0.454053	0.207571	19.0	-0.0640665	0.48812	0.0986098	20.0	-0.00284592	0.398433	1.41806	21.0	-0.244983	0.451009	0.745768	22.0	-0.296404	0.457772	0.796967	23.0	0.219494	0.660261	0.803744	24.0	0.230876	0.661006	0.794201
3.76	0.0	0.0372899	0.456388	0.879992	1.0	0.0179586	0.440739	1.18931	2.0	-0.00777152	0.436299	1.49	3.0	0.0103543	0.475381	1.6394	4.0	-0.163892	0.441892	1.34903	5.0	-0.226466	0.411685	1.10385	6.0	-0.250674	0.448134	0.877301	7.0	-0.253047	0.46343	0.807801	8.0	0.182377	0.489469	1.35129	9.0	0.231602	0.524012	1.12608	10.0	0.241064	0.650115	0.943035	11.0	0.226184	0.701762	0.866203	12.0	-0.0596591	0.477558	0.881712	13.0	-0.0793722	0.64067	0.501656	14.0	-0.0677016	0.554718	0.148493	15.0	-0.105268	0.624781	0.0790122	16.0	0.0930453	0.500387	0.881113	17.0	0.0911966	0.444884	0.479859	18.0	-0.0901862	0.487328	0.20913	19.0	-0.0981643	0.566628	0.105591	20.0	-0.000138609	0.435349	1.41602	21.0	-0.247232	0.465947	0.741184	22.0	-0.295618	0.475685	0.806926	23.0	0.223238	0.724332	0.8155	24.0	0.224298	0.682543	0.88129
3.793	0.0	0.038518	0.47704	0.878222	1.0	0.0197542	0.464679	1.18832	2.0	-0.00543217	0.464273	1.48998	3.0	0.0118238	0.499556	1.63775	4.0	-0.1619	0.465357	1.34768	5.0	-0.224698	0.427842	1.10615	6.0	-0.250032	0.462876	0.8725	7.0	-0.251083	0.472568	0.803112	8.0	0.182753	0.507324	1.35192	9.0	0.235997	0.574792	1.12969	10.0	0.244228	0.693836	0.946445	11.0	0.228335	0.75127	0.873803	12.0	-0.0587626	0.498126	0.878394	13.0	-0.0772728	0.663411	0.502207	14.0	-0.0551762	0.653244	0.148406	15.0	-0.1056	0.757882	0.0684854	16.0	0.0943906	0.521051	0.880938	17.0	0.0602095	0.479643	0.475927	18.0	-0.00408889	0.33008	0.201592	19.0	-0.0192023	0.398598	0.0933435	20.0	0.00207021	0.46224	1.41574	21.0	-0.246433	0.469959	0.73504	22.0	-0.285371	0.470869	0.788693	23.0	0.222855	0.778381	0.826437	24.0	0.203824	0.760697	0.851706
3.826	0.0	0.0412197	0.527211	0.871861	1.0	0.0194354	0.515444	1.18156	2.0	-0.008963	0.515088	1.48267	3.0	0.0101723	0.550387	1.63508	4.0	-0.162696	0.509072	1.34311	5.0	-0.228546	0.470577	1.10914	6.0	-0.250327	0.48267	0.86663	7.0	-0.252833	0.490485	0.802436	8.0	0.174791	0.563273	1.34504	9.0	0.232357	0.621252	1.12369	10.0	0.239199	0.745866	0.953958	11.0	0.222735	0.807156	0.879924	12.0	-0.056558	0.544494	0.87526	13.0	-0.0669362	0.710308	0.497443	14.0	-0.0582523	0.750766	0.156324	15.0	-0.0855273	0.865902	0.0789954	16.0	0.0968691	0.572705	0.871691	17.0	0.0434016	0.423764	0.504891	18.0	0.0175176	0.399665	0.184027	19.0	-0.0156323	0.526666	0.148273	20.0	-0.000635306	0.513099	1.40859	21.0	-0.248219	0.482829	0.736971	22.0	-0.2846	0.480362	0.78773	23.0	0.214624	0.835436	0.833951	24.0	0.208236	0.818017	0.825773
3.861	0.0	0.0350508	0.546345	0.871181	1.0	0.0167725	0.535411	1.18124	2.0	-0.0082046	0.53659	1.48263	3.0	0.0119467	0.572261	1.62971	4.0	-0.160752	0.539232	1.33961	5.0	-0.231075	0.497114	1.10915	6.0	-0.251361	0.498156	0.863573	7.0	-0.25171	0.509577	0.798257	8.0	0.175272	0.587933	1.34099	9.0	0.235851	0.657175	1.12214	10.0	0.237807	0.781453	0.951958	11.0	0.220575	0.84915	0.886845	12.0	-0.0628834	0.564272	0.87594	13.0	-0.067478	0.720008	0.499489	14.0	-0.0470227	0.840531	0.144234	15.0	-0.0815704	0.959983	0.0862292	16.0	0.0904412	0.593354	0.869553	17.0	0.0439609	0.434425	0.507604	18.0	0.0183179	0.406915	0.187883	19.0	-0.0133224	0.533931	0.15215	20.0	-0.000737308	0.534164	1.40849	21.0	-0.246345	0.501124	0.730115	22.0	-0.281358	0.504153	0.796074	23.0	0.214668	0.887152	0.84127	24.0	0.212381	0.866071	0.841241
3.893	0.0	0.0200548	0.607166	0.868057	1.0	0.00835407	0.591883	1.17735	2.0	-0.0102273	0.587969	1.47779	3.0	0.00989482	0.624023	1.62589	4.0	-0.161596	0.587763	1.33214	5.0	-0.230846	0.533414	1.09406	6.0	-0.249872	0.532899	0.857434	7.0	-0.251316	0.529988	0.789633	8.0	0.170727	0.641499	1.33476	9.0	0.229743	0.692346	1.12066	10.0	0.232932	0.828932	0.952363	11.0	0.21612	0.891249	0.886374	12.0	-0.0785728	0.621572	0.874542	13.0	-0.0637099	0.751469	0.514325	14.0	-0.0314812	0.913115	0.126169	15.0	-0.0800203	1.00236	0.0759971	16.0	0.0760397	0.656918	0.864887	17.0	0.0383933	0.487346	0.508489	18.0	0.0135893	0.42882	0.194796	19.0	-0.0198258	0.555997	0.159313	20.0	-0.00431383	0.586896	1.4039	21.0	-0.23974	0.51956	0.719516	22.0	-0.289262	0.528836	0.782387	23.0	0.21044	0.926615	0.841038	24.0	0.209859	0.896287	0.844793
3.927	0.0	0.0234507	0.62257	0.867428	1.0	0.0105295	0.606932	1.17487	2.0	-0.00925115	0.602953	1.47344	3.0	0.0117428	0.635586	1.62222	4.0	-0.16087	0.607618	1.32898	5.0	-0.229708	0.564952	1.09413	6.0	-0.250079	0.556395	0.858122	7.0	-0.251596	0.555794	0.783024	8.0	0.173436	0.655362	1.33367	9.0	0.229998	0.714268	1.119	10.0	0.234642	0.838835	0.949342	11.0	0.217912	0.914327	0.884769	12.0	-0.0749008	0.639842	0.874819	13.0	-0.078322	0.754574	0.525803	14.0	-0.0245293	0.917098	0.120947	15.0	-0.0655397	1.03428	0.0830251	16.0	0.0789258	0.669587	0.863536	17.0	0.0423754	0.502638	0.505537	18.0	0.0112992	0.426693	0.197107	19.0	-0.0203372	0.554156	0.161623	20.0	-0.00303317	0.601871	1.40003	21.0	-0.245489	0.548799	0.713943	22.0	-0.283152	0.548668	0.76298	23.0	0.21019	0.954756	0.840468	24.0	0.19886	0.937601	0.827235
3.96	0.0	0.0256198	0.682359	0.86191	1.0	0.00830548	0.662739	1.17099	2.0	-0.015913	0.65454	1.47105	3.0	0.00808259	0.691466	1.62197	4.0	-0.162755	0.663433	1.32397	5.0	-0.230686	0.61796	1.08898	6.0	-0.252075	0.599882	0.854674	7.0	-0.25075	0.588716	0.777907	8.0	0.168284	0.707424	1.32923	9.0	0.222739	0.758591	1.11255	10.0	0.224693	0.888611	0.94672	11.0	0.207745	0.950874	0.881857	12.0	-0.0741287	0.700654	0.869869	13.0	-0.0649356	0.778357	0.523595	14.0	-0.0230675	0.919782	0.129849	15.0	-0.0415228	1.04886	0.0706841	16.0	0.0816398	0.727473	0.857514	17.0	0.0484004	0.553397	0.503475	18.0	0.00588472	0.441142	0.209783	19.0	-0.024844	0.568739	0.17444	20.0	-0.00858304	0.654541	1.39728	21.0	-0.237696	0.572354	0.707759	22.0	-0.288122	0.581956	0.771024	23.0	0.196237	0.998279	0.840074	24.0	0.197444	0.945895	0.853785
3.993	0.0	0.0286032	0.713385	0.861378	1.0	0.00790786	0.691484	1.17057	2.0	-0.0194892	0.681431	1.47067	3.0	0.00447727	0.716977	1.6195	4.0	-0.165902	0.697669	1.32328	5.0	-0.228654	0.653763	1.08425	6.0	-0.25041	0.632899	0.856408	7.0	-0.250157	0.627387	0.772053	8.0	0.162081	0.735681	1.32896	9.0	0.218381	0.779634	1.10869	10.0	0.222875	0.90648	0.940795	11.0	0.204459	0.973896	0.875491	12.0	-0.0708403	0.73217	0.866995	13.0	-0.0519453	0.848291	0.479288	14.0	-0.0146697	0.921179	0.112979	15.0	-0.0423219	1.04872	0.063964	16.0	0.083874	0.757856	0.859316	17.0	0.037772	0.576439	0.509957	18.0	0.0199437	0.453189	0.219338	19.0	-0.00934477	0.580826	0.184046	20.0	-0.011376	0.681859	1.3969	21.0	-0.250373	0.621094	0.710488	22.0	-0.301815	0.64742	0.786492	23.0	0.193159	1.02393	0.830888	24.0	0.194216	0.968507	0.842922
4.026	0.0	0.025897	0.747898	0.858125	1.0	0.00692532	0.72197	1.16972	2.0	-0.0191591	0.70775	1.47179	3.0	0.00477979	0.738062	1.6222	4.0	-0.170422	0.721985	1.32426	5.0	-0.227477	0.688697	1.07786	6.0	-0.248724	0.686467	0.852526	7.0	-0.248264	0.674178	0.775115	8.0	0.16445	0.752668	1.3321	9.0	0.219566	0.793094	1.10757	10.0	0.223762	0.918513	0.937907	11.0	0.21322	0.977861	0.86724	12.0	-0.0709175	0.768	0.869972	13.0	-0.0517992	0.850826	0.478884	14.0	-0.0171222	0.923093	0.12648	15.0	-0.0427548	1.04689	0.0651612	16.0	0.0780532	0.791674	0.849941	17.0	0.143908	0.746616	0.571855	18.0	0.0671735	0.500476	0.228323	19.0	0.0394772	0.627845	0.19326	20.0	-0.011339	0.709233	1.39757	21.0	-0.243894	0.6613	0.710625	22.0	-0.292829	0.680991	0.772199	23.0	0.204162	1.01965	0.818521	24.0	0.199153	0.974169	0.840835
4.06	0.0	0.0326027	0.794202	0.857162	1.0	0.00789403	0.770823	1.1722	2.0	-0.0240745	0.758552	1.47788	3.0	0.00180243	0.791425	1.63	4.0	-0.173898	0.774698	1.32519	5.0	-0.231533	0.742959	1.07327	6.0	-0.247705	0.74099	0.8453	7.0	-0.245374	0.729083	0.777678	8.0	0.159232	0.804413	1.34157	9.0	0.209565	0.843817	1.0973	10.0	0.222715	0.941995	0.913107	11.0	0.207447	0.997312	0.853275	12.0	-0.0628171	0.808871	0.867417	13.0	-0.0609163	0.880125	0.481116	14.0	-0.0227445	0.926435	0.133888	15.0	-0.0422598	1.04563	0.0660747	16.0	0.0823791	0.841116	0.850895	17.0	0.0294167	0.843823	0.522334	18.0	0.0288486	0.544269	0.220099	19.0	0.00120709	0.671531	0.185126	20.0	-0.0147898	0.759807	1.40278	21.0	-0.241879	0.722079	0.71204	22.0	-0.292308	0.738878	0.790111	23.0	0.204528	1.02718	0.803421	24.0	0.20047	0.976084	0.832702
4.093	0.0	0.0360073	0.812112	0.856165	1.0	0.00831491	0.788675	1.17184	2.0	-0.0265434	0.777236	1.47802	3.0	-0.000296841	0.807825	1.62959	4.0	-0.175718	0.796848	1.32876	5.0	-0.231221	0.777145	1.06889	6.0	-0.239683	0.798356	0.851537	7.0	-0.232154	0.792798	0.783002	8.0	0.15887	0.81972	1.34261	9.0	0.210538	0.858148	1.08893	10.0	0.221431	0.955366	0.904076	11.0	0.211103	0.996315	0.853152	12.0	-0.0597388	0.835387	0.862563	13.0	-0.0676235	0.894813	0.524844	14.0	-0.0228756	0.927472	0.13573	15.0	-0.0417951	1.0434	0.0669493	16.0	0.085826	0.852904	0.85247	17.0	0.0452349	0.860669	0.512098	18.0	0.0421444	0.568109	0.202689	19.0	0.0164752	0.695006	0.168076	20.0	-0.0165049	0.77798	1.4028	21.0	-0.233446	0.79183	0.714951	22.0	-0.284998	0.79158	0.769974	23.0	0.204832	1.03242	0.79957	24.0	0.201121	0.986005	0.820829
4.126	0.0	0.0350282	0.8547	0.854181	1.0	0.00704975	0.829673	1.17463	2.0	-0.0280313	0.816225	1.4851	3.0	-3.01626e-05	0.84507	1.63329	4.0	-0.178927	0.839934	1.33315	5.0	-0.233509	0.828233	1.07267	6.0	-0.23521	0.852232	0.847502	7.0	-0.224252	0.856132	0.788206	8.0	0.154058	0.868066	1.34217	9.0	0.211273	0.886214	1.08045	10.0	0.218524	0.971923	0.890244	11.0	0.204636	1.00729	0.845801	12.0	-0.0615072	0.874378	0.857571	13.0	-0.0248295	0.916266	0.504576	14.0	-0.0227576	0.928483	0.136071	15.0	-0.0414999	1.039	0.0679395	16.0	0.0853867	0.895086	0.854846	17.0	0.0969364	0.905517	0.523921	18.0	0.0555554	0.618509	0.209953	19.0	0.0281053	0.745042	0.1754	20.0	-0.0179571	0.817582	1.40886	21.0	-0.22415	0.854057	0.715191	22.0	-0.279506	0.850999	0.774129	23.0	0.196404	1.03967	0.791842	24.0	0.18928	1.00306	0.810428
4.161	0.0	0.0385897	0.873409	0.855529	1.0	0.00879398	0.849777	1.17614	2.0	-0.0282597	0.837826	1.48682	3.0	2.01818e-05	0.865624	1.63644	4.0	-0.176287	0.859438	1.33493	5.0	-0.236363	0.856158	1.09047	6.0	-0.234371	0.908102	0.864703	7.0	-0.219734	0.914975	0.793597	8.0	0.156412	0.874385	1.34533	9.0	0.213461	0.894607	1.07761	10.0	0.220527	0.977702	0.886375	11.0	0.210774	1.00826	0.836428	12.0	-0.0576178	0.901017	0.856838	13.0	-0.0264092	0.923966	0.499831	14.0	-0.0211641	0.929466	0.137748	15.0	-0.0407204	1.03634	0.0684914	16.0	0.0884133	0.908672	0.857643	17.0	0.0999312	0.939429	0.51656	18.0	0.0574462	0.656588	0.197094	19.0	0.0336291	0.78308	0.162767	20.0	-0.0176744	0.838771	1.41052	21.0	-0.222983	0.922265	0.7218	22.0	-0.273034	0.916789	0.782178	23.0	0.203307	1.03073	0.778504	24.0	0.186981	1.0134	0.786142
4.193	0.0	0.046752	0.925355	0.857809	1.0	0.0116821	0.898317	1.1785	2.0	-0.030274	0.881935	1.48909	3.0	-0.00140452	0.916774	1.63709	4.0	-0.176898	0.903954	1.33521	5.0	-0.243005	0.907222	1.09477	6.0	-0.233373	0.968664	0.871783	7.0	-0.22063	0.984619	0.798205	8.0	0.156556	0.919107	1.34683	9.0	0.211773	0.921647	1.07801	10.0	0.219874	0.983307	0.879629	11.0	0.206648	1.01665	0.830784	12.0	-0.0503751	0.946573	0.855102	13.0	-0.0300878	0.938746	0.488366	14.0	-0.0200587	0.933414	0.139274	15.0	-0.0402405	1.03553	0.068618	16.0	0.0960385	0.962352	0.864531	17.0	0.0965144	1.00251	0.524499	18.0	0.119492	0.872869	0.237148	19.0	0.0936263	0.998243	0.202878	20.0	-0.0185116	0.883985	1.41283	21.0	-0.217305	0.996407	0.732372	22.0	-0.270567	0.994743	0.783316	23.0	0.19729	1.03646	0.770087	24.0	0.172696	1.02698	0.811846
4.226	0.0	0.0488159	0.935122	0.859261	1.0	0.0118979	0.90986	1.17991	2.0	-0.0324709	0.896688	1.49052	3.0	-0.000493938	0.933254	1.63864	4.0	-0.176451	0.920795	1.33776	5.0	-0.238941	0.937974	1.10111	6.0	-0.220908	1.02817	0.876289	7.0	-0.214647	1.05095	0.805819	8.0	0.157438	0.931786	1.34926	9.0	0.2135	0.938854	1.07567	10.0	0.219845	1.00666	0.873527	11.0	0.206562	1.02742	0.815977	12.0	-0.0474378	0.959702	0.85511	13.0	-0.031239	0.950633	0.471899	14.0	-0.0198259	0.933968	0.139167	15.0	-0.0393309	1.03501	0.0683203	16.0	0.0975573	0.97113	0.867255	17.0	0.0989621	1.03953	0.516197	18.0	0.120245	0.93999	0.215119	19.0	0.0952706	1.06509	0.181104	20.0	-0.020026	0.897902	1.41427	21.0	-0.205997	1.06925	0.747958	22.0	-0.252982	1.07057	0.789306	23.0	0.202796	1.04191	0.765982	24.0	0.159091	1.05239	0.806679
4.26	0.0	0.0504676	0.953585	0.861376	1.0	0.0135377	0.937999	1.18206	2.0	-0.0309265	0.935436	1.49241	3.0	0.000398367	0.977246	1.64085	4.0	-0.175703	0.956954	1.34256	5.0	-0.232817	0.984396	1.12416	6.0	-0.21686	1.08358	0.887344	7.0	-0.191881	1.10338	0.821115	8.0	0.155808	0.965884	1.35425	9.0	0.216703	0.955534	1.08773	10.0	0.219825	1.00633	0.884361	11.0	0.214974	1.03205	0.827175	12.0	-0.0457343	0.977519	0.855711	13.0	-0.0336653	0.965416	0.447921	14.0	-0.00991734	0.932856	0.130926	15.0	-0.0287803	1.02709	0.0688596	16.0	0.0987566	0.989871	0.870916	17.0	0.0963524	1.08005	0.518076	18.0	0.0848921	0.919608	0.131136	19.0	0.0810139	0.958512	0.054677	20.0	-0.0184534	0.933973	1.41625	21.0	-0.195351	1.13494	0.76362	22.0	-0.243	1.14619	0.808719	23.0	0.209748	1.05267	0.768433	24.0	0.169739	1.07738	0.806217
4.294	0.0	0.0460565	0.972224	0.863065	1.0	0.0110268	0.960669	1.18433	2.0	-0.0311629	0.960371	1.49527	3.0	0.00318228	0.996829	1.6417	4.0	-0.174455	0.981537	1.34421	5.0	-0.23494	1.01329	1.1331	6.0	-0.212495	1.1322	0.914718	7.0	-0.204724	1.17677	0.833875	8.0	0.160991	0.985172	1.35296	9.0	0.22129	0.970973	1.09023	10.0	0.225219	1.01164	0.886811	11.0	0.223961	1.03482	0.845565	12.0	-0.0505872	1.00058	0.859113	13.0	-0.0480142	0.970515	0.45297	14.0	0.00452302	0.951215	0.138878	15.0	-0.0263493	1.02956	0.0687786	16.0	0.0945881	1.00442	0.871166	17.0	0.0964662	1.12994	0.527439	18.0	0.0818831	0.993591	0.137203	19.0	0.0787648	1.04457	0.0636767	20.0	-0.0192722	0.958487	1.41897	21.0	-0.200903	1.20688	0.781598	22.0	-0.240324	1.20079	0.826174	23.0	0.224048	1.06165	0.794628	24.0	0.195143	1.06494	0.835361
4.326	0.0	0.0455146	0.993162	0.864976	1.0	0.0113788	0.983202	1.18575	2.0	-0.0301827	0.984553	1.49617	3.0	0.00669131	1.02574	1.64348	4.0	-0.174667	1.01059	1.34525	5.0	-0.236278	1.05315	1.14016	6.0	-0.205504	1.1826	0.923934	7.0	-0.199269	1.2354	0.844598	8.0	0.163036	1.0126	1.35485	9.0	0.226199	0.995001	1.08476	10.0	0.232701	1.02992	0.880697	11.0	0.221931	1.04211	0.876966	12.0	-0.0514548	1.01984	0.862208	13.0	-0.0623638	0.984404	0.467862	14.0	0.00663116	0.969441	0.137595	15.0	-0.0270451	1.03126	0.0662227	16.0	0.0940595	1.02617	0.871551	17.0	0.0946938	1.17039	0.540328	18.0	0.0791097	1.07614	0.149522	19.0	0.0757523	1.13681	0.0796883	20.0	-0.0184266	0.982248	1.42001	21.0	-0.189778	1.26546	0.796744	22.0	-0.221969	1.2324	0.803489	23.0	0.203798	1.05713	0.877811	24.0	0.184581	1.07245	0.885416
4.36	0.0	0.0443329	1.01585	0.866306	1.0	0.0111082	1.00801	1.187	2.0	-0.0296973	1.01137	1.49729	3.0	0.00949979	1.04812	1.64452	4.0	-0.171971	1.044	1.34566	5.0	-0.235759	1.0789	1.14391	6.0	-0.198758	1.22242	0.92878	7.0	-0.19344	1.28937	0.856534	8.0	0.169939	1.02909	1.35611	9.0	0.231751	1.00298	1.08682	10.0	0.239613	1.03962	0.883093	11.0	0.232806	1.07085	0.799923	12.0	-0.0534117	1.04639	0.866518	13.0	-0.0636096	0.993029	0.471823	14.0	-0.00348229	0.96001	0.140913	15.0	-0.0266491	1.03157	0.0705217	16.0	0.0932166	1.04535	0.870344	17.0	0.09503	1.1972	0.536039	18.0	0.0946442	1.17873	0.142194	19.0	0.0861207	1.25516	0.0730289	20.0	-0.0181125	1.00858	1.42117	21.0	-0.182711	1.32168	0.811135	22.0	-0.226398	1.29938	0.839132	23.0	0.214602	1.08578	0.801093	24.0	0.195293	1.10098	0.809127
4.393	0.0	0.03584	1.05007	0.862094	1.0	0.00830485	1.04385	1.18386	2.0	-0.0270173	1.04955	1.49507	3.0	0.0155885	1.08724	1.64222	4.0	-0.170619	1.07675	1.34325	5.0	-0.23154	1.13109	1.1428	6.0	-0.19242	1.27684	0.93165	7.0	-0.185749	1.33909	0.86256	8.0	0.16487	1.07893	1.35617	9.0	0.229858	1.05166	1.10541	10.0	0.238075	1.08811	0.901675	11.0	0.231191	1.11927	0.819123	12.0	-0.0601504	1.07315	0.86547	13.0	-0.0635358	1.01114	0.4795	14.0	-0.00361573	0.959962	0.140935	15.0	-0.0297184	1.03218	0.0701458	16.0	0.082512	1.08676	0.862085	17.0	0.0948915	1.22809	0.516241	18.0	0.0995677	1.26988	0.137162	19.0	0.0909723	1.35004	0.0695323	20.0	-0.0167971	1.04613	1.41873	21.0	-0.170778	1.36991	0.821703	22.0	-0.218608	1.35206	0.841536	23.0	0.212886	1.13411	0.820223	24.0	0.193442	1.14919	0.828165
4.426	0.0	0.0314884	1.08677	0.854704	1.0	0.00715355	1.07755	1.1803	2.0	-0.0255765	1.07937	1.49479	3.0	0.015693	1.12408	1.63853	4.0	-0.171412	1.11199	1.33829	5.0	-0.230406	1.16049	1.13738	6.0	-0.19281	1.32328	0.93339	7.0	-0.181492	1.38619	0.870499	8.0	0.159101	1.11253	1.34916	9.0	0.232101	1.06942	1.1072	10.0	0.240258	1.10581	0.90359	11.0	0.233387	1.13699	0.820893	12.0	-0.0660145	1.11232	0.859598	13.0	-0.0655399	1.03507	0.490806	14.0	-0.00415028	0.961128	0.140879	15.0	-0.0319952	1.03295	0.0710066	16.0	0.0793075	1.11963	0.854196	17.0	0.0933626	1.26461	0.469187	18.0	0.094441	1.34314	0.139161	19.0	0.0757059	1.45041	0.0756028	20.0	-0.0159264	1.077	1.4177	21.0	-0.169547	1.42148	0.831435	22.0	-0.213745	1.39287	0.854873	23.0	0.215038	1.15179	0.821988	24.0	0.195537	1.16681	0.829924
4.46	0.0	0.033854	1.10573	0.850052	1.0	0.00896826	1.09974	1.1759	2.0	-0.0243244	1.1049	1.49093	3.0	0.0204028	1.14085	1.63663	4.0	-0.165458	1.13631	1.33593	5.0	-0.230332	1.18505	1.13659	6.0	-0.188988	1.35017	0.936312	7.0	-0.174715	1.42137	0.87463	8.0	0.166974	1.12854	1.34461	9.0	0.23397	1.11216	1.12819	10.0	0.242031	1.14843	0.924442	11.0	0.235167	1.17961	0.841736	12.0	-0.0629645	1.13385	0.855539	13.0	-0.0662081	1.04649	0.479743	14.0	-0.0047567	0.961462	0.14094	15.0	-0.0325171	1.03188	0.0721138	16.0	0.0807895	1.13634	0.849069	17.0	0.0935236	1.27066	0.464706	18.0	0.0886866	1.40381	0.122351	19.0	0.0670569	1.52395	0.0901938	20.0	-0.0145261	1.1017	1.41368	21.0	-0.16106	1.45951	0.835058	22.0	-0.207565	1.43104	0.852606	23.0	0.216718	1.19432	0.84275	24.0	0.197086	1.20923	0.850578
4.493	0.0	0.029009	1.1564	0.839564	1.0	0.00748403	1.14794	1.16975	2.0	-0.0226691	1.14972	1.48869	3.0	0.0192502	1.19438	1.63113	4.0	-0.162706	1.17706	1.33097	5.0	-0.224055	1.22836	1.12628	6.0	-0.187021	1.39593	0.931971	7.0	-0.169681	1.45694	0.871725	8.0	0.156961	1.1907	1.33222	9.0	0.225741	1.15761	1.12129	10.0	0.233704	1.1938	0.917539	11.0	0.226839	1.22499	0.83482	12.0	-0.0668705	1.17481	0.846606	13.0	-0.0644187	1.08011	0.471034	14.0	-0.00995337	0.96473	0.138409	15.0	-0.0336953	1.03407	0.0699784	16.0	0.074578	1.19179	0.838242	17.0	0.086308	1.30052	0.457895	18.0	0.0788515	1.42678	0.126799	19.0	0.0508998	1.54689	0.0948274	20.0	-0.0136199	1.14736	1.41052	21.0	-0.15479	1.49358	0.834506	22.0	-0.200781	1.46568	0.84948	23.0	0.208309	1.23962	0.835874	24.0	0.188569	1.25442	0.843756
4.526	0.0	0.0315164	1.16954	0.837884	1.0	0.0116748	1.16209	1.16738	2.0	-0.0164407	1.16567	1.48554	3.0	0.0257233	1.2057	1.62908	4.0	-0.158935	1.20181	1.32698	5.0	-0.222745	1.24708	1.12662	6.0	-0.185966	1.40703	0.931751	7.0	-0.168314	1.48082	0.869212	8.0	0.163223	1.19726	1.33378	9.0	0.238628	1.16841	1.12124	10.0	0.246527	1.20454	0.917483	11.0	0.239662	1.23574	0.834764	12.0	-0.0633049	1.19566	0.844312	13.0	-0.0634856	1.09853	0.463553	14.0	-0.0107549	0.966539	0.137056	15.0	-0.0347942	1.03703	0.069485	16.0	0.0761186	1.2021	0.836537	17.0	0.0854955	1.31338	0.456793	18.0	0.0767577	1.42689	0.129119	19.0	0.0541942	1.54679	0.0971614	20.0	-0.00792108	1.16289	1.40756	21.0	-0.152484	1.52093	0.828739	22.0	-0.188684	1.4869	0.826116	23.0	0.22108	1.25031	0.835818	24.0	0.20127	1.26504	0.843699
4.561	0.0	0.0358055	1.21936	0.832921	1.0	0.0167741	1.20504	1.16375	2.0	-0.0110902	1.20181	1.48312	3.0	0.0336023	1.24116	1.62459	4.0	-0.156337	1.23236	1.32473	5.0	-0.217835	1.2819	1.12067	6.0	-0.178694	1.44306	0.91898	7.0	-0.166959	1.5033	0.85924	8.0	0.173353	1.23833	1.33028	9.0	0.242981	1.2158	1.12317	10.0	0.250747	1.25181	0.919368	11.0	0.243885	1.28301	0.836639	12.0	-0.0610025	1.24311	0.840749	13.0	-0.0652403	1.1305	0.459371	14.0	-0.0142035	0.974375	0.138468	15.0	-0.0365152	1.04131	0.0691757	16.0	0.0807087	1.25135	0.830336	17.0	0.0843108	1.33895	0.459816	18.0	0.0757079	1.4267	0.12774	19.0	0.0722476	1.52773	0.0608464	20.0	-0.00258919	1.20073	1.40485	21.0	-0.152485	1.54307	0.819628	22.0	-0.197676	1.51411	0.83393	23.0	0.225187	1.29747	0.837693	24.0	0.205225	1.31205	0.845574
4.593	0.0	0.0429965	1.24892	0.83066	1.0	0.0223083	1.23338	1.16246	2.0	-0.007121	1.22857	1.48274	3.0	0.0412067	1.26721	1.62549	4.0	-0.151932	1.26614	1.32213	5.0	-0.213348	1.30729	1.11499	6.0	-0.17962	1.45054	0.916142	7.0	-0.16648	1.51798	0.847699	8.0	0.179859	1.26179	1.32878	9.0	0.250935	1.23093	1.11631	10.0	0.258633	1.26689	0.912537	11.0	0.25177	1.29809	0.829805	12.0	-0.0542885	1.27334	0.83767	13.0	-0.0680149	1.16305	0.450467	14.0	-0.0138973	0.979547	0.134004	15.0	-0.0394034	1.04914	0.0663252	16.0	0.0879511	1.28125	0.828883	17.0	0.086715	1.36167	0.463458	18.0	0.0753671	1.43314	0.128688	19.0	0.0669116	1.53209	0.0605906	20.0	0.00176768	1.22794	1.40425	21.0	-0.149965	1.55225	0.804109	22.0	-0.196227	1.52685	0.820747	23.0	0.233021	1.3125	0.830891	24.0	0.212992	1.327	0.838815
4.627	0.0	0.0533258	1.3042	0.834368	1.0	0.0294293	1.28155	1.16574	2.0	-0.00343078	1.26634	1.48525	3.0	0.0450325	1.30704	1.62283	4.0	-0.147547	1.29765	1.32165	5.0	-0.212633	1.33343	1.11553	6.0	-0.179715	1.46688	0.908079	7.0	-0.167975	1.52666	0.834788	8.0	0.180335	1.31204	1.3365	9.0	0.266032	1.27479	1.1058	10.0	0.0678236	1.40825	0.947117	11.0	0.0142139	1.4282	0.864441	12.0	-0.0449375	1.32453	0.839276	13.0	-0.0728359	1.23029	0.457195	14.0	-0.0228738	1.00909	0.137904	15.0	-0.0420409	1.06177	0.0637338	16.0	0.0979451	1.33902	0.834685	17.0	0.0936865	1.39175	0.470488	18.0	0.074619	1.44811	0.131273	19.0	0.0629156	1.53709	0.0617448	20.0	0.0062577	1.26818	1.40696	21.0	-0.153056	1.56055	0.78883	22.0	-0.190254	1.52266	0.796421	23.0	-0.000837929	1.44327	0.823569	24.0	-0.0370947	1.44002	0.890645
4.66	0.0	0.0612957	1.33111	0.833964	1.0	0.0351658	1.30453	1.16699	2.0	0.000869161	1.2902	1.48819	3.0	0.0491542	1.32691	1.62572	4.0	-0.144182	1.32472	1.32398	5.0	-0.207445	1.36385	1.10689	6.0	-0.179864	1.48016	0.900096	7.0	-0.169223	1.52551	0.82505	8.0	0.187747	1.33087	1.33184	9.0	0.266275	1.30484	1.11718	10.0	0.0675824	1.43681	0.958256	11.0	0.0113093	1.45536	0.862641	12.0	-0.0371973	1.35228	0.839093	13.0	-0.0790622	1.29822	0.4732	14.0	-0.0313788	1.03185	0.146865	15.0	-0.0477048	1.07479	0.0707543	16.0	0.105545	1.36454	0.834114	17.0	0.0981979	1.40481	0.466031	18.0	0.0769407	1.45186	0.12906	19.0	0.0629156	1.53821	0.0603978	20.0	0.0109851	1.29199	1.4095	21.0	-0.15713	1.56091	0.774593	22.0	-0.204279	1.54249	0.803881	23.0	-0.0268036	1.46793	0.807762	24.0	-0.0354185	1.46602	0.899506
4.693	0.0	0.0735386	1.37961	0.840341	1.0	0.0452341	1.3475	1.17181	2.0	0.00810521	1.32548	1.49139	3.0	0.0546623	1.36021	1.62646	4.0	-0.142029	1.35274	1.32552	5.0	-0.205533	1.3814	1.10282	6.0	-0.180406	1.48425	0.897572	7.0	-0.173932	1.52629	0.819889	8.0	0.193452	1.36975	1.33232	9.0	0.263808	1.34587	1.11504	10.0	0.0652666	1.4783	0.95664	11.0	0.0134739	1.48356	0.864922	12.0	-0.0278831	1.39748	0.843575	13.0	-0.0403997	1.3816	0.464879	14.0	-0.0484505	1.09115	0.153975	15.0	-0.0554903	1.10264	0.0795659	16.0	0.119579	1.41454	0.842202	17.0	0.101838	1.42132	0.453657	18.0	0.0769563	1.45237	0.128298	19.0	0.0628523	1.53866	0.0596922	20.0	0.018896	1.32908	1.4131	21.0	-0.157666	1.55512	0.759838	22.0	-0.204052	1.51338	0.793855	23.0	0.00159528	1.48595	0.818754	24.0	-0.0338787	1.49604	0.894924
4.727	0.0	0.0824586	1.40387	0.845266	1.0	0.0512004	1.36877	1.17385	2.0	0.011643	1.34519	1.49092	3.0	0.0604891	1.38059	1.62871	4.0	-0.139217	1.37698	1.32808	5.0	-0.2044	1.3967	1.09894	6.0	-0.183587	1.49019	0.893027	7.0	-0.175757	1.52414	0.809699	8.0	0.198682	1.3868	1.33679	9.0	0.270096	1.36339	1.11929	10.0	0.0714752	1.49537	0.960859	11.0	0.0117076	1.51119	0.864599	12.0	-0.0190315	1.4265	0.849794	13.0	-0.0597261	1.43848	0.499161	14.0	-0.0520954	1.16111	0.175875	15.0	-0.0761462	1.28442	0.144593	16.0	0.128125	1.43487	0.84594	17.0	0.0917485	1.43861	0.448367	18.0	0.0764905	1.45319	0.128024	19.0	0.0700064	1.5395	0.0585885	20.0	0.0230548	1.34925	1.41326	21.0	-0.157525	1.5489	0.746649	22.0	-0.209122	1.50987	0.791262	23.0	-0.0208915	1.51373	0.809586	24.0	-0.0312895	1.52262	0.90405
