31.35	0.0	-0.0140768	-1.4009	0.940747	1.0	0.007549	-1.39511	1.24493	2.0	0.0326026	-1.37742	1.54398	3.0	0.0520361	-1.31086	1.69282	4.0	-0.154399	-1.36553	1.44679	5.0	-0.113749	-1.30557	1.20028	6.0	-0.211918	-1.33601	0.913763	7.0	-0.256185	-1.34199	0.846964	8.0	0.20084	-1.35013	1.41342	9.0	0.263641	-1.36656	1.13616	10.0	0.266743	-1.31023	0.903506	11.0	0.259467	-1.29766	0.847302	12.0	-0.0833054	-1.36874	0.949168	13.0	-0.128209	-1.36152	0.625594	14.0	-0.147964	-1.41677	0.282553	15.0	-0.137658	-1.35265	0.424531	16.0	0.0775586	-1.36253	0.933939	17.0	0.0722053	-1.34592	0.577247	18.0	0.0511572	-1.36651	0.189856	19.0	0.0510095	-1.26814	0.094563	20.0	0.0256753	-1.38409	1.46995	21.0	-0.265623	-1.32356	0.826127	22.0	-0.236021	-1.31462	0.827775	23.0	0.260897	-1.28811	0.792932	24.0	0.236111	-1.27362	0.853471
31.386	0.0	-0.0160235	-1.39027	0.940363	1.0	0.00798987	-1.38457	1.24398	2.0	0.0355058	-1.36644	1.5424	3.0	0.050923	-1.30608	1.68994	4.0	-0.153881	-1.35815	1.45394	5.0	-0.192949	-1.36361	1.17388	6.0	-0.258374	-1.34003	0.915543	7.0	-0.254522	-1.33175	0.852178	8.0	0.201209	-1.34085	1.41001	9.0	0.264753	-1.33856	1.13774	10.0	0.267528	-1.28764	0.899694	11.0	0.254778	-1.27081	0.834066	12.0	-0.0849794	-1.35993	0.95104	13.0	-0.110501	-1.3185	0.663521	14.0	-0.181843	-1.37386	0.329152	15.0	-0.148323	-1.32724	0.448494	16.0	0.0752955	-1.34944	0.930797	17.0	0.0761383	-1.33917	0.577248	18.0	0.0511569	-1.36648	0.189278	19.0	0.0517043	-1.27005	0.0982594	20.0	0.0279382	-1.37328	1.46854	21.0	-0.252077	-1.32518	0.793883	22.0	-0.214363	-1.31684	0.862989	23.0	0.241524	-1.2658	0.762727	24.0	0.229899	-1.23954	0.853545
31.418	0.0	-0.0211926	-1.37245	0.937203	1.0	0.00618013	-1.36485	1.2437	2.0	0.0372226	-1.34433	1.54523	3.0	0.0526375	-1.28205	1.68839	4.0	-0.155752	-1.33787	1.45919	5.0	-0.244041	-1.34828	1.13777	6.0	-0.265378	-1.32767	0.892443	7.0	-0.261503	-1.3143	0.841522	8.0	0.201252	-1.31926	1.40701	9.0	0.268996	-1.31731	1.14093	10.0	0.262464	-1.25669	0.899116	11.0	0.251776	-1.23605	0.839605	12.0	-0.0896564	-1.33834	0.949545	13.0	-0.130366	-1.27643	0.635621	14.0	-0.143605	-1.38452	0.345007	15.0	-0.125622	-1.32395	0.438193	16.0	0.0701111	-1.33547	0.926665	17.0	0.0804258	-1.3326	0.577183	18.0	0.0514444	-1.36538	0.184829	19.0	0.0512919	-1.26826	0.0949326	20.0	0.0287519	-1.3518	1.47056	21.0	-0.267736	-1.33207	0.788735	22.0	-0.230143	-1.28192	0.829113	23.0	0.242211	-1.24257	0.763215	24.0	0.21768	-1.22773	0.872074
31.451	0.0	-0.0242438	-1.34788	0.938752	1.0	0.000990195	-1.34095	1.24387	2.0	0.029883	-1.32204	1.54389	3.0	0.050918	-1.26519	1.69131	4.0	-0.155356	-1.31236	1.45981	5.0	-0.253105	-1.33782	1.13739	6.0	-0.259872	-1.3008	0.888031	7.0	-0.251952	-1.27897	0.837251	8.0	0.201273	-1.28534	1.41605	9.0	0.271694	-1.29191	1.14279	10.0	0.263764	-1.22239	0.898807	11.0	0.249432	-1.20353	0.834615	12.0	-0.0928016	-1.31897	0.949733	13.0	-0.124819	-1.25692	0.618046	14.0	-0.153739	-1.34608	0.337975	15.0	-0.14892	-1.21314	0.296592	16.0	0.0673666	-1.30575	0.929732	17.0	0.0825753	-1.32507	0.576441	18.0	0.0514495	-1.36608	0.184401	19.0	0.0496022	-1.26926	0.094417	20.0	0.0219627	-1.32904	1.46961	21.0	-0.224383	-1.25359	0.781943	22.0	-0.212929	-1.25286	0.838121	23.0	0.239616	-1.20222	0.768241	24.0	0.217283	-1.18544	0.842318
31.485	0.0	-0.0245433	-1.31321	0.941383	1.0	0.00222955	-1.30989	1.24598	2.0	0.0323319	-1.2944	1.54541	3.0	0.0496359	-1.24011	1.69244	4.0	-0.155004	-1.27311	1.45272	5.0	-0.256494	-1.30958	1.14584	6.0	-0.25071	-1.2635	0.896537	7.0	-0.246373	-1.24948	0.856103	8.0	0.202823	-1.27117	1.4165	9.0	0.273747	-1.26061	1.1506	10.0	0.260831	-1.19927	0.904251	11.0	0.254591	-1.16254	0.845674	12.0	-0.0948514	-1.28124	0.950525	13.0	-0.129258	-1.2086	0.569749	14.0	-0.0871916	-1.33162	0.173635	15.0	-0.0639213	-1.25474	0.0915347	16.0	0.0686926	-1.27464	0.933751	17.0	0.0850038	-1.30915	0.57452	18.0	0.0503881	-1.36352	0.182135	19.0	0.0485992	-1.26415	0.0932928	20.0	0.0241445	-1.30054	1.47129	21.0	-0.245553	-1.24034	0.793557	22.0	-0.208568	-1.22506	0.859426	23.0	0.23757	-1.17229	0.770438	24.0	0.236595	-1.11296	0.833434
31.519	0.0	-0.0255089	-1.30095	0.939752	1.0	0.00264606	-1.29504	1.24432	2.0	0.0344611	-1.27682	1.5437	3.0	0.0525175	-1.22274	1.69254	4.0	-0.155097	-1.27126	1.45365	5.0	-0.252945	-1.28928	1.15137	6.0	-0.251994	-1.25103	0.900894	7.0	-0.250031	-1.22347	0.851943	8.0	0.204923	-1.25501	1.41618	9.0	0.273337	-1.24801	1.15121	10.0	0.260594	-1.16719	0.909787	11.0	0.253091	-1.13721	0.851236	12.0	-0.0953216	-1.27068	0.949467	13.0	-0.122731	-1.18433	0.57109	14.0	-0.0921259	-1.27399	0.178327	15.0	-0.0606594	-1.18852	0.0924584	16.0	0.067308	-1.2606	0.931575	17.0	0.0873742	-1.30169	0.573691	18.0	0.0503153	-1.36325	0.181095	19.0	0.048476	-1.26427	0.0932728	20.0	0.0258143	-1.28366	1.4696	21.0	-0.23678	-1.21238	0.79112	22.0	-0.212476	-1.19812	0.858477	23.0	0.237366	-1.13666	0.781685	24.0	0.220814	-1.12229	0.847025
31.551	0.0	-0.0234909	-1.27459	0.941269	1.0	0.00429666	-1.26773	1.24413	2.0	0.0355805	-1.24898	1.5417	3.0	0.0481362	-1.19588	1.68927	4.0	-0.151031	-1.24086	1.45486	5.0	-0.253796	-1.26105	1.1558	6.0	-0.248437	-1.2161	0.906449	7.0	-0.243377	-1.19445	0.858211	8.0	0.201182	-1.23415	1.41683	9.0	0.270887	-1.23326	1.14929	10.0	0.260374	-1.1446	0.910139	11.0	0.252777	-1.10951	0.853298	12.0	-0.0931387	-1.24101	0.951063	13.0	-0.107471	-1.13322	0.586455	14.0	-0.094011	-1.18857	0.165157	15.0	-0.078341	-1.10101	0.0887898	16.0	0.0693148	-1.23761	0.933077	17.0	0.0902583	-1.29009	0.577781	18.0	0.0493287	-1.36103	0.186066	19.0	0.0485316	-1.26425	0.0932652	20.0	0.0270814	-1.25592	1.46806	21.0	-0.242822	-1.20003	0.795338	22.0	-0.22374	-1.19054	0.850329	23.0	0.233664	-1.1083	0.78289	24.0	0.240936	-1.05918	0.850511
31.586	0.0	-0.0228994	-1.25252	0.938383	1.0	0.00410616	-1.24965	1.24321	2.0	0.0347539	-1.2343	1.54237	3.0	0.0478282	-1.17211	1.6868	4.0	-0.156383	-1.21819	1.45336	5.0	-0.252613	-1.23529	1.14268	6.0	-0.258507	-1.17671	0.896306	7.0	-0.248156	-1.17508	0.875041	8.0	0.199442	-1.21237	1.41225	9.0	0.274061	-1.19287	1.16416	10.0	0.260401	-1.11919	0.914864	11.0	0.251201	-1.07935	0.859161	12.0	-0.0915314	-1.21548	0.948537	13.0	-0.105624	-1.10499	0.580024	14.0	-0.093941	-1.09587	0.180567	15.0	-0.0700766	-1.01161	0.0990935	16.0	0.0691483	-1.21894	0.930005	17.0	0.0935168	-1.28253	0.574672	18.0	0.0491206	-1.35902	0.183986	19.0	0.0497883	-1.26379	0.0940296	20.0	0.026401	-1.24044	1.46837	21.0	-0.252533	-1.16457	0.800294	22.0	-0.206901	-1.14652	0.856292	23.0	0.238743	-1.06853	0.794408	24.0	0.224983	-1.05153	0.853952
31.618	0.0	-0.0226262	-1.23197	0.936347	1.0	0.00577721	-1.22923	1.24282	2.0	0.0376791	-1.21448	1.54378	3.0	0.0466281	-1.16043	1.68674	4.0	-0.154289	-1.19555	1.455	5.0	-0.254137	-1.22132	1.14132	6.0	-0.253068	-1.16517	0.893947	7.0	-0.253703	-1.15974	0.850976	8.0	0.201039	-1.18736	1.41885	9.0	0.272961	-1.17925	1.159	10.0	0.260148	-1.08101	0.916713	11.0	0.235805	-1.0575	0.854426	12.0	-0.0905241	-1.19361	0.945547	13.0	-0.104849	-1.06939	0.556165	14.0	-0.0947316	-1.02798	0.17831	15.0	-0.0677238	-0.915468	0.0999207	16.0	0.06878	-1.19991	0.928869	17.0	0.0939936	-1.2732	0.569793	18.0	0.049668	-1.35795	0.186159	19.0	0.0503312	-1.26332	0.0949358	20.0	0.0290261	-1.22043	1.46931	21.0	-0.251885	-1.15931	0.778744	22.0	-0.219229	-1.14234	0.843715	23.0	0.237911	-1.0308	0.796604	24.0	0.173919	-1.08852	0.835128
31.651	0.0	-0.0226337	-1.20616	0.934656	1.0	0.0061604	-1.20257	1.2413	2.0	0.0384615	-1.18703	1.54252	3.0	0.0460644	-1.13512	1.69086	4.0	-0.159193	-1.1636	1.44677	5.0	-0.25555	-1.18574	1.13722	6.0	-0.246402	-1.13124	0.889657	7.0	-0.247072	-1.1247	0.837397	8.0	0.19983	-1.17583	1.41643	9.0	0.271731	-1.15742	1.15947	10.0	0.264735	-1.06098	0.923002	11.0	0.237655	-1.03055	0.856536	12.0	-0.0918228	-1.16577	0.941092	13.0	-0.103523	-1.03539	0.533159	14.0	-0.0843782	-0.951942	0.173394	15.0	-0.0684792	-0.815646	0.103487	16.0	0.0700505	-1.17581	0.929786	17.0	0.092927	-1.26078	0.567831	18.0	0.0479205	-1.35608	0.188296	19.0	0.0495045	-1.26128	0.0950263	20.0	0.0297053	-1.19317	1.46798	21.0	-0.242784	-1.13584	0.786151	22.0	-0.208666	-1.09294	0.842227	23.0	0.235774	-1.0052	0.788881	24.0	0.190338	-1.03261	0.839867
31.685	0.0	-0.022968	-1.17808	0.928649	1.0	0.00061679	-1.17703	1.2346	2.0	0.0276907	-1.16293	1.53489	3.0	0.0410662	-1.12035	1.68784	4.0	-0.163747	-1.14827	1.44389	5.0	-0.258811	-1.15716	1.13568	6.0	-0.257997	-1.10862	0.887297	7.0	-0.253296	-1.11157	0.841106	8.0	0.197825	-1.15246	1.4131	9.0	0.269333	-1.13461	1.1561	10.0	0.269037	-1.02069	0.926739	11.0	0.235475	-1.00071	0.860494	12.0	-0.0922072	-1.14086	0.934537	13.0	-0.0988139	-1.01793	0.519733	14.0	-0.0838925	-0.901534	0.179122	15.0	-0.0594782	-0.762227	0.111108	16.0	0.0699968	-1.14494	0.924765	17.0	0.0915682	-1.25061	0.5635	18.0	0.0462984	-1.35464	0.189804	19.0	0.049953	-1.2612	0.095639	20.0	0.0202724	-1.1688	1.46061	21.0	-0.240489	-1.09935	0.773202	22.0	-0.208435	-1.0822	0.85878	23.0	0.224522	-0.975004	0.798829	24.0	0.170256	-1.05073	0.881026
31.718	0.0	-0.0226103	-1.15909	0.927364	1.0	-0.00140898	-1.15731	1.23646	2.0	0.0232924	-1.1431	1.54013	3.0	0.0347061	-1.09311	1.68902	4.0	-0.164171	-1.10875	1.43734	5.0	-0.259161	-1.12665	1.12793	6.0	-0.257055	-1.09839	0.877736	7.0	-0.250455	-1.07732	0.835342	8.0	0.197058	-1.13209	1.41053	9.0	0.267492	-1.11271	1.16291	10.0	0.25682	-0.995678	0.922334	11.0	0.231999	-0.967942	0.861043	12.0	-0.0926261	-1.11555	0.934489	13.0	-0.0905017	-0.989722	0.515219	14.0	-0.0752851	-0.847982	0.170784	15.0	-0.0565437	-0.706028	0.114186	16.0	0.0710188	-1.13124	0.922579	17.0	0.089011	-1.23712	0.560044	18.0	0.0452298	-1.35111	0.188465	19.0	0.0499806	-1.26137	0.0957973	20.0	0.016442	-1.14895	1.46498	21.0	-0.251321	-1.07901	0.776521	22.0	-0.225357	-1.07546	0.795444	23.0	0.228979	-0.950768	0.799477	24.0	0.17006	-1.00692	0.863501
31.751	0.0	-0.0212843	-1.11743	0.924212	1.0	-0.00619161	-1.12629	1.23339	2.0	0.0140684	-1.12067	1.53705	3.0	0.0309599	-1.0767	1.68401	4.0	-0.167768	-1.0875	1.4336	5.0	-0.264174	-1.1055	1.12698	6.0	-0.25724	-1.07016	0.877868	7.0	-0.254859	-1.05896	0.828112	8.0	0.193046	-1.10136	1.40393	9.0	0.269036	-1.08242	1.16036	10.0	0.25969	-0.963788	0.934452	11.0	0.230554	-0.933609	0.861834	12.0	-0.0903199	-1.07116	0.930801	13.0	-0.0828348	-0.969345	0.504828	14.0	-0.0707217	-0.841748	0.191449	15.0	-0.0425225	-0.701185	0.122393	16.0	0.0718238	-1.09394	0.919719	17.0	0.0892358	-1.21588	0.55392	18.0	0.0457052	-1.34154	0.194618	19.0	0.0500446	-1.2606	0.095637	20.0	0.00819801	-1.12457	1.46192	21.0	-0.25631	-1.051	0.764019	22.0	-0.221573	-1.04811	0.823921	23.0	0.215695	-0.924252	0.801067	24.0	0.178123	-0.956014	0.873666
31.786	0.0	-0.0256279	-1.09926	0.92197	1.0	-0.0100804	-1.1078	1.23092	2.0	0.0100719	-1.10463	1.53451	3.0	0.022759	-1.05926	1.68496	4.0	-0.183617	-1.06324	1.42435	5.0	-0.266727	-1.07802	1.12148	6.0	-0.253372	-1.04228	0.873296	7.0	-0.252702	-1.02439	0.822011	8.0	0.188204	-1.08529	1.40238	9.0	0.262103	-1.06324	1.16044	10.0	0.252108	-0.93283	0.925276	11.0	0.23276	-0.894314	0.871072	12.0	-0.0943708	-1.0561	0.928734	13.0	-0.0787689	-0.949706	0.504404	14.0	-0.0637458	-0.835015	0.195285	15.0	-0.0347453	-0.695651	0.122127	16.0	0.0673144	-1.07152	0.917258	17.0	0.0890422	-1.19468	0.548216	18.0	0.0431075	-1.33855	0.192739	19.0	0.0500749	-1.25868	0.0952172	20.0	0.00424269	-1.10767	1.45938	21.0	-0.249457	-0.999529	0.75732	22.0	-0.221925	-1.01074	0.812505	23.0	0.214333	-0.873939	0.811246	24.0	0.183759	-0.89079	0.853709
31.818	0.0	-0.0254393	-1.05306	0.921226	1.0	-0.0134803	-1.06969	1.23353	2.0	0.00299358	-1.07273	1.5397	3.0	0.0161253	-1.03596	1.68445	4.0	-0.185156	-1.03763	1.43018	5.0	-0.270078	-1.04396	1.10967	6.0	-0.262354	-1.01348	0.861174	7.0	-0.261745	-0.999811	0.825195	8.0	0.184151	-1.05663	1.40052	9.0	0.258959	-1.03295	1.15912	10.0	0.251436	-0.909407	0.936643	11.0	0.22446	-0.869402	0.87288	12.0	-0.0942582	-1.0058	0.926466	13.0	-0.0735176	-0.925202	0.502868	14.0	-0.0525861	-0.811558	0.176076	15.0	-0.0213493	-0.669396	0.105852	16.0	0.0678893	-1.03044	0.91796	17.0	0.0911352	-1.17039	0.548256	18.0	0.0423597	-1.33191	0.191659	19.0	0.0513442	-1.25773	0.0960436	20.0	-0.00191282	-1.07436	1.46398	21.0	-0.251161	-1.0045	0.745487	22.0	-0.227174	-0.972078	0.800873	23.0	0.20942	-0.854227	0.814689	24.0	0.208097	-0.886028	0.849052
31.85	0.0	-0.0267803	-1.031	0.922563	1.0	-0.0194661	-1.04533	1.23562	2.0	-0.0085297	-1.04734	1.54286	3.0	0.00327244	-1.0056	1.68623	4.0	-0.194255	-1.01588	1.43193	5.0	-0.268793	-1.01011	1.10207	6.0	-0.269316	-0.981004	0.853302	7.0	-0.263644	-0.966655	0.836955	8.0	0.17833	-1.02891	1.40085	9.0	0.251155	-0.99902	1.15888	10.0	0.252124	-0.874391	0.93646	11.0	0.229923	-0.837307	0.880386	12.0	-0.0956269	-0.987457	0.928499	13.0	-0.0737801	-0.903808	0.497411	14.0	-0.0522014	-0.80234	0.174171	15.0	-0.0207322	-0.661494	0.101602	16.0	0.0668081	-1.00344	0.918539	17.0	0.0894528	-1.13608	0.543577	18.0	0.0438139	-1.32092	0.186921	19.0	0.0525652	-1.25135	0.0971195	20.0	-0.0119752	-1.04912	1.46685	21.0	-0.253865	-0.958018	0.765406	22.0	-0.222163	-0.9415	0.780563	23.0	0.217381	-0.822806	0.817988	24.0	0.163908	-0.871635	0.869341
31.885	0.0	-0.0230723	-0.98876	0.926776	1.0	-0.0251185	-1.01189	1.23653	2.0	-0.0219743	-1.01994	1.54105	3.0	-0.00521723	-0.989729	1.69056	4.0	-0.198434	-0.983815	1.43332	5.0	-0.281647	-0.975289	1.1168	6.0	-0.270202	-0.928789	0.870329	7.0	-0.265626	-0.932348	0.822037	8.0	0.168838	-1.00039	1.40785	9.0	0.241421	-0.97718	1.16592	10.0	0.255811	-0.849848	0.945662	11.0	0.230791	-0.817292	0.895416	12.0	-0.090266	-0.942331	0.932637	13.0	-0.083154	-0.870922	0.51213	14.0	-0.0539624	-0.796723	0.174779	15.0	-0.0209917	-0.660349	0.0968498	16.0	0.0691186	-0.965056	0.922865	17.0	0.0924584	-1.07996	0.545524	18.0	0.045776	-1.30816	0.188671	19.0	0.0552349	-1.24657	0.0991943	20.0	-0.023524	-1.02044	1.46571	21.0	-0.274272	-0.941777	0.741943	22.0	-0.240996	-0.935727	0.781365	23.0	0.215455	-0.798519	0.830443	24.0	0.178077	-0.825461	0.859239
31.918	0.0	-0.0281898	-0.960557	0.934519	1.0	-0.0293015	-0.989451	1.24218	2.0	-0.0255827	-1.00603	1.54422	3.0	-0.015556	-0.972219	1.69541	4.0	-0.203443	-0.958138	1.43377	5.0	-0.283964	-0.959729	1.11642	6.0	-0.274166	-0.914599	0.870083	7.0	-0.269911	-0.898453	0.821772	8.0	0.162506	-0.980753	1.41606	9.0	0.241772	-0.944302	1.17715	10.0	0.252692	-0.828063	0.951559	11.0	0.238716	-0.789075	0.905704	12.0	-0.0959799	-0.92047	0.937084	13.0	-0.0851004	-0.858716	0.519258	14.0	-0.0565701	-0.789083	0.171519	15.0	-0.0212338	-0.658493	0.0930556	16.0	0.0651026	-0.928897	0.93466	17.0	0.0907285	-1.06212	0.531633	18.0	0.042635	-1.27826	0.186157	19.0	0.0563409	-1.23591	0.09358	20.0	-0.0273316	-1.00429	1.46948	21.0	-0.27218	-0.922228	0.745009	22.0	-0.226955	-0.861892	0.798842	23.0	0.220011	-0.782574	0.837413	24.0	0.22262	-0.751098	0.923816
31.95	0.0	-0.0327833	-0.925497	0.940111	1.0	-0.0351279	-0.96124	1.24902	2.0	-0.0328493	-0.984061	1.55178	3.0	-0.0314429	-0.958325	1.69551	4.0	-0.217007	-0.932846	1.42919	5.0	-0.287576	-0.915833	1.1192	6.0	-0.277895	-0.854641	0.876293	7.0	-0.278981	-0.868483	0.808241	8.0	0.154704	-0.953686	1.41917	9.0	0.239728	-0.926347	1.1822	10.0	0.253671	-0.803657	0.960604	11.0	0.238647	-0.765376	0.91094	12.0	-0.101405	-0.882564	0.943184	13.0	-0.0876664	-0.831344	0.523795	14.0	-0.0579115	-0.784302	0.170678	15.0	-0.0246635	-0.659548	0.0894948	16.0	0.0614652	-0.898708	0.938893	17.0	0.0925831	-0.995439	0.526187	18.0	0.0444367	-1.24492	0.183031	19.0	0.0604511	-1.19997	0.0914798	20.0	-0.034268	-0.980656	1.47694	21.0	-0.276236	-0.860296	0.751893	22.0	-0.240971	-0.863755	0.803552	23.0	0.22512	-0.756648	0.843882	24.0	0.245234	-0.726867	0.937432
31.985	0.0	-0.0369323	-0.89504	0.947491	1.0	-0.0403118	-0.938893	1.25691	2.0	-0.0389435	-0.969122	1.55987	3.0	-0.0414556	-0.940065	1.70676	4.0	-0.221255	-0.921948	1.43193	5.0	-0.288227	-0.888663	1.12091	6.0	-0.26892	-0.822792	0.879795	7.0	-0.274373	-0.823155	0.834551	8.0	0.151468	-0.938961	1.42891	9.0	0.234406	-0.908939	1.19172	10.0	0.256597	-0.78023	0.974261	11.0	0.237997	-0.743031	0.91056	12.0	-0.104192	-0.855149	0.948936	13.0	-0.0865723	-0.818901	0.523835	14.0	-0.0585127	-0.780235	0.170154	15.0	-0.0245351	-0.659692	0.0892064	16.0	0.055925	-0.863883	0.948044	17.0	0.0985869	-0.952738	0.522524	18.0	0.0471866	-1.21717	0.190223	19.0	0.0632022	-1.18264	0.0988755	20.0	-0.0401264	-0.964013	1.48498	21.0	-0.274488	-0.841913	0.758525	22.0	-0.240987	-0.819857	0.845636	23.0	0.230635	-0.734106	0.8476	24.0	0.240136	-0.707119	0.938881
32.018	0.0	-0.0423113	-0.870672	0.951908	1.0	-0.0474229	-0.922259	1.25852	2.0	-0.0473892	-0.95932	1.55966	3.0	-0.0467658	-0.931153	1.70736	4.0	-0.230219	-0.90784	1.43511	5.0	-0.29111	-0.866834	1.12716	6.0	-0.284665	-0.788803	0.8891	7.0	-0.28151	-0.784842	0.830525	8.0	0.14633	-0.928291	1.43177	9.0	0.235422	-0.891204	1.19559	10.0	0.257185	-0.765893	0.976703	11.0	0.240636	-0.724905	0.910501	12.0	-0.109541	-0.83062	0.951683	13.0	-0.0897453	-0.805027	0.52146	14.0	-0.0589007	-0.777198	0.169579	15.0	-0.0245201	-0.659785	0.0888439	16.0	0.0509981	-0.840519	0.953759	17.0	0.10483	-0.886738	0.539738	18.0	0.0578065	-1.15855	0.211381	19.0	0.0681135	-1.12344	0.120364	20.0	-0.0482547	-0.952604	1.48516	21.0	-0.286521	-0.773067	0.770617	22.0	-0.248125	-0.778163	0.806911	23.0	0.233447	-0.707237	0.85388	24.0	0.243226	-0.689115	0.942692
32.05	0.0	-0.0464837	-0.844496	0.953539	1.0	-0.0493486	-0.902527	1.26277	2.0	-0.0480949	-0.947292	1.56501	3.0	-0.05225	-0.925869	1.70875	4.0	-0.234835	-0.891947	1.43426	5.0	-0.289779	-0.836703	1.13029	6.0	-0.293556	-0.756286	0.893451	7.0	-0.282508	-0.747732	0.832631	8.0	0.14203	-0.915142	1.43514	9.0	0.235613	-0.876811	1.19852	10.0	0.257631	-0.749372	0.981213	11.0	0.242289	-0.710076	0.915537	12.0	-0.112789	-0.803728	0.952809	13.0	-0.0921821	-0.785236	0.521811	14.0	-0.0606604	-0.772903	0.172959	15.0	-0.0242398	-0.66026	0.0883966	16.0	0.0461377	-0.814713	0.955884	17.0	0.103277	-0.837722	0.531866	18.0	0.0550268	-1.09859	0.20265	19.0	0.0670162	-1.05008	0.113173	20.0	-0.0491952	-0.938565	1.49039	21.0	-0.277532	-0.753941	0.757539	22.0	-0.223981	-0.724368	0.849813	23.0	0.236211	-0.69831	0.854334	24.0	0.246423	-0.67049	0.941523
32.085	0.0	-0.0507886	-0.819095	0.959384	1.0	-0.0530341	-0.8848	1.26661	2.0	-0.051022	-0.936948	1.56755	3.0	-0.0558742	-0.922968	1.71102	4.0	-0.23588	-0.868356	1.43849	5.0	-0.29413	-0.814797	1.13582	6.0	-0.292227	-0.733983	0.899304	7.0	-0.286602	-0.719716	0.860402	8.0	0.13742	-0.904255	1.43785	9.0	0.231214	-0.864422	1.20022	10.0	0.260737	-0.737547	0.983776	11.0	0.243341	-0.697696	0.914274	12.0	-0.116925	-0.777062	0.957659	13.0	-0.0951711	-0.776349	0.525474	14.0	-0.0608042	-0.770264	0.17301	15.0	-0.0245315	-0.6596	0.0876066	16.0	0.0419502	-0.790661	0.962571	17.0	0.100522	-0.77758	0.549328	18.0	0.0601763	-1.03324	0.207469	19.0	0.0722381	-0.975249	0.120297	20.0	-0.0523388	-0.926367	1.49321	21.0	-0.291295	-0.717345	0.776783	22.0	-0.246054	-0.736503	0.852035	23.0	0.238408	-0.68271	0.855012	24.0	0.204394	-0.683693	0.908147
32.117	0.0	-0.0506295	-0.792071	0.965186	1.0	-0.0557101	-0.863569	1.27087	2.0	-0.0557717	-0.922127	1.57047	3.0	-0.0595004	-0.918646	1.7133	4.0	-0.238347	-0.857607	1.43907	5.0	-0.296173	-0.775452	1.13963	6.0	-0.288594	-0.704524	0.900618	7.0	-0.286213	-0.681796	0.877723	8.0	0.130375	-0.888376	1.44129	9.0	0.228665	-0.849952	1.20167	10.0	0.25101	-0.713606	0.972855	11.0	0.248047	-0.68264	0.915921	12.0	-0.11803	-0.753855	0.96078	13.0	-0.0990804	-0.757835	0.517678	14.0	-0.0606721	-0.767686	0.171481	15.0	-0.0252804	-0.660206	0.0864595	16.0	0.0438195	-0.75932	0.971425	17.0	0.100549	-0.718747	0.565674	18.0	0.0609994	-0.946357	0.200127	19.0	0.076773	-0.868681	0.120862	20.0	-0.0566533	-0.909879	1.49642	21.0	-0.293051	-0.672028	0.791835	22.0	-0.257954	-0.734634	0.894032	23.0	0.245436	-0.664642	0.852212	24.0	0.208054	-0.671905	0.913727
32.15	0.0	-0.0490309	-0.773197	0.967854	1.0	-0.0565535	-0.85177	1.27103	2.0	-0.0583606	-0.915765	1.56906	3.0	-0.062876	-0.910626	1.71247	4.0	-0.239078	-0.849483	1.43945	5.0	-0.295205	-0.76695	1.14588	6.0	-0.291084	-0.671537	0.914545	7.0	-0.286255	-0.646464	0.885871	8.0	0.125675	-0.880934	1.44369	9.0	0.225281	-0.8302	1.19484	10.0	0.253756	-0.703094	0.972406	11.0	0.248622	-0.670184	0.912957	12.0	-0.115735	-0.730553	0.96211	13.0	-0.101096	-0.749409	0.515228	14.0	-0.0599833	-0.765948	0.170851	15.0	-0.0249216	-0.664267	0.0885482	16.0	0.044789	-0.744817	0.974807	17.0	0.102402	-0.677176	0.568732	18.0	0.0626389	-0.859235	0.218667	19.0	0.0804842	-0.763322	0.127514	20.0	-0.0588564	-0.902326	1.49533	21.0	-0.289175	-0.621861	0.806247	22.0	-0.267986	-0.654216	0.846564	23.0	0.245675	-0.655686	0.842222	24.0	0.243795	-0.632035	0.939228
32.185	0.0	-0.0527367	-0.752502	0.970952	1.0	-0.059267	-0.836893	1.27252	2.0	-0.0607273	-0.907753	1.56889	3.0	-0.0651457	-0.906188	1.71305	4.0	-0.24128	-0.833805	1.43985	5.0	-0.296751	-0.739982	1.14681	6.0	-0.287036	-0.628238	0.92228	7.0	-0.283377	-0.606797	0.891424	8.0	0.123701	-0.871116	1.44494	9.0	0.225775	-0.820513	1.19516	10.0	0.260492	-0.692734	0.976004	11.0	0.251673	-0.658058	0.912071	12.0	-0.119204	-0.709704	0.964293	13.0	-0.102987	-0.737187	0.513773	14.0	-0.0579197	-0.760021	0.169071	15.0	-0.0201749	-0.661443	0.0896289	16.0	0.0410002	-0.724802	0.97883	17.0	0.105837	-0.626075	0.567697	18.0	0.0661392	-0.75931	0.214418	19.0	0.0876385	-0.662748	0.121638	20.0	-0.0612876	-0.892567	1.49553	21.0	-0.279762	-0.589317	0.808127	22.0	-0.246924	-0.610553	0.871835	23.0	0.24771	-0.642908	0.842675	24.0	0.257811	-0.612586	0.93578
32.218	0.0	-0.0524188	-0.732626	0.971532	1.0	-0.05967	-0.821756	1.27204	2.0	-0.0620525	-0.897911	1.56723	3.0	-0.0672121	-0.902617	1.71333	4.0	-0.247972	-0.815831	1.4344	5.0	-0.295572	-0.722197	1.14844	6.0	-0.283067	-0.598537	0.930047	7.0	-0.27541	-0.560902	0.892354	8.0	0.121251	-0.860751	1.44053	9.0	0.223686	-0.811598	1.19467	10.0	0.262505	-0.686655	0.977524	11.0	0.251402	-0.651477	0.91042	12.0	-0.118618	-0.686952	0.965015	13.0	-0.105992	-0.718451	0.511856	14.0	-0.0547389	-0.749771	0.166694	15.0	-0.0274681	-0.657164	0.0911853	16.0	0.0411682	-0.707503	0.979338	17.0	0.104908	-0.566765	0.577337	18.0	0.0710779	-0.666384	0.216639	19.0	0.103173	-0.563668	0.13214	20.0	-0.0623716	-0.881294	1.49415	21.0	-0.268699	-0.542291	0.822541	22.0	-0.248206	-0.560311	0.865146	23.0	0.253759	-0.638434	0.841592	24.0	0.267768	-0.613366	0.938486
32.25	0.0	-0.0516383	-0.718214	0.968172	1.0	-0.0617729	-0.809156	1.26937	2.0	-0.0671624	-0.887081	1.56463	3.0	-0.0707059	-0.890024	1.71069	4.0	-0.248307	-0.806257	1.43347	5.0	-0.29735	-0.705668	1.15305	6.0	-0.278366	-0.584527	0.933893	7.0	-0.279027	-0.544239	0.897165	8.0	0.118338	-0.847413	1.43647	9.0	0.222614	-0.793688	1.18618	10.0	0.266464	-0.670694	0.970909	11.0	0.256655	-0.636703	0.901671	12.0	-0.11806	-0.673772	0.961659	13.0	-0.111169	-0.698645	0.511874	14.0	-0.0622335	-0.732106	0.195887	15.0	-0.036027	-0.65397	0.106386	16.0	0.0422673	-0.691957	0.976098	17.0	0.103603	-0.515758	0.58799	18.0	0.0871761	-0.574172	0.248776	19.0	0.113083	-0.460499	0.15238	20.0	-0.0666819	-0.869987	1.49161	21.0	-0.279827	-0.533163	0.828835	22.0	-0.239971	-0.523347	0.888912	23.0	0.249928	-0.619866	0.830888	24.0	0.267778	-0.598572	0.93603
32.285	0.0	-0.0530969	-0.7023	0.972101	1.0	-0.0633993	-0.800958	1.27029	2.0	-0.0687243	-0.884173	1.56394	3.0	-0.072755	-0.886171	1.70986	4.0	-0.250918	-0.799766	1.43104	5.0	-0.298352	-0.683981	1.15565	6.0	-0.278125	-0.559494	0.938519	7.0	-0.272315	-0.514234	0.900176	8.0	0.114656	-0.836564	1.43258	9.0	0.222374	-0.787625	1.18385	10.0	0.267287	-0.665834	0.968373	11.0	0.258382	-0.629128	0.905072	12.0	-0.118937	-0.655002	0.966263	13.0	-0.122268	-0.661383	0.551859	14.0	-0.0709554	-0.721102	0.212895	15.0	-0.0491014	-0.641326	0.124282	16.0	0.0404649	-0.678644	0.979328	17.0	0.102539	-0.469672	0.650172	18.0	0.0882394	-0.479688	0.253828	19.0	0.12713	-0.34809	0.180733	20.0	-0.0682772	-0.866024	1.4912	21.0	-0.268235	-0.503381	0.829092	22.0	-0.251866	-0.524356	0.862068	23.0	0.243212	-0.605205	0.827226	24.0	0.227276	-0.609841	0.904311
32.318	0.0	-0.0482072	-0.690734	0.964425	1.0	-0.0628329	-0.792016	1.26428	2.0	-0.0717211	-0.878539	1.55842	3.0	-0.0759863	-0.88338	1.70758	4.0	-0.250869	-0.773921	1.41841	5.0	-0.299004	-0.668012	1.15707	6.0	-0.27463	-0.526093	0.950914	7.0	-0.267787	-0.48819	0.90129	8.0	0.112821	-0.827877	1.42874	9.0	0.223232	-0.777045	1.1807	10.0	0.270376	-0.651096	0.963828	11.0	0.261882	-0.618674	0.895209	12.0	-0.114068	-0.641065	0.951973	13.0	-0.128744	-0.623487	0.601493	14.0	-0.0845305	-0.678175	0.289547	15.0	-0.0636575	-0.595525	0.212519	16.0	0.0454455	-0.668659	0.976594	17.0	0.108379	-0.426685	0.657152	18.0	0.09336	-0.387056	0.273802	19.0	0.123578	-0.249876	0.21606	20.0	-0.0704181	-0.859537	1.48569	21.0	-0.254766	-0.4805	0.832809	22.0	-0.237969	-0.494511	0.880069	23.0	0.252753	-0.60317	0.820183	24.0	0.247378	-0.577923	0.883402
32.351	0.0	-0.0507346	-0.66213	0.966982	1.0	-0.0631168	-0.77302	1.26184	2.0	-0.0713558	-0.868474	1.55277	3.0	-0.076551	-0.875362	1.70157	4.0	-0.256925	-0.764194	1.4139	5.0	-0.301191	-0.658615	1.16204	6.0	-0.27427	-0.523287	0.952488	7.0	-0.266391	-0.462485	0.890161	8.0	0.111869	-0.821389	1.42684	9.0	0.224667	-0.762782	1.1706	10.0	0.272914	-0.642761	0.95581	11.0	0.262368	-0.606081	0.883693	12.0	-0.117826	-0.619003	0.959943	13.0	-0.134163	-0.617931	0.603276	14.0	-0.0952847	-0.672502	0.29068	15.0	-0.0677227	-0.536715	0.246301	16.0	0.044566	-0.632729	0.973924	17.0	0.093166	-0.36162	0.579146	18.0	0.0979016	-0.314048	0.259582	19.0	0.125987	-0.151914	0.239289	20.0	-0.0701236	-0.847333	1.48066	21.0	-0.258186	-0.44944	0.833452	22.0	-0.264112	-0.447611	0.835329	23.0	0.248591	-0.58769	0.808985	24.0	0.232356	-0.57243	0.857211
32.385	0.0	-0.0540996	-0.647004	0.964441	1.0	-0.0669228	-0.75995	1.25783	2.0	-0.0753753	-0.859447	1.54659	3.0	-0.0796638	-0.869425	1.69477	4.0	-0.256749	-0.760427	1.41288	5.0	-0.301841	-0.647432	1.16597	6.0	-0.274806	-0.513979	0.955302	7.0	-0.267434	-0.447985	0.894622	8.0	0.113808	-0.809848	1.41432	9.0	0.225466	-0.748807	1.16233	10.0	0.274298	-0.630928	0.9466	11.0	0.260179	-0.596437	0.877869	12.0	-0.120908	-0.597173	0.959436	13.0	-0.138621	-0.609155	0.60488	14.0	-0.100383	-0.665488	0.292587	15.0	-0.0734811	-0.529709	0.247311	16.0	0.0413456	-0.624364	0.971023	17.0	0.0817583	-0.310017	0.599527	18.0	0.097984	-0.220556	0.287602	19.0	0.124436	-0.0628271	0.264995	20.0	-0.0741	-0.837097	1.47507	21.0	-0.250592	-0.433132	0.832166	22.0	-0.231783	-0.441915	0.871071	23.0	0.243598	-0.574181	0.798996	24.0	0.223525	-0.579552	0.873044
32.418	0.0	-0.0586804	-0.628334	0.956196	1.0	-0.0700715	-0.743598	1.25101	2.0	-0.0773788	-0.846286	1.5403	3.0	-0.0801214	-0.857754	1.69027	4.0	-0.257061	-0.744708	1.40672	5.0	-0.303205	-0.618861	1.1626	6.0	-0.272636	-0.463381	0.96056	7.0	-0.265772	-0.430863	0.903892	8.0	0.113995	-0.795328	1.40726	9.0	0.221188	-0.73348	1.15714	10.0	0.273408	-0.615265	0.942325	11.0	0.263085	-0.580938	0.870808	12.0	-0.124965	-0.580285	0.95313	13.0	-0.14546	-0.584944	0.611888	14.0	-0.0463224	-0.742433	0.221389	15.0	-0.0184681	-0.654072	0.108829	16.0	0.0362328	-0.605908	0.961186	17.0	0.0948909	-0.265702	0.621189	18.0	0.0847712	-0.140843	0.31968	19.0	0.129001	0.0135473	0.281961	20.0	-0.0763674	-0.822948	1.4687	21.0	-0.245922	-0.41044	0.832572	22.0	-0.232946	-0.420705	0.918345	23.0	0.24808	-0.567394	0.79072	24.0	0.236618	-0.533088	0.855592
32.45	0.0	-0.0618841	-0.61592	0.950035	1.0	-0.0713385	-0.733413	1.24573	2.0	-0.0770742	-0.83819	1.53544	3.0	-0.0818301	-0.848698	1.68425	4.0	-0.254439	-0.728141	1.40405	5.0	-0.301602	-0.610716	1.16326	6.0	-0.272496	-0.456214	0.959719	7.0	-0.2663	-0.411933	0.899261	8.0	0.110332	-0.782495	1.40407	9.0	0.21945	-0.72044	1.1503	10.0	0.273427	-0.602903	0.935566	11.0	0.264697	-0.566144	0.860456	12.0	-0.128854	-0.569332	0.945853	13.0	-0.159318	-0.56469	0.608963	14.0	-0.0629262	-0.702027	0.208483	15.0	-0.0188192	-0.644512	0.0890686	16.0	0.033613	-0.59163	0.956039	17.0	0.103095	-0.238969	0.625053	18.0	0.0854445	-0.089272	0.333743	19.0	0.12905	0.0431074	0.28502	20.0	-0.07642	-0.814339	1.46379	21.0	-0.254913	-0.408941	0.828312	22.0	-0.239402	-0.414108	0.887661	23.0	0.259673	-0.554864	0.787113	24.0	0.233572	-0.537163	0.87002
32.484	0.0	-0.0674243	-0.582302	0.945057	1.0	-0.0759238	-0.703732	1.23635	2.0	-0.0805802	-0.812264	1.52169	3.0	-0.0776717	-0.825742	1.66817	4.0	-0.252564	-0.707007	1.39318	5.0	-0.305707	-0.588756	1.15675	6.0	-0.271791	-0.437357	0.955786	7.0	-0.265108	-0.39203	0.901181	8.0	0.110557	-0.766923	1.39861	9.0	0.220201	-0.707189	1.14438	10.0	0.271352	-0.570385	0.913037	11.0	0.266636	-0.548257	0.861078	12.0	-0.13748	-0.542687	0.942013	13.0	-0.161984	-0.550563	0.606677	14.0	-0.0682014	-0.696014	0.207148	15.0	-0.019164	-0.643677	0.0877828	16.0	0.0321465	-0.550358	0.949826	17.0	0.0832472	-0.189423	0.645583	18.0	0.0880705	-0.042632	0.350828	19.0	0.107681	0.109522	0.298284	20.0	-0.080202	-0.787483	1.45117	21.0	-0.257693	-0.378092	0.83328	22.0	-0.254929	-0.384401	0.821614	23.0	0.260182	-0.535935	0.791134	24.0	0.247119	-0.506227	0.869418
32.517	0.0	-0.0662217	-0.571688	0.946595	1.0	-0.0743333	-0.691899	1.23734	2.0	-0.0785242	-0.799879	1.52192	3.0	-0.076778	-0.820133	1.66902	4.0	-0.250212	-0.698545	1.39305	5.0	-0.308213	-0.578255	1.15391	6.0	-0.273632	-0.424233	0.957818	7.0	-0.267056	-0.379362	0.901005	8.0	0.103429	-0.743514	1.39032	9.0	0.217205	-0.690518	1.14158	10.0	0.271874	-0.565422	0.916068	11.0	0.268126	-0.53127	0.857379	12.0	-0.136511	-0.525092	0.94301	13.0	-0.172378	-0.532298	0.609181	14.0	-0.0692585	-0.691385	0.217491	15.0	-0.0273257	-0.64814	0.094785	16.0	0.0330654	-0.545622	0.951443	17.0	0.0831317	-0.202891	0.718009	18.0	0.0882629	-0.0518153	0.374642	19.0	0.105511	0.099698	0.319293	20.0	-0.0782672	-0.775159	1.4516	21.0	-0.262849	-0.374177	0.824974	22.0	-0.234742	-0.383233	0.896347	23.0	0.263652	-0.515625	0.790498	24.0	0.271035	-0.499574	0.888361
32.55	0.0	-0.0637755	-0.556521	0.953906	1.0	-0.0729432	-0.675961	1.24041	2.0	-0.0780225	-0.782244	1.52085	3.0	-0.0779737	-0.808435	1.66869	4.0	-0.248991	-0.678834	1.39056	5.0	-0.308777	-0.560161	1.15156	6.0	-0.274627	-0.396729	0.94994	7.0	-0.267994	-0.362116	0.898928	8.0	0.101761	-0.727551	1.39112	9.0	0.217929	-0.663088	1.13177	10.0	0.271123	-0.532738	0.909487	11.0	0.267754	-0.504259	0.851956	12.0	-0.136031	-0.519169	0.945634	13.0	-0.17365	-0.531022	0.612766	14.0	-0.0688168	-0.689984	0.221428	15.0	-0.0269432	-0.649596	0.0984733	16.0	0.0384517	-0.519944	0.965455	17.0	0.080166	-0.193165	0.718217	18.0	0.0804068	-0.0161337	0.365045	19.0	0.103947	0.130128	0.301493	20.0	-0.0775529	-0.758044	1.45159	21.0	-0.257585	-0.346771	0.831426	22.0	-0.235332	-0.356866	0.838175	23.0	0.267691	-0.490013	0.782263	24.0	0.240263	-0.468553	0.848677
32.584	0.0	-0.0777245	-0.534359	0.949636	1.0	-0.0790564	-0.660745	1.23854	2.0	-0.0789646	-0.772949	1.5205	3.0	-0.0840987	-0.790884	1.66602	4.0	-0.248113	-0.665336	1.38955	5.0	-0.307774	-0.537742	1.14289	6.0	-0.274767	-0.390396	0.942444	7.0	-0.272012	-0.345738	0.890208	8.0	0.0964918	-0.708875	1.39383	9.0	0.21586	-0.648353	1.13282	10.0	0.271967	-0.525467	0.915224	11.0	0.267579	-0.487491	0.854042	12.0	-0.149117	-0.48932	0.946486	13.0	-0.190825	-0.531854	0.620708	14.0	-0.0712816	-0.688162	0.232121	15.0	-0.0459936	-0.552669	0.183527	16.0	0.0231771	-0.506259	0.955926	17.0	0.0774308	-0.183344	0.715332	18.0	0.0762312	-0.0291834	0.371531	19.0	0.0933606	0.118881	0.309334	20.0	-0.0795552	-0.747398	1.45092	21.0	-0.264985	-0.329038	0.818043	22.0	-0.236274	-0.34447	0.881422	23.0	0.260331	-0.481241	0.774764	24.0	0.244988	-0.453946	0.861136
32.617	0.0	-0.0712758	-0.521041	0.945434	1.0	-0.0767046	-0.638621	1.23547	2.0	-0.0804829	-0.741051	1.51971	3.0	-0.0860935	-0.76902	1.6681	4.0	-0.247277	-0.642936	1.38726	5.0	-0.313329	-0.5225	1.1417	6.0	-0.27966	-0.374531	0.941973	7.0	-0.2775	-0.334466	0.888842	8.0	0.0986635	-0.679405	1.39349	9.0	0.215009	-0.610207	1.13063	10.0	0.269312	-0.494377	0.909245	11.0	0.264714	-0.467073	0.854112	12.0	-0.141919	-0.474962	0.938513	13.0	-0.229081	-0.544031	0.576939	14.0	-0.0685447	-0.699743	0.202511	15.0	-0.0224747	-0.652483	0.080765	16.0	0.028446	-0.496115	0.954505	17.0	0.0707318	-0.184802	0.750116	18.0	0.067347	-0.023992	0.362472	19.0	0.0835141	0.126318	0.304295	20.0	-0.0801705	-0.717837	1.44941	21.0	-0.262357	-0.330425	0.807256	22.0	-0.236446	-0.31534	0.872253	23.0	0.264973	-0.461402	0.78305	24.0	0.239106	-0.427179	0.849156
32.651	0.0	-0.0672232	-0.491242	0.94321	1.0	-0.0765679	-0.611675	1.23546	2.0	-0.0819818	-0.720448	1.52113	3.0	-0.0875571	-0.728267	1.67048	4.0	-0.248413	-0.623647	1.39053	5.0	-0.315043	-0.49777	1.12499	6.0	-0.277438	-0.360196	0.91907	7.0	-0.277733	-0.307122	0.864643	8.0	0.0928686	-0.629814	1.38523	9.0	0.214066	-0.59512	1.12833	10.0	0.266284	-0.475233	0.908486	11.0	0.259827	-0.443905	0.846669	12.0	-0.139387	-0.454521	0.936332	13.0	-0.225258	-0.5306	0.582622	14.0	-0.0712236	-0.693621	0.20892	15.0	-0.0556139	-0.556649	0.162089	16.0	0.0346145	-0.456603	0.952284	17.0	0.0678604	-0.160574	0.731341	18.0	0.0601424	-0.0336685	0.350388	19.0	0.0768051	0.120088	0.298932	20.0	-0.0814355	-0.695568	1.45057	21.0	-0.273375	-0.299988	0.81552	22.0	-0.264248	-0.305637	0.804275	23.0	0.261555	-0.432799	0.784536	24.0	0.227231	-0.414336	0.840684
32.685	0.0	-0.0665293	-0.479838	0.947442	1.0	-0.0744422	-0.591105	1.24014	2.0	-0.0775588	-0.687042	1.52603	3.0	-0.0897477	-0.71358	1.67129	4.0	-0.252701	-0.608932	1.40003	5.0	-0.316719	-0.484891	1.12634	6.0	-0.288915	-0.32339	0.935832	7.0	-0.284929	-0.300742	0.885279	8.0	0.093486	-0.616974	1.3895	9.0	0.215999	-0.568651	1.13326	10.0	0.266037	-0.442395	0.907643	11.0	0.259483	-0.418431	0.8551	12.0	-0.137199	-0.441269	0.939215	13.0	-0.222877	-0.515703	0.591287	14.0	-0.0742217	-0.687165	0.219539	15.0	-0.0573062	-0.54902	0.174914	16.0	0.0339718	-0.447599	0.957415	17.0	0.0672075	-0.158834	0.728037	18.0	0.0537592	-0.0440238	0.34772	19.0	0.0647258	0.106355	0.28988	20.0	-0.0776679	-0.665595	1.45546	21.0	-0.268111	-0.287782	0.813789	22.0	-0.237382	-0.286059	0.864498	23.0	0.255843	-0.406344	0.787861	24.0	0.230789	-0.385154	0.849188
32.718	0.0	-0.0232277	-0.468508	0.942548	1.0	-0.062287	-0.572065	1.23904	2.0	-0.0860086	-0.652421	1.52788	3.0	-0.0970608	-0.675008	1.67873	4.0	-0.257902	-0.584069	1.40076	5.0	-0.314284	-0.470172	1.12925	6.0	-0.289267	-0.319104	0.930411	7.0	-0.283657	-0.280625	0.873927	8.0	0.0956406	-0.591945	1.39993	9.0	0.210873	-0.52988	1.13301	10.0	0.265364	-0.417237	0.909093	11.0	0.26141	-0.390082	0.857742	12.0	-0.092836	-0.428215	0.927968	13.0	0.0534777	-0.142788	0.581291	14.0	-0.000376192	-0.477301	0.322132	15.0	0.0151758	-0.337968	0.279127	16.0	0.0756319	-0.438046	0.958775	17.0	0.0674991	-0.158915	0.719728	18.0	0.0561521	-0.0476769	0.340672	19.0	0.0553389	0.0932496	0.269711	20.0	-0.0799773	-0.636401	1.45638	21.0	-0.259325	-0.256484	0.79298	22.0	-0.237152	-0.269949	0.873967	23.0	0.256208	-0.381447	0.787236	24.0	0.273578	-0.353017	0.881009
32.75	0.0	-0.0269615	-0.437099	0.941034	1.0	-0.059091	-0.525476	1.24049	2.0	-0.0853292	-0.610622	1.53326	3.0	-0.102718	-0.622864	1.68566	4.0	-0.266857	-0.528749	1.38196	5.0	-0.316316	-0.444396	1.1218	6.0	-0.290917	-0.295905	0.921421	7.0	-0.28532	-0.263197	0.870107	8.0	0.0913725	-0.538677	1.40173	9.0	0.209749	-0.502292	1.13568	10.0	0.262643	-0.383329	0.912391	11.0	0.258783	-0.361005	0.855795	12.0	-0.0989039	-0.404129	0.924433	13.0	0.0125104	-0.15663	0.524705	14.0	-0.0294898	-0.531841	0.328705	15.0	-0.0157759	-0.391996	0.286551	16.0	0.0748971	-0.398142	0.960241	17.0	0.0713014	-0.149114	0.692694	18.0	0.0584588	-0.0427726	0.32035	19.0	0.0458562	0.0915148	0.244262	20.0	-0.0796074	-0.59004	1.46116	21.0	-0.287527	-0.243373	0.798892	22.0	-0.270471	-0.245094	0.788511	23.0	0.255335	-0.35007	0.788234	24.0	0.245595	-0.32693	0.88766
32.785	0.0	-0.0312867	-0.419995	0.933413	1.0	-0.0631256	-0.500654	1.23515	2.0	-0.0905799	-0.560311	1.5306	3.0	-0.105734	-0.590797	1.67811	4.0	-0.264675	-0.511636	1.38945	5.0	-0.318432	-0.408708	1.11465	6.0	-0.290217	-0.264184	0.911854	7.0	-0.28453	-0.230641	0.853582	8.0	0.09283	-0.504293	1.40196	9.0	0.212012	-0.463182	1.13925	10.0	0.266204	-0.356309	0.911379	11.0	0.25944	-0.331983	0.857126	12.0	-0.102512	-0.387051	0.916132	13.0	0.0111887	-0.151051	0.511082	14.0	-0.029058	-0.526845	0.315863	15.0	-0.0194355	-0.386235	0.275719	16.0	0.0697763	-0.382467	0.953355	17.0	0.0348659	-0.139783	0.612703	18.0	0.0204047	-0.0163912	0.214689	19.0	0.0141922	0.114317	0.16452	20.0	-0.0845213	-0.549425	1.4575	21.0	-0.281879	-0.216569	0.797146	22.0	-0.251659	-0.23213	0.827509	23.0	0.25041	-0.330629	0.779473	24.0	0.215966	-0.316905	0.821187
32.817	0.0	-0.0311375	-0.393401	0.930082	1.0	-0.0606533	-0.46792	1.23402	2.0	-0.0859534	-0.534958	1.53146	3.0	-0.109855	-0.535534	1.67891	4.0	-0.268081	-0.487053	1.39588	5.0	-0.318504	-0.395527	1.11048	6.0	-0.290639	-0.253796	0.905635	7.0	-0.281591	-0.207603	0.845483	8.0	0.0910106	-0.462028	1.40465	9.0	0.214287	-0.427704	1.13635	10.0	0.266491	-0.314244	0.915236	11.0	0.260379	-0.299325	0.848506	12.0	-0.0988802	-0.358494	0.911407	13.0	0.00453358	-0.149112	0.491918	14.0	-0.0291887	-0.525661	0.29679	15.0	-0.0244612	-0.385298	0.256978	16.0	0.0665814	-0.357502	0.951082	17.0	0.0326914	-0.139813	0.613099	18.0	0.0182402	-0.0164156	0.215082	19.0	0.00341254	0.104593	0.146645	20.0	-0.0802768	-0.519659	1.45804	21.0	-0.285744	-0.197044	0.792376	22.0	-0.270905	-0.203802	0.811413	23.0	0.253846	-0.301134	0.781904	24.0	0.270795	-0.257653	0.888886
32.85	0.0	-0.0521902	-0.34124	0.919455	1.0	-0.0754605	-0.415977	1.22897	2.0	-0.0937797	-0.478796	1.53149	3.0	-0.109921	-0.490476	1.68143	4.0	-0.26385	-0.433048	1.39983	5.0	-0.321832	-0.367946	1.10768	6.0	-0.295005	-0.234172	0.897597	7.0	-0.28948	-0.197805	0.836384	8.0	0.097838	-0.421184	1.4037	9.0	0.218403	-0.37624	1.13486	10.0	0.274671	-0.274003	0.913807	11.0	0.266514	-0.256148	0.855926	12.0	-0.116603	-0.310766	0.899259	13.0	-0.00204557	-0.144517	0.466032	14.0	-0.0306505	-0.522588	0.273011	15.0	-0.021466	-0.38209	0.233589	16.0	0.0426144	-0.301735	0.942256	17.0	0.0293067	-0.140401	0.61262	18.0	0.0148657	-0.0170074	0.214606	19.0	0.0254296	0.122459	0.176899	20.0	-0.090133	-0.465312	1.45679	21.0	-0.28586	-0.188241	0.759229	22.0	-0.241302	-0.167856	0.8035	23.0	0.261678	-0.244722	0.791028	24.0	0.267489	-0.213905	0.881475
32.885	0.0	-0.0490022	-0.324809	0.916759	1.0	-0.0713786	-0.389509	1.22756	2.0	-0.088663	-0.439692	1.53209	3.0	-0.107725	-0.432943	1.68158	4.0	-0.262968	-0.400943	1.39342	5.0	-0.323339	-0.331528	1.09445	6.0	-0.30275	-0.202996	0.880559	7.0	-0.289438	-0.179028	0.817542	8.0	0.0972101	-0.363837	1.39957	9.0	0.223221	-0.34046	1.13152	10.0	0.277626	-0.243395	0.90767	11.0	0.266172	-0.220767	0.84775	12.0	-0.114235	-0.29439	0.897549	13.0	-0.00518393	-0.140539	0.458773	14.0	-0.0339534	-0.519031	0.266666	15.0	-0.0323792	-0.3792	0.228001	16.0	0.0467568	-0.285148	0.938609	17.0	-0.0114894	-0.114698	0.611104	18.0	-0.0257616	0.00864823	0.213091	19.0	-0.0223567	0.147239	0.176111	20.0	-0.0852933	-0.429608	1.45684	21.0	-0.29059	-0.170483	0.762151	22.0	-0.243598	-0.166755	0.801697	23.0	0.255172	-0.229983	0.767246	24.0	0.236084	-0.195669	0.84584
32.917	0.0	-0.0454429	-0.288146	0.90958	1.0	-0.0660611	-0.337258	1.22326	2.0	-0.0820792	-0.380199	1.53087	3.0	-0.107809	-0.380155	1.68504	4.0	-0.260667	-0.337134	1.38374	5.0	-0.323863	-0.297838	1.09279	6.0	-0.301981	-0.17453	0.876072	7.0	-0.294496	-0.160675	0.819625	8.0	0.105215	-0.314356	1.39706	9.0	0.222713	-0.287255	1.13006	10.0	0.27628	-0.189879	0.900677	11.0	0.270475	-0.174453	0.843268	12.0	-0.110564	-0.258428	0.888171	13.0	-0.00274837	-0.130459	0.442607	14.0	-0.0330622	-0.50904	0.251054	15.0	-0.0275634	-0.369063	0.212727	16.0	0.0504299	-0.247839	0.933854	17.0	0.0219001	-0.118675	0.590324	18.0	0.00752801	0.00474168	0.192385	19.0	0.0144908	0.143616	0.155825	20.0	-0.0790368	-0.371675	1.45494	21.0	-0.288757	-0.167394	0.729817	22.0	-0.261797	-0.166682	0.846261	23.0	0.266233	-0.165901	0.778337	24.0	0.255143	-0.136435	0.843448
32.95	0.0	-0.0448415	-0.254653	0.914006	1.0	-0.0667779	-0.296199	1.2255	2.0	-0.0836845	-0.324621	1.52934	3.0	-0.104225	-0.325625	1.68586	4.0	-0.263729	-0.307145	1.39577	5.0	-0.321788	-0.278152	1.09229	6.0	-0.306765	-0.167606	0.868707	7.0	-0.295427	-0.148837	0.795918	8.0	0.100999	-0.275234	1.39933	9.0	0.223353	-0.23688	1.13153	10.0	0.272456	-0.154478	0.899744	11.0	0.271305	-0.133608	0.842643	12.0	-0.110154	-0.225415	0.892519	13.0	0.000703196	-0.111566	0.444539	14.0	-0.0304426	-0.488326	0.249475	15.0	-0.0268439	-0.348814	0.211068	16.0	0.0514881	-0.214092	0.938279	17.0	0.0424704	-0.0987612	0.604902	18.0	0.0281626	0.0243511	0.208296	19.0	0.0330822	0.162865	0.171505	20.0	-0.0804625	-0.318635	1.45441	21.0	-0.290471	-0.136507	0.729541	22.0	-0.26419	-0.144296	0.760783	23.0	0.263106	-0.138357	0.768046	24.0	0.231219	-0.116386	0.812596
32.985	0.0	-0.0418913	-0.223169	0.91143	1.0	-0.0653731	-0.259991	1.22589	2.0	-0.0836694	-0.285311	1.53332	3.0	-0.101469	-0.268645	1.68339	4.0	-0.260482	-0.246481	1.39385	5.0	-0.316839	-0.239719	1.08942	6.0	-0.306483	-0.159466	0.854256	7.0	-0.300804	-0.139735	0.808658	8.0	0.101898	-0.224377	1.3999	9.0	0.217756	-0.206367	1.13334	10.0	0.267283	-0.114212	0.906013	11.0	0.267676	-0.0906702	0.841841	12.0	-0.107358	-0.190342	0.892545	13.0	0.00316349	-0.0920348	0.441582	14.0	-0.0291561	-0.470877	0.250958	15.0	-0.0228074	-0.331513	0.212576	16.0	0.0547934	-0.185785	0.93342	17.0	0.0538182	-0.0610288	0.584871	18.0	0.0394305	0.0624441	0.186898	19.0	-0.0170203	0.104318	0.0851313	20.0	-0.0800984	-0.28201	1.45736	21.0	-0.288635	-0.146015	0.721651	22.0	-0.272961	-0.150149	0.853414	23.0	0.265942	-0.0840053	0.777981	24.0	0.235522	-0.0652672	0.832351
33.018	0.0	-0.0538119	-0.204831	0.911354	1.0	-0.0683766	-0.231954	1.2274	2.0	-0.0736107	-0.239696	1.53702	3.0	-0.0965988	-0.221198	1.68546	4.0	-0.260184	-0.225803	1.40071	5.0	-0.319691	-0.215466	1.09356	6.0	-0.307193	-0.154732	0.85335	7.0	-0.303661	-0.128479	0.810828	8.0	0.107372	-0.189217	1.40257	9.0	0.219679	-0.157945	1.14015	10.0	0.264009	-0.0694101	0.910361	11.0	0.246546	-0.0582604	0.839934	12.0	-0.116501	-0.173896	0.895105	13.0	0.0044738	-0.0832591	0.444939	14.0	-0.0428769	-0.463284	0.260539	15.0	-0.040153	-0.324715	0.221344	16.0	0.0400997	-0.165735	0.930172	17.0	0.0580884	-0.0462454	0.585989	18.0	0.0437088	0.0772357	0.187998	19.0	-0.0160579	0.101453	0.0885447	20.0	-0.073823	-0.240006	1.46057	21.0	-0.295991	-0.140216	0.721625	22.0	-0.27991	-0.155116	0.824944	23.0	0.243143	-0.0558931	0.765256	24.0	0.168035	-0.100986	0.859678
33.05	0.0	-0.0703017	-0.176986	0.912677	1.0	-0.0742084	-0.198754	1.22917	2.0	-0.0717004	-0.209787	1.53833	3.0	-0.090874	-0.179918	1.69023	4.0	-0.26152	-0.184525	1.40821	5.0	-0.322325	-0.188544	1.09635	6.0	-0.310799	-0.133686	0.854788	7.0	-0.307043	-0.114356	0.80412	8.0	0.109767	-0.161357	1.40484	9.0	0.215906	-0.141126	1.14341	10.0	0.258512	-0.043464	0.916442	11.0	0.230827	-0.0226343	0.843848	12.0	-0.131689	-0.146694	0.899146	13.0	0.00268377	-0.0762628	0.450153	14.0	-0.0453306	-0.455228	0.26369	15.0	-0.038439	-0.316125	0.22444	16.0	0.0232566	-0.137977	0.928962	17.0	0.0680332	-0.0426361	0.591256	18.0	0.0518027	0.077147	0.215276	19.0	-0.00302995	0.0990844	0.112243	20.0	-0.0733547	-0.209357	1.46204	21.0	-0.304203	-0.127523	0.7298	22.0	-0.281335	-0.133422	0.741906	23.0	0.234768	-0.00651204	0.766643	24.0	0.160317	-0.0523422	0.856869
33.084	0.0	-0.0728972	-0.145832	0.914307	1.0	-0.0711664	-0.163732	1.23142	2.0	-0.0629767	-0.167973	1.54125	3.0	-0.0818812	-0.137473	1.68969	4.0	-0.252213	-0.155633	1.41254	5.0	-0.322749	-0.161142	1.09985	6.0	-0.310512	-0.130618	0.854932	7.0	-0.308009	-0.110253	0.814636	8.0	0.117509	-0.125486	1.40549	9.0	0.21606	-0.112374	1.14318	10.0	0.254113	-0.00188027	0.920643	11.0	0.216235	0.0158883	0.842269	12.0	-0.133894	-0.1169	0.901169	13.0	0.0333475	-0.0555873	0.501213	14.0	-0.0449706	-0.404456	0.270562	15.0	-0.0398155	-0.265539	0.23087	16.0	0.0205784	-0.105433	0.930265	17.0	0.0578273	-0.0306887	0.589817	18.0	0.041617	0.0894596	0.223036	19.0	-0.00523975	0.100927	0.116578	20.0	-0.0660987	-0.169104	1.46482	21.0	-0.304154	-0.107084	0.732372	22.0	-0.276167	-0.151857	0.842429	23.0	0.228064	0.0309293	0.781881	24.0	0.151261	-0.00477	0.843207
33.118	0.0	-0.0816056	-0.12321	0.915981	1.0	-0.072687	-0.142598	1.2339	2.0	-0.0587625	-0.148753	1.54435	3.0	-0.0757648	-0.104011	1.6931	4.0	-0.250638	-0.132624	1.4183	5.0	-0.320095	-0.141231	1.10518	6.0	-0.30912	-0.100241	0.861208	7.0	-0.306462	-0.0857681	0.824219	8.0	0.121486	-0.102413	1.40719	9.0	0.219652	-0.0859975	1.15517	10.0	0.245901	0.0204007	0.92922	11.0	0.206611	0.0480251	0.853808	12.0	-0.141097	-0.0974324	0.903445	13.0	0.0296326	-0.0511144	0.499361	14.0	-0.0558706	-0.385404	0.249824	15.0	-0.0503897	-0.246281	0.210411	16.0	0.0106458	-0.0796819	0.931229	17.0	0.0579835	-0.0266276	0.590484	18.0	0.0408196	0.0954731	0.22442	19.0	-0.00520845	0.102183	0.118171	20.0	-0.0632433	-0.14956	1.46776	21.0	-0.305899	-0.0899828	0.734699	22.0	-0.253744	-0.0607746	0.802644	23.0	0.215419	0.0696344	0.793329	24.0	0.140662	0.0236331	0.865539
33.151	0.0	-0.0792627	-0.0914823	0.915493	1.0	-0.0676403	-0.105674	1.23567	2.0	-0.0505745	-0.108278	1.54848	3.0	-0.0685909	-0.0763944	1.69683	4.0	-0.245857	-0.0965997	1.42193	5.0	-0.319982	-0.114042	1.10515	6.0	-0.311228	-0.0808643	0.860219	7.0	-0.309835	-0.0654399	0.825331	8.0	0.130605	-0.0716936	1.40904	9.0	0.22291	-0.0588955	1.16047	10.0	0.239902	0.0517078	0.935516	11.0	0.198038	0.0775006	0.864082	12.0	-0.139706	-0.063721	0.903439	13.0	0.0382772	-0.0523821	0.501599	14.0	-0.0551783	-0.351951	0.212266	15.0	-0.0480058	-0.212989	0.172958	16.0	0.0141918	-0.050258	0.930422	17.0	0.0396438	-0.0215202	0.58873	18.0	0.0251658	0.102175	0.199099	19.0	-0.0181107	0.0952321	0.0956249	20.0	-0.0558354	-0.109748	1.47132	21.0	-0.315789	-0.0710702	0.743403	22.0	-0.27718	-0.0527026	0.777179	23.0	0.198565	0.102336	0.798657	24.0	0.132281	0.0513611	0.881999
33.184	0.0	-0.0830369	-0.0662763	0.925454	1.0	-0.0679296	-0.0872074	1.24086	2.0	-0.0485037	-0.0946228	1.55006	3.0	-0.0615638	-0.0486951	1.69896	4.0	-0.243424	-0.0800557	1.42719	5.0	-0.318214	-0.0932822	1.10988	6.0	-0.31505	-0.0386118	0.867811	7.0	-0.311695	-0.0359175	0.838511	8.0	0.132333	-0.0552583	1.41191	9.0	0.224118	-0.0403061	1.16542	10.0	0.233338	0.0669836	0.938622	11.0	0.184457	0.0985511	0.871475	12.0	-0.150488	-0.0339579	0.925131	13.0	-0.169246	-0.0593962	0.539652	14.0	-0.113045	-0.32183	0.202126	15.0	-0.105093	-0.182939	0.163403	16.0	0.016019	-0.0268483	0.931685	17.0	0.0305099	-0.0189039	0.530472	18.0	-0.0367377	-0.0368813	0.171611	19.0	-0.0264455	0.0843089	0.0814533	20.0	-0.0542833	-0.0951124	1.4737	21.0	-0.311546	-0.0438939	0.746702	22.0	-0.266654	-0.0468533	0.86885	23.0	0.185998	0.123597	0.8018	24.0	0.122398	0.079556	0.888169
33.218	0.0	-0.0828837	-0.0504326	0.928846	1.0	-0.0644795	-0.0653135	1.24425	2.0	-0.0403033	-0.0674638	1.5521	3.0	-0.0529486	-0.023342	1.69868	4.0	-0.238204	-0.0577854	1.43429	5.0	-0.317222	-0.069791	1.11403	6.0	-0.319292	-0.0261363	0.870271	7.0	-0.321707	-0.0228849	0.803986	8.0	0.137227	-0.0302559	1.41281	9.0	0.225077	-0.0215989	1.17077	10.0	0.228913	0.0873122	0.944552	11.0	0.180552	0.119684	0.876249	12.0	-0.149736	-0.0225746	0.928573	13.0	-0.174808	-0.0257495	0.542622	14.0	-0.10349	-0.283312	0.203533	15.0	-0.0689497	-0.127471	0.163457	16.0	0.0166489	-0.00949939	0.932576	17.0	0.0259501	-0.0142508	0.538654	18.0	-0.036126	-0.0373958	0.171632	19.0	-0.0265593	0.0836246	0.0813606	20.0	-0.0473885	-0.0691754	1.47622	21.0	-0.325107	-0.0342958	0.75243	22.0	-0.280731	-0.0153891	0.784229	23.0	0.180783	0.141847	0.804105	24.0	0.117515	0.10138	0.894985
33.25	0.0	-0.0872894	-0.0176938	0.930882	1.0	-0.0631444	-0.0370497	1.24672	2.0	-0.0344669	-0.0435542	1.55481	3.0	-0.0453616	-0.00239734	1.70123	4.0	-0.233037	-0.032093	1.43633	5.0	-0.317811	-0.0431829	1.11726	6.0	-0.317111	0.00308118	0.873758	7.0	-0.314202	0.0104158	0.849701	8.0	0.141451	-0.0128797	1.41371	9.0	0.225901	-0.000912539	1.17229	10.0	0.224708	0.114211	0.942786	11.0	0.177045	0.140971	0.874097	12.0	-0.153749	0.0134839	0.934047	13.0	-0.173151	0.0206261	0.542191	14.0	-0.120168	-0.23904	0.201847	15.0	-0.175461	-0.164714	0.105186	16.0	0.0129387	0.0201038	0.93081	17.0	0.0238286	-0.0119793	0.538048	18.0	-0.0462198	-0.0570133	0.168465	19.0	-0.0268816	0.0741523	0.0880437	20.0	-0.0425717	-0.0442174	1.47887	21.0	-0.315921	0.00389476	0.760455	22.0	-0.271793	0.0211702	0.847031	23.0	0.178812	0.176931	0.805739	24.0	0.114896	0.119234	0.888779
33.285	0.0	-0.0864732	0.0012315	0.931487	1.0	-0.0603028	-0.0186432	1.2473	2.0	-0.0293741	-0.0263245	1.55532	3.0	-0.0346706	0.0219393	1.70195	4.0	-0.227129	-0.00726853	1.4397	5.0	-0.316725	-0.0194245	1.11967	6.0	-0.319542	0.0379944	0.878099	7.0	-0.314669	0.0386036	0.814633	8.0	0.146487	0.00657659	1.41404	9.0	0.226467	0.0202344	1.16984	10.0	0.224734	0.123361	0.941161	11.0	0.20009	0.170559	0.872054	12.0	-0.152876	0.0305805	0.934551	13.0	-0.172946	0.0444053	0.53384	14.0	-0.165682	-0.148668	0.167874	15.0	-0.143976	-0.0416552	0.0843625	16.0	0.013972	0.0403742	0.931169	17.0	0.020898	-0.00780788	0.534624	18.0	-0.0523286	-0.0591301	0.164006	19.0	-0.0287639	0.0722848	0.0837026	20.0	-0.0380457	-0.0266283	1.4794	21.0	-0.305089	0.03513	0.760107	22.0	-0.293993	0.0279666	0.77927	23.0	0.175463	0.186543	0.802624	24.0	0.163456	0.192235	0.874844
33.318	0.0	-0.0824207	0.0233892	0.931875	1.0	-0.0556774	0.00512353	1.24752	2.0	-0.0239259	-0.00105881	1.55531	3.0	-0.0270021	0.0490487	1.7043	4.0	-0.22157	0.0148222	1.44005	5.0	-0.314664	0.00900505	1.12692	6.0	-0.315414	0.0567581	0.883541	7.0	-0.316088	0.0634392	0.821716	8.0	0.149324	0.0241737	1.41463	9.0	0.228179	0.0402961	1.16674	10.0	0.225066	0.143073	0.937937	11.0	0.200341	0.186671	0.864857	12.0	-0.147563	0.0570022	0.935453	13.0	-0.169231	0.0992185	0.531051	14.0	-0.166299	-0.0699119	0.144301	15.0	-0.126447	0.0420408	0.0739545	16.0	0.0170909	0.0586235	0.931016	17.0	0.0202425	-0.000586484	0.536089	18.0	-0.0547239	-0.0577846	0.161965	19.0	-0.029309	0.0733436	0.0812415	20.0	-0.0328254	-0.00171565	1.47946	21.0	-0.31433	0.0602847	0.768598	22.0	-0.260663	0.0933607	0.836502	23.0	0.17803	0.203635	0.79567	24.0	0.165351	0.205067	0.873244
33.351	0.0	-0.0779674	0.0416256	0.93276	1.0	-0.0513129	0.0242293	1.24851	2.0	-0.0195958	0.0188881	1.55637	3.0	-0.0206715	0.064462	1.70541	4.0	-0.214387	0.0438102	1.44168	5.0	-0.313302	0.0348068	1.13221	6.0	-0.311581	0.0974121	0.891476	7.0	-0.310084	0.0953811	0.854042	8.0	0.152444	0.0418844	1.41523	9.0	0.229327	0.0534958	1.16616	10.0	0.223748	0.154634	0.933749	11.0	0.199737	0.194697	0.859415	12.0	-0.143472	0.0753018	0.937182	13.0	-0.168542	0.146154	0.538351	14.0	-0.17016	0.00143544	0.143854	15.0	-0.138376	0.0930647	0.0761881	16.0	0.0218727	0.0763038	0.930955	17.0	0.019964	0.00244685	0.53775	18.0	-0.0522328	-0.0540826	0.162715	19.0	-0.0291041	0.0692293	0.082475	20.0	-0.0284928	0.0180216	1.4805	21.0	-0.316521	0.0789699	0.774046	22.0	-0.263996	0.120175	0.841609	23.0	0.177099	0.207795	0.78759	24.0	0.163333	0.224437	0.853713
33.384	0.0	-0.0767515	0.0609686	0.931325	1.0	-0.0492659	0.0454053	1.24652	2.0	-0.0165938	0.041977	1.55376	3.0	-0.0131931	0.0833796	1.70306	4.0	-0.211229	0.0629987	1.44547	5.0	-0.311366	0.0645635	1.13138	6.0	-0.312158	0.115602	0.888416	7.0	-0.30928	0.123233	0.852505	8.0	0.155098	0.0601005	1.41309	9.0	0.226134	0.0771354	1.16062	10.0	0.225997	0.171028	0.92828	11.0	0.201734	0.208786	0.853956	12.0	-0.14286	0.0990812	0.939852	13.0	-0.157445	0.185849	0.551377	14.0	-0.169796	0.0752882	0.143021	15.0	-0.1401	0.176374	0.0790935	16.0	0.0237846	0.0923636	0.926039	17.0	0.0194783	0.00845893	0.537109	18.0	-0.0445614	-0.0432584	0.169418	19.0	-0.0290476	0.0697214	0.0828908	20.0	-0.0257427	0.0406274	1.47806	21.0	-0.307306	0.118947	0.77705	22.0	-0.2853	0.117697	0.841991	23.0	0.182016	0.22318	0.783419	24.0	0.162745	0.228932	0.854865
33.417	0.0	-0.0733689	0.0847487	0.933039	1.0	-0.0452249	0.0675012	1.24684	2.0	-0.0119822	0.0624089	1.55279	3.0	-0.00298326	0.117044	1.70295	4.0	-0.208696	0.0923253	1.44455	5.0	-0.309609	0.0848583	1.13784	6.0	-0.307815	0.143334	0.896154	7.0	-0.307176	0.15017	0.856712	8.0	0.15763	0.0807785	1.4108	9.0	0.227215	0.0903449	1.15994	10.0	0.223848	0.187146	0.919657	11.0	0.199805	0.223723	0.841045	12.0	-0.140034	0.121785	0.940545	13.0	-0.154741	0.21794	0.551905	14.0	-0.167327	0.173311	0.168296	15.0	-0.13285	0.268354	0.0839869	16.0	0.027839	0.11553	0.928271	17.0	0.0183849	0.0126585	0.53323	18.0	-0.0432184	-0.0404782	0.172138	19.0	-0.0303318	0.0739712	0.0830786	20.0	-0.0212664	0.0614735	1.4774	21.0	-0.307996	0.143257	0.783304	22.0	-0.266966	0.173778	0.879516	23.0	0.174661	0.231966	0.772485	24.0	0.160589	0.240072	0.837721
33.451	0.0	-0.0683066	0.100239	0.929107	1.0	-0.0429396	0.0875851	1.24405	2.0	-0.0129796	0.0882946	1.55126	3.0	0.000145205	0.132201	1.70208	4.0	-0.202633	0.121591	1.44142	5.0	-0.308374	0.117061	1.13849	6.0	-0.303323	0.170454	0.895815	7.0	-0.301373	0.178555	0.855762	8.0	0.161172	0.0974292	1.4084	9.0	0.226907	0.106159	1.15701	10.0	0.223174	0.20481	0.913941	11.0	0.204499	0.241968	0.836638	12.0	-0.13299	0.142799	0.937023	13.0	-0.149621	0.25479	0.5409	14.0	-0.158251	0.245615	0.174627	15.0	-0.114592	0.360052	0.0877494	16.0	0.0314417	0.126805	0.924114	17.0	0.0184172	0.0208895	0.530829	18.0	-0.0429599	-0.0391626	0.172693	19.0	-0.0301332	0.0747792	0.0834195	20.0	-0.0213854	0.0858025	1.47554	21.0	-0.306323	0.170978	0.778423	22.0	-0.250325	0.204099	0.851919	23.0	0.182366	0.249015	0.769623	24.0	0.164894	0.25788	0.835794
33.485	0.0	-0.0675799	0.120333	0.926101	1.0	-0.0407928	0.10802	1.24172	2.0	-0.00908376	0.107556	1.54946	3.0	0.00460742	0.158675	1.69877	4.0	-0.201096	0.14424	1.44249	5.0	-0.305406	0.146332	1.13809	6.0	-0.30048	0.202616	0.895907	7.0	-0.302548	0.20527	0.838667	8.0	0.162888	0.11633	1.4069	9.0	0.226956	0.129292	1.14931	10.0	0.222724	0.224257	0.907993	11.0	0.206441	0.256446	0.834896	12.0	-0.131357	0.166142	0.934227	13.0	-0.147177	0.288987	0.512343	14.0	-0.138921	0.324539	0.161453	15.0	-0.0994649	0.453045	0.0904368	16.0	0.031351	0.142786	0.920998	17.0	0.0181561	0.0312176	0.528666	18.0	-0.0418546	-0.0379523	0.173126	19.0	-0.0300135	0.0767978	0.0841747	20.0	-0.0179593	0.105487	1.47364	21.0	-0.296368	0.200124	0.771375	22.0	-0.254079	0.228309	0.86196	23.0	0.178885	0.268068	0.764325	24.0	0.161211	0.27371	0.828848
33.518	0.0	-0.066463	0.141106	0.922816	1.0	-0.0391642	0.131461	1.23903	2.0	-0.00658953	0.134113	1.54727	3.0	0.00747844	0.181773	1.69777	4.0	-0.199226	0.173046	1.43895	5.0	-0.305658	0.173707	1.13519	6.0	-0.299843	0.22733	0.892494	7.0	-0.295951	0.235243	0.843818	8.0	0.163844	0.135104	1.40511	9.0	0.228064	0.142887	1.149	10.0	0.224255	0.244347	0.902769	11.0	0.207899	0.280829	0.831777	12.0	-0.13024	0.186706	0.930777	13.0	-0.142464	0.310982	0.495669	14.0	-0.1263	0.412585	0.148516	15.0	-0.0898647	0.531477	0.0871281	16.0	0.0324797	0.163455	0.917834	17.0	0.0171538	0.0404549	0.52827	18.0	-0.0419157	-0.0375176	0.173879	19.0	-0.0287164	0.0734961	0.087188	20.0	-0.0157298	0.131239	1.47133	21.0	-0.283824	0.235937	0.766072	22.0	-0.248039	0.255832	0.827682	23.0	0.188973	0.294666	0.767157	24.0	0.174144	0.302662	0.836555
33.551	0.0	-0.0656849	0.164744	0.916303	1.0	-0.0382259	0.158831	1.23328	2.0	-0.00538123	0.165108	1.54233	3.0	0.00792536	0.2103	1.69289	4.0	-0.196294	0.208695	1.43128	5.0	-0.303015	0.21308	1.13145	6.0	-0.299133	0.276778	0.890798	7.0	-0.292897	0.263483	0.82383	8.0	0.166646	0.158349	1.40046	9.0	0.227573	0.169913	1.1435	10.0	0.230405	0.27008	0.904426	11.0	0.210396	0.30521	0.831852	12.0	-0.129277	0.212691	0.92388	13.0	-0.131408	0.338709	0.482441	14.0	-0.111479	0.46992	0.150121	15.0	-0.0710998	0.601784	0.0977942	16.0	0.0332407	0.1848	0.911793	17.0	0.017423	0.059034	0.529444	18.0	-0.042144	-0.0362115	0.174653	19.0	-0.0272364	0.0706323	0.0887902	20.0	-0.0146051	0.161345	1.46619	21.0	-0.290373	0.253889	0.767602	22.0	-0.244183	0.282689	0.824845	23.0	0.18839	0.318905	0.76249	24.0	0.164538	0.321106	0.815599
33.585	0.0	-0.0666037	0.188023	0.913247	1.0	-0.0400598	0.179116	1.2302	2.0	-0.00794713	0.182448	1.5391	3.0	0.0071463	0.228033	1.6911	4.0	-0.196624	0.231704	1.43071	5.0	-0.30198	0.23616	1.13129	6.0	-0.299584	0.290851	0.888891	7.0	-0.287463	0.29405	0.822605	8.0	0.167938	0.180862	1.39739	9.0	0.229432	0.187565	1.14853	10.0	0.232662	0.294096	0.903504	11.0	0.212961	0.33426	0.832013	12.0	-0.130172	0.236631	0.9214	13.0	-0.125172	0.354338	0.478908	14.0	-0.105242	0.492926	0.159361	15.0	-0.0613627	0.625647	0.105936	16.0	0.0325308	0.207119	0.908279	17.0	0.0205669	0.0734167	0.529099	18.0	-0.0423507	-0.0347008	0.175316	19.0	-0.0269789	0.0687773	0.0900055	20.0	-0.0170075	0.17941	1.46301	21.0	-0.283852	0.291199	0.768761	22.0	-0.240581	0.310513	0.831197	23.0	0.189544	0.347021	0.764214	24.0	0.220879	0.374907	0.86169
33.618	0.0	-0.0644533	0.217485	0.907752	1.0	-0.0391664	0.21246	1.22548	2.0	-0.00847177	0.21958	1.53512	3.0	0.0099644	0.262321	1.68569	4.0	-0.194278	0.270357	1.42438	5.0	-0.29844	0.281563	1.13172	6.0	-0.296364	0.329578	0.888293	7.0	-0.285304	0.327683	0.820844	8.0	0.168931	0.203939	1.39402	9.0	0.236947	0.223897	1.14744	10.0	0.236971	0.325225	0.914261	11.0	0.218476	0.370101	0.840044	12.0	-0.127537	0.269354	0.915548	13.0	-0.115453	0.388002	0.472248	14.0	-0.0874027	0.542527	0.148933	15.0	-0.0437606	0.658071	0.101691	16.0	0.0344738	0.233386	0.90327	17.0	0.0240215	0.0975239	0.526444	18.0	-0.0410229	-0.0283719	0.175707	19.0	-0.0269533	0.0690985	0.0899338	20.0	-0.0171694	0.21562	1.45885	21.0	-0.285278	0.317562	0.763645	22.0	-0.230653	0.349528	0.811569	23.0	0.194946	0.381695	0.766372	24.0	0.184148	0.400699	0.828427
33.65	0.0	-0.0613494	0.244139	0.903528	1.0	-0.039196	0.236617	1.22227	2.0	-0.0111477	0.241442	1.53264	3.0	0.00646724	0.282452	1.68398	4.0	-0.196269	0.293338	1.42291	5.0	-0.298484	0.304832	1.12924	6.0	-0.297095	0.365507	0.888229	7.0	-0.282373	0.36116	0.818838	8.0	0.167956	0.215966	1.39241	9.0	0.236054	0.245204	1.14283	10.0	0.237116	0.375123	0.893961	11.0	0.215344	0.397871	0.830391	12.0	-0.12444	0.296376	0.911629	13.0	-0.111638	0.399104	0.474355	14.0	-0.0839408	0.539854	0.148017	15.0	-0.0365246	0.660198	0.099066	16.0	0.0377634	0.259283	0.898909	17.0	0.0276799	0.118407	0.523604	18.0	-0.0397116	-0.0223784	0.176652	19.0	-0.0267714	0.0691603	0.0902463	20.0	-0.0192277	0.238032	1.45622	21.0	-0.280869	0.354744	0.765139	22.0	-0.227646	0.378807	0.807306	23.0	0.192851	0.414001	0.761968	24.0	0.146027	0.352235	0.833843
33.685	0.0	-0.0583318	0.277719	0.901098	1.0	-0.0402527	0.270124	1.22011	2.0	-0.0163446	0.274676	1.5307	3.0	-0.000746291	0.31015	1.68583	4.0	-0.199476	0.328437	1.41827	5.0	-0.295538	0.343103	1.12154	6.0	-0.289135	0.398615	0.879585	7.0	-0.27807	0.398293	0.834607	8.0	0.160842	0.268895	1.39119	9.0	0.234742	0.279077	1.14837	10.0	0.237288	0.392444	0.895008	11.0	0.222974	0.433085	0.83458	12.0	-0.121099	0.328171	0.908713	13.0	-0.102594	0.423046	0.47568	14.0	-0.0728758	0.525561	0.16654	15.0	-0.0325539	0.66181	0.0972018	16.0	0.0407622	0.294679	0.897071	17.0	0.0281845	0.140626	0.517449	18.0	-0.0371048	-0.0133383	0.180343	19.0	-0.0263166	0.0704541	0.0914415	20.0	-0.0233925	0.271358	1.45422	21.0	-0.282278	0.389183	0.749317	22.0	-0.217795	0.417568	0.823276	23.0	0.20244	0.454445	0.767829	24.0	0.179222	0.45127	0.827787
33.718	0.0	-0.0546512	0.311644	0.901586	1.0	-0.0405556	0.297239	1.22278	2.0	-0.0197926	0.295995	1.53495	3.0	-0.0102954	0.335512	1.68594	4.0	-0.204591	0.350429	1.4167	5.0	-0.29616	0.370855	1.11956	6.0	-0.281316	0.427026	0.869005	7.0	-0.274095	0.431645	0.820017	8.0	0.155759	0.293253	1.39173	9.0	0.229201	0.310435	1.14781	10.0	0.24473	0.434422	0.906666	11.0	0.222704	0.465158	0.837147	12.0	-0.117086	0.363883	0.90933	13.0	-0.100741	0.444593	0.487239	14.0	-0.0728193	0.526388	0.169344	15.0	-0.0328094	0.659895	0.0961803	16.0	0.0444128	0.326533	0.897438	17.0	0.0361133	0.170826	0.516236	18.0	-0.0362989	-0.00829653	0.1794	19.0	-0.0255513	0.0723261	0.0922002	20.0	-0.0261273	0.294033	1.45813	21.0	-0.279675	0.428188	0.747874	22.0	-0.210926	0.454382	0.806986	23.0	0.213333	0.491635	0.776536	24.0	0.154523	0.445916	0.798119
33.751	0.0	-0.0554065	0.344829	0.906824	1.0	-0.0444333	0.329014	1.22782	2.0	-0.0270983	0.324872	1.53995	3.0	-0.0205086	0.355819	1.69125	4.0	-0.207769	0.380791	1.41877	5.0	-0.297622	0.402405	1.121	6.0	-0.279202	0.469055	0.881891	7.0	-0.271503	0.46759	0.811134	8.0	0.153095	0.32363	1.40121	9.0	0.226681	0.35018	1.1529	10.0	0.24424	0.456962	0.914685	11.0	0.231296	0.502531	0.849014	12.0	-0.118084	0.39057	0.913811	13.0	-0.101337	0.471432	0.498866	14.0	-0.0734541	0.544227	0.157553	15.0	-0.0321377	0.664402	0.0892371	16.0	0.0444147	0.36675	0.903365	17.0	0.0380081	0.221157	0.518687	18.0	-0.0331192	0.0106011	0.183095	19.0	-0.0231399	0.078137	0.0938042	20.0	-0.0325743	0.323765	1.46313	21.0	-0.279284	0.453996	0.751432	22.0	-0.216969	0.483305	0.824134	23.0	0.215491	0.525072	0.785077	24.0	0.182272	0.516463	0.828646
33.784	0.0	-0.0580477	0.381753	0.912685	1.0	-0.0477724	0.358594	1.23531	2.0	-0.031265	0.348435	1.54871	3.0	-0.0303015	0.383013	1.70098	4.0	-0.212412	0.402117	1.42233	5.0	-0.296534	0.433271	1.12549	6.0	-0.27852	0.489135	0.884115	7.0	-0.26907	0.503777	0.836856	8.0	0.150251	0.354033	1.40857	9.0	0.225023	0.375533	1.16008	10.0	0.246913	0.495068	0.927825	11.0	0.235127	0.533964	0.860524	12.0	-0.120021	0.428952	0.919316	13.0	-0.101391	0.49824	0.508206	14.0	-0.0743191	0.546707	0.157663	15.0	-0.0322882	0.664852	0.0870001	16.0	0.0415285	0.40084	0.909312	17.0	0.0473372	0.265614	0.519929	18.0	-0.0255236	0.0336809	0.185792	19.0	-0.0193759	0.0885215	0.0975792	20.0	-0.0365224	0.348744	1.47162	21.0	-0.274658	0.501426	0.755091	22.0	-0.208068	0.523174	0.833117	23.0	0.221114	0.55365	0.791625	24.0	0.225261	0.564619	0.888479
33.817	0.0	-0.0605731	0.412676	0.917125	1.0	-0.0508591	0.381535	1.24169	2.0	-0.0348044	0.363821	1.55632	3.0	-0.0369713	0.394017	1.70837	4.0	-0.218031	0.423747	1.42457	5.0	-0.295715	0.455695	1.12997	6.0	-0.280914	0.529246	0.892616	7.0	-0.265965	0.542138	0.843536	8.0	0.147598	0.37353	1.41436	9.0	0.224841	0.403442	1.16718	10.0	0.251364	0.52617	0.939705	11.0	0.235237	0.56593	0.868595	12.0	-0.122384	0.454355	0.922522	13.0	-0.101481	0.522557	0.515612	14.0	-0.0737907	0.549966	0.157791	15.0	-0.0321418	0.665	0.085944	16.0	0.0392102	0.438318	0.91521	17.0	0.0568073	0.3211	0.52546	18.0	-0.0160213	0.0686755	0.187412	19.0	-0.00786925	0.111622	0.0984594	20.0	-0.039956	0.365924	1.47897	21.0	-0.263523	0.530417	0.754859	22.0	-0.204788	0.563304	0.838516	23.0	0.223957	0.583608	0.803873	24.0	0.1891	0.58469	0.854248
33.85	0.0	-0.0631599	0.462988	0.927609	1.0	-0.0562517	0.416688	1.2497	2.0	-0.0418528	0.384601	1.56242	3.0	-0.0458629	0.408207	1.71518	4.0	-0.223649	0.445111	1.42751	5.0	-0.299611	0.488708	1.13499	6.0	-0.277426	0.561961	0.897902	7.0	-0.263431	0.577507	0.852065	8.0	0.143793	0.399921	1.42075	9.0	0.22547	0.428813	1.17986	10.0	0.251802	0.551152	0.956735	11.0	0.23812	0.596671	0.880238	12.0	-0.125546	0.508384	0.93361	13.0	-0.100701	0.541442	0.519595	14.0	-0.0740223	0.554318	0.156993	15.0	-0.0319772	0.664795	0.0847619	16.0	0.0379236	0.48004	0.923884	17.0	0.0713652	0.378493	0.527094	18.0	0.000465684	0.11582	0.195848	19.0	-0.00180613	0.14662	0.107761	20.0	-0.0467137	0.390124	1.48551	21.0	-0.266904	0.58123	0.771215	22.0	-0.204098	0.592375	0.852609	23.0	0.223993	0.613149	0.813021	24.0	0.187736	0.609291	0.860444
33.885	0.0	-0.0623746	0.484505	0.930945	1.0	-0.0584214	0.437754	1.25276	2.0	-0.047645	0.402901	1.56509	3.0	-0.0517196	0.417839	1.7204	4.0	-0.225932	0.461315	1.43078	5.0	-0.300239	0.510731	1.14088	6.0	-0.277237	0.601353	0.909197	7.0	-0.256216	0.610569	0.837038	8.0	0.14226	0.414652	1.42389	9.0	0.226611	0.451141	1.1878	10.0	0.254226	0.579635	0.958925	11.0	0.240025	0.627059	0.889708	12.0	-0.1244	0.527629	0.934952	13.0	-0.100411	0.557955	0.523418	14.0	-0.0745266	0.560455	0.154869	15.0	-0.0322506	0.664116	0.0837305	16.0	0.0385412	0.50931	0.930561	17.0	0.0845734	0.448826	0.551486	18.0	0.0181162	0.181971	0.222588	19.0	0.0144104	0.192794	0.119892	20.0	-0.0515742	0.409462	1.48829	21.0	-0.256778	0.622553	0.7743	22.0	-0.190628	0.628375	0.830454	23.0	0.229143	0.650098	0.824014	24.0	0.193577	0.647732	0.870685
33.918	0.0	-0.0624098	0.519124	0.9375	1.0	-0.0587447	0.459168	1.25807	2.0	-0.0485565	0.414259	1.56911	3.0	-0.0572608	0.433124	1.72651	4.0	-0.229634	0.480405	1.43298	5.0	-0.301832	0.534958	1.14367	6.0	-0.275115	0.628939	0.913465	7.0	-0.25397	0.646517	0.848054	8.0	0.140341	0.43255	1.42586	9.0	0.227463	0.46642	1.19041	10.0	0.255761	0.606247	0.96517	11.0	0.242632	0.656686	0.89451	12.0	-0.123826	0.560569	0.93764	13.0	-0.10275	0.575249	0.517297	14.0	-0.0752268	0.563274	0.155253	15.0	-0.0324822	0.663948	0.0829716	16.0	0.0382577	0.542403	0.940114	17.0	0.0942841	0.51241	0.556176	18.0	0.0342494	0.239406	0.231176	19.0	0.0309685	0.262011	0.119258	20.0	-0.0523131	0.423056	1.49263	21.0	-0.238391	0.647247	0.792363	22.0	-0.187284	0.656885	0.840213	23.0	0.231785	0.681486	0.83214	24.0	0.223947	0.686231	0.915129
33.95	0.0	-0.0635351	0.543582	0.941986	1.0	-0.0610945	0.480386	1.26166	2.0	-0.0519798	0.428976	1.57161	3.0	-0.0602365	0.439464	1.72831	4.0	-0.233388	0.494515	1.43295	5.0	-0.301255	0.557191	1.14806	6.0	-0.275393	0.649381	0.917104	7.0	-0.254619	0.677896	0.848753	8.0	0.136354	0.447615	1.4276	9.0	0.22776	0.488257	1.19428	10.0	0.259743	0.633903	0.966759	11.0	0.245626	0.681743	0.898387	12.0	-0.124316	0.588442	0.939656	13.0	-0.10632	0.588367	0.510802	14.0	-0.0757545	0.566864	0.154086	15.0	-0.0326407	0.664329	0.0822311	16.0	0.0368293	0.565086	0.946982	17.0	0.0905131	0.554684	0.516063	18.0	0.0405008	0.273161	0.217275	19.0	0.0524878	0.350125	0.136317	20.0	-0.0554861	0.439612	1.49541	21.0	-0.250215	0.686083	0.78543	22.0	-0.190412	0.673067	0.835086	23.0	0.231013	0.708099	0.836848	24.0	0.228518	0.710873	0.920797
33.984	0.0	-0.0631889	0.568595	0.947997	1.0	-0.0613962	0.497093	1.26511	2.0	-0.053057	0.439125	1.57322	3.0	-0.0649658	0.451705	1.73046	4.0	-0.237557	0.507394	1.43571	5.0	-0.298287	0.584426	1.14732	6.0	-0.275144	0.676609	0.916138	7.0	-0.256063	0.705246	0.852831	8.0	0.134436	0.46024	1.42995	9.0	0.226849	0.498834	1.19672	10.0	0.260531	0.648213	0.971394	11.0	0.249775	0.702346	0.901795	12.0	-0.123636	0.611469	0.944172	13.0	-0.107325	0.598876	0.504296	14.0	-0.0771827	0.569729	0.155177	15.0	-0.0327151	0.664954	0.0814684	16.0	0.0371255	0.590847	0.954338	17.0	0.104392	0.63075	0.56582	18.0	0.0584693	0.360612	0.234726	19.0	0.0685643	0.459613	0.139484	20.0	-0.0563553	0.451334	1.49743	21.0	-0.256603	0.722261	0.796466	22.0	-0.200363	0.684845	0.85061	23.0	0.241718	0.726357	0.840536	24.0	0.205586	0.723846	0.894454
34.017	0.0	-0.0631222	0.59292	0.952886	1.0	-0.0636046	0.516387	1.26724	2.0	-0.0572533	0.452698	1.57283	3.0	-0.0676703	0.457443	1.73107	4.0	-0.239308	0.51939	1.43733	5.0	-0.295473	0.601692	1.14706	6.0	-0.275929	0.702695	0.919011	7.0	-0.262479	0.743977	0.861361	8.0	0.1328	0.473297	1.43122	9.0	0.226792	0.516322	1.19904	10.0	0.261573	0.663204	0.978582	11.0	0.252475	0.716922	0.908593	12.0	-0.122314	0.638631	0.948931	13.0	-0.10848	0.611152	0.499443	14.0	-0.0775233	0.571568	0.155706	15.0	-0.0330956	0.663363	0.0805638	16.0	0.0363715	0.612671	0.959283	17.0	0.109991	0.693794	0.58109	18.0	0.0671126	0.446515	0.230673	19.0	0.0843492	0.55024	0.140731	20.0	-0.0600689	0.466338	1.49762	21.0	-0.256758	0.759503	0.799816	22.0	-0.217054	0.749712	0.850706	23.0	0.247533	0.740251	0.841783	24.0	0.219369	0.741752	0.919828
34.051	0.0	-0.0611945	0.618681	0.95597	1.0	-0.0645721	0.53125	1.26826	2.0	-0.0600208	0.459438	1.57228	3.0	-0.0712181	0.467002	1.72985	4.0	-0.241157	0.538335	1.43032	5.0	-0.29331	0.622932	1.14833	6.0	-0.275952	0.727205	0.921494	7.0	-0.266737	0.759162	0.883794	8.0	0.132414	0.481808	1.43214	9.0	0.225864	0.528636	1.20024	10.0	0.264217	0.677503	0.98172	11.0	0.253506	0.731927	0.910151	12.0	-0.120377	0.663378	0.949855	13.0	-0.110064	0.624513	0.486062	14.0	-0.076383	0.573449	0.155575	15.0	-0.0357624	0.661406	0.0793653	16.0	0.0385064	0.639013	0.964548	17.0	0.114317	0.761518	0.602533	18.0	0.0826792	0.556555	0.222172	19.0	0.0981024	0.641701	0.141915	20.0	-0.0624849	0.474823	1.4974	21.0	-0.258501	0.784915	0.80459	22.0	-0.218278	0.777279	0.858338	23.0	0.245277	0.75969	0.843855	24.0	0.218595	0.755342	0.920866
34.084	0.0	-0.0602326	0.634685	0.956921	1.0	-0.0646256	0.54233	1.26831	2.0	-0.0613263	0.464194	1.57138	3.0	-0.073362	0.474246	1.72829	4.0	-0.239731	0.547916	1.43013	5.0	-0.295972	0.646776	1.14943	6.0	-0.273576	0.753115	0.923765	7.0	-0.265698	0.786311	0.879622	8.0	0.13124	0.491096	1.43344	9.0	0.223483	0.546393	1.20242	10.0	0.267247	0.688668	0.984386	11.0	0.256983	0.744602	0.912731	12.0	-0.11763	0.681433	0.95127	13.0	-0.112	0.640669	0.487399	14.0	-0.0669178	0.585412	0.150414	15.0	-0.0315929	0.678408	0.0796372	16.0	0.0380645	0.653064	0.965038	17.0	0.117481	0.792628	0.577141	18.0	0.0935087	0.64904	0.207858	19.0	0.104099	0.73647	0.130643	20.0	-0.0635236	0.481144	1.49669	21.0	-0.255201	0.803158	0.79996	22.0	-0.258503	0.724123	0.892879	23.0	0.252521	0.77169	0.84386	24.0	0.217668	0.764211	0.91905
34.117	0.0	-0.0595361	0.655105	0.959385	1.0	-0.0646899	0.554333	1.26887	2.0	-0.062373	0.468741	1.57046	3.0	-0.0764186	0.478414	1.7266	4.0	-0.240275	0.556319	1.42705	5.0	-0.294683	0.66042	1.14883	6.0	-0.272122	0.770703	0.924918	7.0	-0.264439	0.815131	0.862929	8.0	0.12901	0.500975	1.43326	9.0	0.222498	0.557619	1.20293	10.0	0.270346	0.699756	0.984458	11.0	0.258161	0.753148	0.913757	12.0	-0.117585	0.696448	0.953275	13.0	-0.118367	0.662284	0.488567	14.0	-0.0563467	0.608426	0.175844	15.0	-0.0505425	0.687769	0.0755992	16.0	0.0397149	0.679178	0.967846	17.0	0.119683	0.844255	0.579328	18.0	0.107567	0.761686	0.211553	19.0	0.137735	0.851347	0.141169	20.0	-0.0643459	0.487461	1.49606	21.0	-0.255227	0.829318	0.79793	22.0	-0.224425	0.817289	0.838139	23.0	0.250296	0.785553	0.841473	24.0	0.220421	0.770148	0.934937
34.15	0.0	-0.0628606	0.683564	0.95897	1.0	-0.0659375	0.574649	1.26641	2.0	-0.0630679	0.479702	1.5661	3.0	-0.0793251	0.484891	1.72324	4.0	-0.237105	0.575856	1.42077	5.0	-0.290666	0.686733	1.14687	6.0	-0.267103	0.798018	0.923486	7.0	-0.260142	0.835624	0.879481	8.0	0.128668	0.514886	1.43026	9.0	0.224403	0.576294	1.19698	10.0	0.274643	0.712729	0.984212	11.0	0.263708	0.76565	0.911202	12.0	-0.121206	0.728819	0.955789	13.0	-0.123861	0.683234	0.49303	14.0	-0.0679173	0.631955	0.178752	15.0	0.0256876	0.772429	0.175472	16.0	0.0369346	0.703	0.964922	17.0	0.118046	0.892746	0.578038	18.0	0.115597	0.86616	0.222532	19.0	0.150272	0.972687	0.159834	20.0	-0.0650066	0.500926	1.49213	21.0	-0.248019	0.855651	0.799022	22.0	-0.217027	0.837271	0.867836	23.0	0.257157	0.79679	0.839736	24.0	0.226106	0.790437	0.921109
34.184	0.0	-0.0706692	0.696908	0.95512	1.0	-0.0716779	0.587121	1.26222	2.0	-0.0670397	0.49011	1.56074	3.0	-0.0815145	0.489293	1.7178	4.0	-0.236136	0.581964	1.41843	5.0	-0.29026	0.69702	1.1463	6.0	-0.264778	0.81941	0.928527	7.0	-0.258308	0.857773	0.879506	8.0	0.125706	0.530528	1.42431	9.0	0.226727	0.591653	1.19087	10.0	0.278698	0.729665	0.977443	11.0	0.265153	0.778158	0.903724	12.0	-0.127374	0.741015	0.952971	13.0	-0.131619	0.732931	0.543374	14.0	-0.0369649	0.603716	0.135775	15.0	0.0315658	0.758392	0.154064	16.0	0.0276381	0.717176	0.959808	17.0	0.118081	0.944687	0.559779	18.0	0.118346	0.951285	0.234981	19.0	0.156147	1.07567	0.175896	20.0	-0.0693487	0.512074	1.48717	21.0	-0.249355	0.86944	0.80031	22.0	-0.218429	0.852772	0.877646	23.0	0.253158	0.807223	0.829621	24.0	0.223752	0.791208	0.927167
34.217	0.0	-0.0710434	0.725253	0.95646	1.0	-0.0715054	0.601512	1.26009	2.0	-0.0667342	0.495632	1.55676	3.0	-0.0824797	0.49707	1.71106	4.0	-0.235189	0.592387	1.41239	5.0	-0.289733	0.716814	1.14334	6.0	-0.262544	0.839958	0.926272	7.0	-0.253621	0.881724	0.881306	8.0	0.125335	0.540866	1.41863	9.0	0.229537	0.612846	1.17619	10.0	0.283395	0.746521	0.965459	11.0	0.273241	0.791156	0.895878	12.0	-0.127571	0.764042	0.952848	13.0	-0.110613	0.757922	0.557367	14.0	-0.0408229	0.611813	0.150997	15.0	0.0282799	0.766617	0.166094	16.0	0.0275844	0.750896	0.962813	17.0	0.113878	0.99164	0.566911	18.0	0.116556	1.02925	0.242531	19.0	0.157813	1.16556	0.196746	20.0	-0.0690319	0.519344	1.48359	21.0	-0.246383	0.89897	0.801917	22.0	-0.210304	0.878263	0.876428	23.0	0.262694	0.823448	0.82546	24.0	0.234598	0.814108	0.907408
34.251	0.0	-0.0682011	0.741377	0.953039	1.0	-0.0692582	0.615117	1.25527	2.0	-0.0651792	0.503163	1.55016	3.0	-0.0835901	0.50202	1.70634	4.0	-0.229383	0.614032	1.3965	5.0	-0.290956	0.732176	1.14003	6.0	-0.258896	0.870876	0.932504	7.0	-0.24913	0.905444	0.8882	8.0	0.126792	0.553055	1.4104	9.0	0.233281	0.624554	1.17107	10.0	0.288794	0.756164	0.962939	11.0	0.28161	0.805182	0.889811	12.0	-0.124998	0.782165	0.948197	13.0	-0.112032	0.768335	0.554819	14.0	-0.0482356	0.613054	0.150892	15.0	-0.0204793	0.684779	0.0668972	16.0	0.0307648	0.764611	0.960482	17.0	0.111732	1.04229	0.582739	18.0	0.119062	1.09577	0.259518	19.0	0.154901	1.22407	0.218017	20.0	-0.0672913	0.52856	1.47744	21.0	-0.241342	0.929562	0.810095	22.0	-0.216482	0.881751	0.919087	23.0	0.271798	0.833983	0.815702	24.0	0.240829	0.821518	0.899312
34.284	0.0	-0.0655209	0.762891	0.949472	1.0	-0.0667831	0.630399	1.24968	2.0	-0.0628178	0.51262	1.54183	3.0	-0.0826505	0.506952	1.6951	4.0	-0.227115	0.622363	1.39235	5.0	-0.284684	0.755499	1.12715	6.0	-0.253712	0.895713	0.920611	7.0	-0.242205	0.931043	0.886807	8.0	0.125437	0.568381	1.4039	9.0	0.238584	0.641781	1.16506	10.0	0.294229	0.775301	0.958238	11.0	0.288556	0.820218	0.880042	12.0	-0.12163	0.80179	0.944537	13.0	-0.0534374	0.676896	0.503635	14.0	-0.0517734	0.625567	0.184981	15.0	-0.0198571	0.757811	0.140377	16.0	0.0330081	0.787729	0.957145	17.0	0.106767	1.05998	0.675611	18.0	0.117151	1.16607	0.243315	19.0	0.157343	1.28765	0.227522	20.0	-0.0648866	0.539558	1.46987	21.0	-0.230861	0.957546	0.813396	22.0	-0.203061	0.917747	0.898728	23.0	0.280664	0.848198	0.808112	24.0	0.24872	0.836869	0.887484
34.318	0.0	-0.084425	0.814142	0.946689	1.0	-0.07227	0.658929	1.24348	2.0	-0.0606301	0.523778	1.53391	3.0	-0.0787454	0.514016	1.68702	4.0	-0.219431	0.638307	1.3854	5.0	-0.280635	0.772488	1.11992	6.0	-0.249487	0.920519	0.918753	7.0	-0.238933	0.952088	0.885558	8.0	0.127156	0.58526	1.39324	9.0	0.244211	0.6624	1.15472	10.0	0.299253	0.791906	0.945489	11.0	0.278854	0.832179	0.86992	12.0	-0.139013	0.852419	0.947051	13.0	-0.0426664	0.690747	0.524799	14.0	-0.0426194	0.594792	0.10808	15.0	-0.029756	0.697834	0.0528842	16.0	0.0137886	0.83877	0.949134	17.0	0.122194	1.1035	0.702981	18.0	0.118422	1.19875	0.268346	19.0	0.161493	1.33579	0.228707	20.0	-0.0640893	0.554218	1.46232	21.0	-0.222926	0.974346	0.808716	22.0	-0.198393	0.939147	0.897004	23.0	0.282157	0.86804	0.801926	24.0	0.210846	0.819198	0.873434
34.35	0.0	-0.0559052	0.805434	0.940133	1.0	-0.0635471	0.662728	1.23998	2.0	-0.0570419	0.533726	1.52885	3.0	-0.0768894	0.522221	1.68173	4.0	-0.214982	0.649726	1.38406	5.0	-0.277741	0.792452	1.11522	6.0	-0.242498	0.951028	0.92244	7.0	-0.233412	0.973594	0.887458	8.0	0.13019	0.599679	1.38557	9.0	0.250433	0.681059	1.14362	10.0	0.3054	0.810463	0.934353	11.0	0.302619	0.852448	0.863615	12.0	-0.108969	0.845144	0.936637	13.0	-0.0431564	0.690955	0.507601	14.0	-0.0424236	0.594854	0.108355	15.0	-0.0345961	0.695909	0.0518719	16.0	0.0405515	0.829085	0.946307	17.0	0.119326	1.13792	0.638342	18.0	0.107216	1.19744	0.265839	19.0	0.158202	1.34792	0.23197	20.0	-0.0594762	0.562931	1.45786	21.0	-0.223057	1.00012	0.810647	22.0	-0.187443	0.970149	0.888321	23.0	0.296131	0.879654	0.797082	24.0	0.27479	0.882855	0.876121
34.385	0.0	0.00649977	0.78596	0.922954	1.0	-0.0336345	0.665672	1.22848	2.0	-0.0542884	0.547516	1.52286	3.0	-0.0718812	0.529154	1.6756	4.0	-0.207775	0.666732	1.38016	5.0	-0.275952	0.81336	1.11001	6.0	-0.23536	0.969011	0.915802	7.0	-0.22789	0.996046	0.883085	8.0	0.133552	0.61378	1.38257	9.0	0.253879	0.698381	1.13373	10.0	0.310698	0.828513	0.925309	11.0	0.307352	0.872416	0.855325	12.0	-0.0509283	0.835663	0.916427	13.0	-0.0461673	0.716872	0.47276	14.0	-0.0420017	0.595039	0.108321	15.0	-0.0352968	0.695314	0.0512204	16.0	0.105208	0.800712	0.933056	17.0	0.120228	1.14166	0.638763	18.0	0.107922	1.21647	0.256373	19.0	0.15524	1.35815	0.232204	20.0	-0.0525603	0.574031	1.45154	21.0	-0.22013	1.0214	0.809206	22.0	-0.180126	0.995971	0.87724	23.0	0.300091	0.898531	0.791387	24.0	0.264966	0.899163	0.849353
34.417	0.0	0.00221132	0.793392	0.920143	1.0	-0.0311638	0.673624	1.22544	2.0	-0.0489127	0.566348	1.51867	3.0	-0.0669713	0.539774	1.67186	4.0	-0.202282	0.68576	1.37759	5.0	-0.269211	0.847278	1.09914	6.0	-0.227951	1.00061	0.903175	7.0	-0.221887	1.01331	0.88846	8.0	0.138266	0.637291	1.37687	9.0	0.255092	0.717068	1.12484	10.0	0.315612	0.844822	0.915878	11.0	0.311548	0.889761	0.851546	12.0	-0.0550284	0.840129	0.914902	13.0	-0.0348483	0.740162	0.489358	14.0	-0.0417525	0.5955	0.108282	15.0	-0.0359599	0.694848	0.050417	16.0	0.101034	0.812002	0.928599	17.0	0.126699	1.14885	0.697461	18.0	0.110382	1.2352	0.262072	19.0	0.151543	1.37708	0.228168	20.0	-0.0463206	0.591231	1.44676	21.0	-0.214466	1.04577	0.817011	22.0	-0.167394	0.964937	0.907398	23.0	0.310118	0.915276	0.787861	24.0	0.27748	0.922484	0.845755
34.45	0.0	-0.0102085	0.822894	0.919734	1.0	-0.0305063	0.698202	1.22324	2.0	-0.0437043	0.587905	1.51617	3.0	-0.058701	0.558415	1.66701	4.0	-0.197543	0.696468	1.37733	5.0	-0.268624	0.850151	1.10542	6.0	-0.227118	1.0096	0.914115	7.0	-0.21877	1.03108	0.891758	8.0	0.142598	0.663609	1.37318	9.0	0.258283	0.732611	1.12189	10.0	0.319009	0.861285	0.913439	11.0	0.316481	0.907276	0.844724	12.0	-0.0675939	0.863615	0.91619	13.0	-0.0345676	0.740833	0.489116	14.0	-0.041644	0.595646	0.108426	15.0	-0.0406702	0.690294	0.0471868	16.0	0.0897759	0.846392	0.926635	17.0	0.123998	1.15581	0.695197	18.0	0.112593	1.24527	0.260103	19.0	0.149762	1.39042	0.218959	20.0	-0.0417325	0.613319	1.44425	21.0	-0.214455	1.06558	0.82024	22.0	-0.164738	1.0176	0.886599	23.0	0.310395	0.935618	0.778071	24.0	0.287676	0.940662	0.851886
34.484	0.0	-0.0191831	0.820601	0.912289	1.0	-0.0317079	0.70399	1.22049	2.0	-0.0358835	0.613312	1.51657	3.0	-0.0513062	0.582841	1.66865	4.0	-0.191047	0.730576	1.37946	5.0	-0.263571	0.88516	1.09706	6.0	-0.219907	1.03923	0.902022	7.0	-0.214579	1.05247	0.891687	8.0	0.144678	0.687225	1.37281	9.0	0.261383	0.763578	1.1145	10.0	0.324636	0.881315	0.900793	11.0	0.319155	0.926181	0.838229	12.0	-0.0797857	0.860008	0.911178	13.0	-0.0366262	0.748254	0.481571	14.0	-0.0408774	0.59693	0.10791	15.0	-0.0412547	0.690599	0.0461642	16.0	0.0829504	0.844826	0.916608	17.0	0.120754	1.16427	0.692657	18.0	0.114942	1.25459	0.257511	19.0	0.148551	1.39653	0.203301	20.0	-0.0371171	0.632137	1.4433	21.0	-0.20694	1.0852	0.814217	22.0	-0.155964	1.0233	0.899192	23.0	0.324551	0.949614	0.773401	24.0	0.286408	0.961343	0.830125
34.517	0.0	-0.0206936	0.839553	0.909123	1.0	-0.0295735	0.734649	1.21905	2.0	-0.0321624	0.636471	1.5188	3.0	-0.0475963	0.606502	1.67016	4.0	-0.188482	0.736759	1.38786	5.0	-0.261189	0.892872	1.09939	6.0	-0.213838	1.0604	0.916028	7.0	-0.210358	1.08086	0.880061	8.0	0.151372	0.701533	1.37589	9.0	0.270898	0.78561	1.10333	10.0	0.326681	0.914888	0.888822	11.0	0.320118	0.940431	0.834713	12.0	-0.0741114	0.903019	0.909841	13.0	-0.0651814	0.767783	0.471791	14.0	-0.0415579	0.60019	0.111824	15.0	-0.0296748	0.690544	0.0451912	16.0	0.0792247	0.850605	0.913574	17.0	0.121212	1.1646	0.697268	18.0	0.11452	1.24501	0.260464	19.0	0.141283	1.36423	0.175103	20.0	-0.0327089	0.659652	1.44521	21.0	-0.200837	1.10665	0.813229	22.0	-0.16187	1.07854	0.875026	23.0	0.3094	0.965517	0.759955	24.0	0.288612	0.967747	0.8451
34.55	0.0	0.00478442	0.897849	0.901314	1.0	-0.0119032	0.781763	1.21659	2.0	-0.0241001	0.671391	1.52078	3.0	-0.0379046	0.644274	1.67305	4.0	-0.180637	0.786614	1.38169	5.0	-0.255677	0.919227	1.09818	6.0	-0.21142	1.07947	0.907894	7.0	-0.204098	1.1031	0.875027	8.0	0.156821	0.752561	1.37254	9.0	0.26828	0.806936	1.10651	10.0	0.326563	0.922195	0.888869	11.0	0.320567	0.959554	0.829136	12.0	-0.048714	0.95054	0.891011	13.0	-0.0448439	0.770569	0.474254	14.0	-0.0352127	0.640883	0.182395	15.0	-0.00554297	0.775144	0.14135	16.0	0.101189	0.908497	0.916023	17.0	0.119863	1.21337	0.682387	18.0	0.115964	1.25976	0.241646	19.0	0.138465	1.37976	0.157227	20.0	-0.0226016	0.696169	1.44621	21.0	-0.193564	1.13873	0.813092	22.0	-0.162253	1.10059	0.845968	23.0	0.311057	0.984095	0.754336	24.0	0.287345	0.982135	0.843818
34.584	0.0	0.00256556	0.89946	0.897918	1.0	-0.0122942	0.790335	1.21474	2.0	-0.017729	0.707118	1.52343	3.0	-0.0328448	0.674962	1.67389	4.0	-0.183858	0.798365	1.38306	5.0	-0.256519	0.927693	1.11491	6.0	-0.2121	1.08376	0.921238	7.0	-0.200751	1.11654	0.882911	8.0	0.158712	0.771328	1.37569	9.0	0.273951	0.834921	1.10737	10.0	0.327082	0.943829	0.884639	11.0	0.32036	0.97847	0.822906	12.0	-0.0493639	0.951691	0.88931	13.0	-0.0444389	0.770486	0.473172	14.0	-0.0352068	0.641318	0.181069	15.0	-0.0300224	0.670783	0.0717306	16.0	0.0965875	0.910551	0.910317	17.0	0.120937	1.21833	0.681933	18.0	0.116879	1.26022	0.240879	19.0	0.136357	1.37362	0.150457	20.0	-0.0182536	0.724271	1.44707	21.0	-0.189352	1.14548	0.806235	22.0	-0.160835	1.10426	0.876595	23.0	0.305276	1.00335	0.740924	24.0	0.279527	0.991909	0.84104
34.617	0.0	0.00460571	0.953075	0.8995	1.0	-0.00422237	0.846343	1.21765	2.0	-0.00791375	0.747942	1.52467	3.0	-0.0235516	0.72681	1.67677	4.0	-0.177555	0.845246	1.38355	5.0	-0.25617	0.946892	1.12068	6.0	-0.206867	1.10004	0.925809	7.0	-0.194483	1.13879	0.8754	8.0	0.168272	0.81888	1.37497	9.0	0.279705	0.865508	1.10267	10.0	0.329584	0.967666	0.878352	11.0	0.320147	1.00367	0.811445	12.0	-0.0513353	1.00376	0.888676	13.0	-0.0432353	0.793608	0.488851	14.0	-0.033905	0.661925	0.197865	15.0	-0.00684725	0.797747	0.158749	16.0	0.104299	0.965141	0.914876	17.0	0.0844889	1.28748	0.685006	18.0	0.110996	1.26517	0.244451	19.0	0.135092	1.35411	0.137786	20.0	-0.00745128	0.773295	1.4494	21.0	-0.181741	1.1658	0.797188	22.0	-0.157745	1.11853	0.884709	23.0	0.309264	1.02433	0.736036	24.0	0.272415	1.00444	0.831231
34.65	0.0	0.0300348	0.966593	0.896593	1.0	0.0120937	0.867468	1.21742	2.0	0.00324855	0.787261	1.52744	3.0	-0.0172115	0.761488	1.67684	4.0	-0.173361	0.873323	1.38333	5.0	-0.250517	0.976126	1.12226	6.0	-0.199115	1.11999	0.921208	7.0	-0.188075	1.15644	0.865361	8.0	0.172928	0.85241	1.37472	9.0	0.285374	0.898103	1.09547	10.0	0.332571	0.997184	0.869361	11.0	0.322625	1.02603	0.807036	12.0	-0.0269372	1.01944	0.884481	13.0	-0.0346662	0.800153	0.491922	14.0	-0.023243	0.674956	0.197538	15.0	0.00200554	0.811841	0.16014	16.0	0.130572	0.976868	0.91337	17.0	0.0930329	1.29365	0.684753	18.0	0.113956	1.26164	0.244587	19.0	0.134567	1.34837	0.136555	20.0	0.00373418	0.802649	1.45112	21.0	-0.176417	1.18004	0.787634	22.0	-0.152409	1.08116	0.893778	23.0	0.313803	1.04163	0.729838	24.0	0.280452	1.03616	0.825285
34.684	0.0	0.0383553	0.989467	0.896727	1.0	0.0235787	0.910465	1.21955	2.0	0.0132149	0.838645	1.53113	3.0	-0.00346951	0.81732	1.68715	4.0	-0.169289	0.915888	1.38451	5.0	-0.2408	1.01437	1.11853	6.0	-0.192106	1.14134	0.906415	7.0	-0.177423	1.17683	0.855789	8.0	0.18395	0.879792	1.37696	9.0	0.290026	0.928734	1.09788	10.0	0.33508	1.02064	0.868608	11.0	0.323996	1.05256	0.798921	12.0	-0.0194507	1.04249	0.884577	13.0	-0.0314332	0.813063	0.499297	14.0	-0.0198791	0.686559	0.205171	15.0	0.00967628	0.823643	0.168951	16.0	0.13975	0.99928	0.91361	17.0	0.0983406	1.32683	0.685713	18.0	0.115219	1.26848	0.248564	19.0	0.135348	1.35002	0.138137	20.0	0.0147751	0.855224	1.45474	21.0	-0.164011	1.20217	0.778003	22.0	-0.13567	1.18147	0.815678	23.0	0.310239	1.06446	0.719203	24.0	0.280734	1.0624	0.815973
34.717	0.0	0.0353005	0.989768	0.894047	1.0	0.0228557	0.916536	1.21904	2.0	0.0205658	0.869386	1.53624	3.0	0.00560686	0.86439	1.69137	4.0	-0.162894	0.950437	1.39264	5.0	-0.234352	1.04026	1.11841	6.0	-0.186861	1.15505	0.899604	7.0	-0.171462	1.18847	0.849962	8.0	0.194358	0.914271	1.38207	9.0	0.294716	0.965016	1.10015	10.0	0.335443	1.04635	0.866537	11.0	0.325225	1.07535	0.796084	12.0	-0.0215305	1.04254	0.883458	13.0	-0.0314575	0.816815	0.495399	14.0	-0.0218487	0.680596	0.205646	15.0	0.00772527	0.818051	0.1702	16.0	0.135526	0.9999	0.908784	17.0	0.105449	1.3453	0.692333	18.0	0.117479	1.27291	0.257075	19.0	0.135117	1.34697	0.143598	20.0	0.0188934	0.876917	1.45769	21.0	-0.156495	1.20629	0.765961	22.0	-0.131214	1.12935	0.871843	23.0	0.312842	1.08795	0.717126	24.0	0.281486	1.0819	0.818417
34.75	0.0	0.0370029	0.994977	0.895541	1.0	0.0280507	0.95207	1.22616	2.0	0.0247567	0.922806	1.54473	3.0	0.0149041	0.912334	1.70032	4.0	-0.146875	0.99457	1.40849	5.0	-0.222768	1.07197	1.1194	6.0	-0.185073	1.19215	0.901661	7.0	-0.168435	1.20752	0.846752	8.0	0.204562	0.945173	1.39218	9.0	0.303342	1.00071	1.08778	10.0	0.337853	1.08981	0.849503	11.0	0.32763	1.10015	0.796556	12.0	-0.0198056	1.05063	0.887277	13.0	-0.0320594	0.833037	0.493885	14.0	-0.0193312	0.674079	0.216721	15.0	0.0144916	0.810987	0.18114	16.0	0.137261	1.00308	0.908907	17.0	0.120741	1.35504	0.695468	18.0	0.134416	1.26051	0.264849	19.0	0.13973	1.33401	0.152003	20.0	0.0245298	0.929687	1.46693	21.0	-0.148759	1.21957	0.764399	22.0	-0.125911	1.15241	0.877907	23.0	0.320512	1.10392	0.718552	24.0	0.291137	1.11956	0.81217
34.784	0.0	0.0654799	1.03838	0.912056	1.0	0.0456331	0.993443	1.23779	2.0	0.0330745	0.956755	1.55141	3.0	0.0223813	0.959879	1.70814	4.0	-0.142453	1.02792	1.41411	5.0	-0.211793	1.0998	1.12221	6.0	-0.183117	1.19862	0.89365	7.0	-0.160716	1.21744	0.845167	8.0	0.216562	0.986485	1.3962	9.0	0.305833	1.01809	1.09201	10.0	0.338416	1.10432	0.853838	11.0	0.329453	1.12687	0.80362	12.0	0.00280216	1.09732	0.904165	13.0	-0.0145543	0.866427	0.519923	14.0	-0.0332245	0.725191	0.23378	15.0	-0.00143683	0.862159	0.198285	16.0	0.171913	1.04225	0.924284	17.0	0.121596	1.39207	0.74775	18.0	0.134868	1.2798	0.321397	19.0	0.142718	1.33356	0.202112	20.0	0.0343553	0.962765	1.47421	21.0	-0.14561	1.23021	0.764948	22.0	-0.114476	1.17705	0.865063	23.0	0.32872	1.1373	0.729416	24.0	0.289482	1.14224	0.823433
34.817	0.0	0.0611539	1.10036	0.916549	1.0	0.050573	1.04674	1.24372	2.0	0.047172	1.00461	1.55873	3.0	0.0313033	1.01051	1.71398	4.0	-0.143	1.07797	1.41605	5.0	-0.211299	1.12488	1.13129	6.0	-0.176437	1.20714	0.897475	7.0	-0.151068	1.23345	0.844931	8.0	0.224854	1.02667	1.39155	9.0	0.306433	1.05552	1.11852	10.0	0.339899	1.13699	0.883785	11.0	0.331394	1.15338	0.814693	12.0	-0.0012909	1.15128	0.908582	13.0	-0.0313634	0.927766	0.520638	14.0	-0.0365288	0.64972	0.122712	15.0	-0.0341172	0.721267	0.0457612	16.0	0.168479	1.11144	0.928792	17.0	0.140223	1.23765	0.548127	18.0	0.13022	1.24672	0.146019	19.0	0.129678	1.35822	0.0791201	20.0	0.0467477	1.01317	1.48157	21.0	-0.131152	1.23347	0.761303	22.0	-0.100802	1.20233	0.872154	23.0	0.327962	1.16333	0.733838	24.0	0.290222	1.16905	0.83402
34.85	0.0	0.0646253	1.11307	0.91916	1.0	0.0543742	1.06978	1.24731	2.0	0.0511363	1.04108	1.56326	3.0	0.0408726	1.05147	1.72086	4.0	-0.135571	1.10683	1.42621	5.0	-0.208949	1.15372	1.13534	6.0	-0.170026	1.22624	0.899115	7.0	-0.146925	1.24763	0.851709	8.0	0.234196	1.05749	1.4009	9.0	0.307778	1.06768	1.12283	10.0	0.34117	1.14907	0.888017	11.0	0.329673	1.17819	0.82122	12.0	0.00285922	1.16549	0.911451	13.0	-0.00901973	0.924153	0.533508	14.0	-0.017962	0.763481	0.258024	15.0	0.0161154	0.900096	0.222253	16.0	0.171451	1.12267	0.931093	17.0	0.140886	1.23877	0.548551	18.0	0.13011	1.24683	0.144788	19.0	0.128859	1.35566	0.0780607	20.0	0.050676	1.046	1.48589	21.0	-0.132494	1.25643	0.76827	22.0	-0.144797	1.19157	0.864035	23.0	0.323934	1.18928	0.737843	24.0	0.292795	1.19875	0.839096
34.884	0.0	0.0657091	1.15054	0.91987	1.0	0.0588599	1.11398	1.2503	2.0	0.0595729	1.08651	1.56824	3.0	0.0517009	1.10228	1.72468	4.0	-0.123338	1.14601	1.43154	5.0	-0.205137	1.17507	1.13863	6.0	-0.167141	1.24375	0.901204	7.0	-0.141194	1.26483	0.835332	8.0	0.242796	1.09784	1.4093	9.0	0.313971	1.1004	1.12889	10.0	0.342554	1.17781	0.892261	11.0	0.329884	1.20413	0.826502	12.0	0.00431023	1.18924	0.914887	13.0	-0.00666057	0.942388	0.540768	14.0	-0.0123954	0.79693	0.256025	15.0	0.0213055	0.933398	0.220243	16.0	0.172535	1.17493	0.927779	17.0	0.144755	1.24169	0.549369	18.0	0.130373	1.24712	0.144733	19.0	0.129079	1.35189	0.0779769	20.0	0.058109	1.09168	1.49043	21.0	-0.126857	1.27258	0.767257	22.0	-0.120475	1.23626	0.824401	23.0	0.322902	1.21812	0.746182	24.0	0.293882	1.22841	0.844225
34.917	0.0	0.0482472	1.17189	0.917937	1.0	0.0542529	1.13785	1.24947	2.0	0.0687896	1.12296	1.5684	3.0	0.0589563	1.14326	1.72564	4.0	-0.117636	1.178	1.43037	5.0	-0.200384	1.20248	1.14257	6.0	-0.166283	1.26148	0.902371	7.0	-0.14173	1.28121	0.836469	8.0	0.247942	1.13115	1.41056	9.0	0.319404	1.12731	1.1303	10.0	0.346496	1.19943	0.892009	11.0	0.32781	1.23272	0.819146	12.0	-0.0148294	1.21089	0.915105	13.0	-0.0863124	1.1318	0.532323	14.0	-0.0409349	0.82349	0.230377	15.0	-0.0075755	0.959452	0.1945	16.0	0.158095	1.19355	0.924927	17.0	0.150444	1.24677	0.542451	18.0	0.130673	1.24738	0.144543	19.0	0.129845	1.34789	0.0775151	20.0	0.0631797	1.12386	1.49031	21.0	-0.127927	1.2913	0.769615	22.0	-0.0789334	1.27138	0.855525	23.0	0.322824	1.24414	0.743784	24.0	0.30292	1.2616	0.840448
34.95	0.0	0.0411907	1.18731	0.917775	1.0	0.0528275	1.16792	1.2495	2.0	0.0755501	1.16099	1.56873	3.0	0.0681098	1.18567	1.72722	4.0	-0.112996	1.20337	1.43228	5.0	-0.1967	1.21914	1.14109	6.0	-0.165113	1.27987	0.900993	7.0	-0.145056	1.29993	0.852271	8.0	0.254154	1.16843	1.41148	9.0	0.324438	1.15742	1.13695	10.0	0.349068	1.2265	0.897596	11.0	0.332103	1.24989	0.836787	12.0	-0.0215995	1.22411	0.916201	13.0	-0.0836357	1.15576	0.529492	14.0	-0.0337636	0.853522	0.221677	15.0	-0.00409271	0.989376	0.185218	16.0	0.150867	1.21142	0.923447	17.0	0.156774	1.25278	0.549503	18.0	0.131428	1.24762	0.145405	19.0	0.130597	1.34458	0.078383	20.0	0.0683581	1.16127	1.49062	21.0	-0.134195	1.30031	0.769866	22.0	-0.0790375	1.28413	0.873538	23.0	0.316876	1.26519	0.744865	24.0	0.29632	1.27576	0.853395
34.984	0.0	0.034021	1.20504	0.914216	1.0	0.0527471	1.19261	1.24732	2.0	0.0822538	1.19443	1.56825	3.0	0.0742681	1.22859	1.72398	4.0	-0.108053	1.23228	1.43473	5.0	-0.189896	1.24363	1.14118	6.0	-0.164879	1.29505	0.898653	7.0	-0.14778	1.31563	0.850677	8.0	0.259258	1.20168	1.40954	9.0	0.332497	1.18944	1.13585	10.0	0.350825	1.25492	0.895164	11.0	0.333896	1.27312	0.835411	12.0	-0.0278735	1.2403	0.913873	13.0	-0.0759763	1.19434	0.526411	14.0	-0.0221313	0.895583	0.215466	15.0	0.00628989	1.03103	0.178536	16.0	0.143262	1.22993	0.918904	17.0	0.161838	1.25733	0.546428	18.0	0.13323	1.24761	0.147983	19.0	0.130614	1.34186	0.0789374	20.0	0.073245	1.19159	1.4897	21.0	-0.140969	1.31458	0.766379	22.0	-0.106272	1.27775	0.855378	23.0	0.320401	1.28188	0.742256	24.0	0.297345	1.29625	0.854537
35.017	0.0	0.0284992	1.22417	0.912677	1.0	0.0532191	1.22004	1.24575	2.0	0.0882245	1.2282	1.56636	3.0	0.0794553	1.26232	1.72202	4.0	-0.101082	1.25964	1.43702	5.0	-0.18588	1.25893	1.1398	6.0	-0.165002	1.31419	0.897673	7.0	-0.152818	1.33294	0.846333	8.0	0.262132	1.23397	1.40993	9.0	0.337886	1.22427	1.13342	10.0	0.354156	1.28532	0.891567	11.0	0.337503	1.29982	0.827682	12.0	-0.0332065	1.25811	0.913021	13.0	-0.0695697	1.2239	0.529599	14.0	-0.00670108	0.930634	0.214426	15.0	0.0202411	1.06573	0.176932	16.0	0.137977	1.25006	0.916805	17.0	0.167231	1.26466	0.54477	18.0	0.13485	1.24819	0.152018	19.0	0.130708	1.34021	0.0792713	20.0	0.0780099	1.22444	1.48793	21.0	-0.14315	1.33583	0.767991	22.0	-0.0993454	1.29706	0.814616	23.0	0.323464	1.30698	0.739265	24.0	0.298872	1.31332	0.863013
35.05	0.0	0.0227019	1.24061	0.913241	1.0	0.0520841	1.23886	1.24636	2.0	0.0907553	1.24938	1.56688	3.0	0.0830562	1.29339	1.7223	4.0	-0.100603	1.28002	1.43782	5.0	-0.186237	1.27262	1.13871	6.0	-0.167105	1.32774	0.896393	7.0	-0.157015	1.3437	0.844879	8.0	0.264373	1.25917	1.41099	9.0	0.340019	1.25467	1.12872	10.0	0.356526	1.30583	0.884898	11.0	0.342153	1.32278	0.820404	12.0	-0.0384573	1.27224	0.915296	13.0	-0.0670706	1.25197	0.530182	14.0	0.00305828	0.953128	0.221581	15.0	0.0285091	1.08814	0.183831	16.0	0.131972	1.26878	0.915472	17.0	0.167607	1.26709	0.544468	18.0	0.135571	1.24878	0.154223	19.0	0.130333	1.33873	0.0795185	20.0	0.0796354	1.24474	1.4885	21.0	-0.129336	1.34302	0.757071	22.0	-0.0895162	1.33005	0.851765	23.0	0.327656	1.31875	0.732129	24.0	0.301955	1.3381	0.848801
35.084	0.0	0.0186028	1.25687	0.913572	1.0	0.0514858	1.26258	1.24661	2.0	0.0940841	1.28118	1.56688	3.0	0.0842296	1.3238	1.72189	4.0	-0.0978519	1.30393	1.43981	5.0	-0.186877	1.28604	1.1424	6.0	-0.170499	1.33996	0.899637	7.0	-0.157745	1.35511	0.844431	8.0	0.265584	1.28724	1.41158	9.0	0.344504	1.2837	1.12806	10.0	0.360007	1.33507	0.884103	11.0	0.347963	1.34937	0.813247	12.0	-0.0423286	1.2881	0.916819	13.0	-0.0613127	1.28762	0.534138	14.0	-0.0494523	1.16709	0.236008	15.0	-0.0315593	1.27339	0.348053	16.0	0.1281	1.28482	0.914765	17.0	0.167271	1.27253	0.54038	18.0	0.135509	1.24879	0.15425	19.0	0.129192	1.33419	0.078192	20.0	0.0819408	1.27456	1.48859	21.0	-0.117643	1.35469	0.750247	22.0	-0.102674	1.33714	0.884298	23.0	0.332525	1.33914	0.726093	24.0	0.307836	1.36651	0.836722
35.117	0.0	0.0163448	1.27825	0.914956	1.0	0.0519941	1.28627	1.24742	2.0	0.0964263	1.30515	1.56702	3.0	0.0869642	1.35411	1.72141	4.0	-0.0972411	1.32706	1.44145	5.0	-0.188366	1.30149	1.14255	6.0	-0.174565	1.35471	0.899488	7.0	-0.16258	1.36681	0.845946	8.0	0.267196	1.31505	1.41221	9.0	0.345247	1.31356	1.13119	10.0	0.36214	1.36746	0.882642	11.0	0.353401	1.37813	0.811305	12.0	-0.0441144	1.30793	0.919142	13.0	-0.0600474	1.3164	0.5391	14.0	-0.0460474	1.13788	0.264949	15.0	-0.0465576	1.14486	0.145508	16.0	0.1258	1.30748	0.915209	17.0	0.163492	1.27912	0.534085	18.0	0.129137	1.24539	0.14954	19.0	0.129158	1.33327	0.0783344	20.0	0.0838991	1.29858	1.48892	21.0	-0.139095	1.37156	0.76324	22.0	-0.0928019	1.37122	0.857579	23.0	0.341548	1.37124	0.728218	24.0	0.306447	1.39203	0.802308
35.15	0.0	0.0139837	1.29784	0.915878	1.0	0.0519953	1.30876	1.24749	2.0	0.0987867	1.33148	1.56611	3.0	0.0892294	1.37931	1.72036	4.0	-0.0966309	1.34887	1.44448	5.0	-0.190836	1.31695	1.1459	6.0	-0.180266	1.36753	0.902213	7.0	-0.16862	1.37714	0.852376	8.0	0.267152	1.33826	1.41222	9.0	0.346784	1.33716	1.13266	10.0	0.362179	1.39301	0.883901	11.0	0.355125	1.40952	0.808755	12.0	-0.0469075	1.32707	0.921095	13.0	-0.0592323	1.34759	0.536457	14.0	-0.0150006	1.17343	0.150129	15.0	-0.0188012	1.23933	0.0671382	16.0	0.124309	1.32716	0.91515	17.0	0.163515	1.28479	0.52779	18.0	0.11075	1.23951	0.143097	19.0	0.128456	1.33124	0.0781986	20.0	0.085645	1.32388	1.48828	21.0	-0.15687	1.38301	0.772737	22.0	-0.0962598	1.39515	0.855831	23.0	0.346266	1.40246	0.727331	24.0	0.309341	1.41956	0.835975
